[Licensing::Module] Trying to connect to existing licensing client channel...
[Licensing::IpcConnector] Successfully connected to: "LicenseClient-slimboiliu" at "2026-06-06T05:03:09.8350439Z"
[Licensing::Client] Code 1 while verifying Licensing Client signature (process Id: 34696, path: "F:/Unity Hub/UnityLicensingClient_V1/Unity.Licensing.Client.exe")
[Licensing::Module] LicensingClient has failed validation; ignoring
[Licensing::Client] Error: HandshakeResponse reported an error:
	ResponseCode: 505
	ResponseStatus: Unsupported protocol version '1.16.2'.
[Licensing::Module] Error: Failed to handshake to channel: "LicenseClient-slimboiliu"
[Licensing::IpcConnector] LicenseClient-slimboiliu channel disconnected successfully.
[Licensing::IpcConnector] Successfully connected to: "LicenseClient-slimboiliu-2022.3.62" at "2026-06-06T05:03:09.8501106Z"
[Licensing::Client] Code 10 while verifying Licensing Client signature (process Id: 43144, path: "F:/Unity2022.3.62f3f1/2022.3.62f3c1/Editor/Data/Resources/Licensing/Client/Unity.Licensing.Client.exe")
[Licensing::Module] LicensingClient has failed validation; ignoring
[Licensing::Client] Handshaking with LicensingClient:
  Version:                 1.16.2+bdef8f5
  Session Id:              e757eaf0f3ca4a28a272e3d149712def
  Correlation Id:          f56575eae872852dcbc52f3ccde3164e
  External correlation Id: 890101767268373199
  Machine Id:              vGqyGbQDthZLRwmzB3nDTi4wUS0=
[Licensing::Module] Successfully connected to LicensingClient on channel: "LicenseClient-slimboiliu-2022.3.62" (connect: 0.00s, validation: 0.01s, handshake: 0.09s)
[Licensing::IpcConnector] Successfully connected to: "LicenseClient-slimboiliu-2022.3.62-notifications" at "2026-06-06T05:03:09.9524197Z"
[Licensing::Module] Error: Access token is unavailable; failed to update
[Licensing::Client] Successfully updated license
Built from '2022.3/china_unity/release' branch; Version is '2022.3.62f3c1 (1623fc0bbb97) revision 1451004'; Using compiler version '192829333'; Build Type 'Release'
OS: 'Windows 11  (10.0.26200) 64bit Professional' Language: 'zh' Physical Memory: 64875 MB
[Licensing::Client] Successfully resolved entitlement details
[Licensing::Module] Serial number assigned to: "F4-RT3C-MEDS-GNGG-RY3T-XXXX"
BatchMode: 1, IsHumanControllingUs: 0, StartBugReporterOnCrash: 0, Is64bit: 1, IsPro: 0
[Licensing::Client] Successfully resolved entitlement details

COMMAND LINE ARGUMENTS:
F:\Unity2022.3.62f3f1\2022.3.62f3c1\Editor\Unity.exe
-batchmode
-quit
-projectPath
C:\Users\slimboiliu\PartyBlock-Stable-WebGLBuild
-executeMethod
StableWechatMiniGameExporter.Export
-logFile
C:\Users\slimboiliu\BlockTheEvil\Deploy\PartyBlock-WeChatMiniGame-export.log
Successfully changed project path to: C:\Users\slimboiliu\PartyBlock-Stable-WebGLBuild
C:/Users/slimboiliu/PartyBlock-Stable-WebGLBuild
[UnityMemory] Configuration Parameters - Can be set up in boot.config
    "memorysetup-bucket-allocator-granularity=16"
    "memorysetup-bucket-allocator-bucket-count=8"
    "memorysetup-bucket-allocator-block-size=33554432"
    "memorysetup-bucket-allocator-block-count=8"
    "memorysetup-main-allocator-block-size=16777216"
    "memorysetup-thread-allocator-block-size=16777216"
    "memorysetup-gfx-main-allocator-block-size=16777216"
    "memorysetup-gfx-thread-allocator-block-size=16777216"
    "memorysetup-cache-allocator-block-size=4194304"
    "memorysetup-typetree-allocator-block-size=2097152"
    "memorysetup-profiler-bucket-allocator-granularity=16"
    "memorysetup-profiler-bucket-allocator-bucket-count=8"
    "memorysetup-profiler-bucket-allocator-block-size=33554432"
    "memorysetup-profiler-bucket-allocator-block-count=8"
    "memorysetup-profiler-allocator-block-size=16777216"
    "memorysetup-profiler-editor-allocator-block-size=1048576"
    "memorysetup-temp-allocator-size-main=16777216"
    "memorysetup-job-temp-allocator-block-size=2097152"
    "memorysetup-job-temp-allocator-block-size-background=1048576"
    "memorysetup-job-temp-allocator-reduction-small-platforms=262144"
    "memorysetup-allocator-temp-initial-block-size-main=262144"
    "memorysetup-allocator-temp-initial-block-size-worker=262144"
    "memorysetup-temp-allocator-size-background-worker=32768"
    "memorysetup-temp-allocator-size-job-worker=262144"
    "memorysetup-temp-allocator-size-preload-manager=33554432"
    "memorysetup-temp-allocator-size-nav-mesh-worker=65536"
    "memorysetup-temp-allocator-size-audio-worker=65536"
    "memorysetup-temp-allocator-size-cloud-worker=32768"
    "memorysetup-temp-allocator-size-gi-baking-worker=262144"
    "memorysetup-temp-allocator-size-gfx=262144"
Player connection [37000]  Target information:

Player connection [37000]  * "[IP] 10.83.65.17 [Port] 55505 [Flags] 2 [Guid] 2033828757 [EditorId] 2033828757 [Version] 1048832 [Id] WindowsEditor(7,SLIMBOILIU-PC0) [Debug] 1 [PackageName] WindowsEditor [ProjectName] Editor" 

Player connection [37000] Host joined multi-casting on [225.0.0.222:54997]...
Player connection [37000] Host joined alternative multi-casting on [225.0.0.222:34997]...
Input System module state changed to: Initialized.
[PhysX] Initialized MultithreadedTaskDispatcher with 16 workers.
[Package Manager] UpmClient::Connect -- Connected to IPC stream "Upm-80028" after 0.8 seconds.
[Package Manager] Restoring resolved packages state from cache
[Licensing::Client] Successfully resolved entitlement details
[Package Manager] Registered 61 packages:
  Packages from [https://packages.unity.cn]:
    com.unity.collab-proxy@2.7.1 (location: C:\Users\slimboiliu\PartyBlock-Stable-WebGLBuild\Library\PackageCache\com.unity.collab-proxy@2.7.1)
    com.unity.ide.rider@3.0.36 (location: C:\Users\slimboiliu\PartyBlock-Stable-WebGLBuild\Library\PackageCache\com.unity.ide.rider@3.0.36)
    com.unity.ide.visualstudio@2.0.22 (location: C:\Users\slimboiliu\PartyBlock-Stable-WebGLBuild\Library\PackageCache\com.unity.ide.visualstudio@2.0.22)
    com.unity.ide.vscode@1.2.5 (location: C:\Users\slimboiliu\PartyBlock-Stable-WebGLBuild\Library\PackageCache\com.unity.ide.vscode@1.2.5)
    com.unity.memoryprofiler@1.1.9 (location: C:\Users\slimboiliu\PartyBlock-Stable-WebGLBuild\Library\PackageCache\com.unity.memoryprofiler@1.1.9)
    com.unity.nuget.newtonsoft-json@3.2.1 (location: C:\Users\slimboiliu\PartyBlock-Stable-WebGLBuild\Library\PackageCache\com.unity.nuget.newtonsoft-json@3.2.1)
    com.unity.scriptablebuildpipeline@1.21.25 (location: C:\Users\slimboiliu\PartyBlock-Stable-WebGLBuild\Library\PackageCache\com.unity.scriptablebuildpipeline@1.21.25)
    com.unity.test-framework@1.1.33 (location: C:\Users\slimboiliu\PartyBlock-Stable-WebGLBuild\Library\PackageCache\com.unity.test-framework@1.1.33)
    com.unity.textmeshpro@3.0.9 (location: C:\Users\slimboiliu\PartyBlock-Stable-WebGLBuild\Library\PackageCache\com.unity.textmeshpro@3.0.9)
    com.unity.timeline@1.7.7 (location: C:\Users\slimboiliu\PartyBlock-Stable-WebGLBuild\Library\PackageCache\com.unity.timeline@1.7.7)
    com.unity.visualscripting@1.9.4 (location: C:\Users\slimboiliu\PartyBlock-Stable-WebGLBuild\Library\PackageCache\com.unity.visualscripting@1.9.4)
    com.unity.ext.nunit@1.0.6 (location: C:\Users\slimboiliu\PartyBlock-Stable-WebGLBuild\Library\PackageCache\com.unity.ext.nunit@1.0.6)
    com.unity.mathematics@1.2.6 (location: C:\Users\slimboiliu\PartyBlock-Stable-WebGLBuild\Library\PackageCache\com.unity.mathematics@1.2.6)
    com.unity.burst@1.8.21 (location: C:\Users\slimboiliu\PartyBlock-Stable-WebGLBuild\Library\PackageCache\com.unity.burst@1.8.21)
    com.unity.collections@1.2.4 (location: C:\Users\slimboiliu\PartyBlock-Stable-WebGLBuild\Library\PackageCache\com.unity.collections@1.2.4)
    com.unity.profiling.core@1.0.2 (location: C:\Users\slimboiliu\PartyBlock-Stable-WebGLBuild\Library\PackageCache\com.unity.profiling.core@1.0.2)
    com.unity.editorcoroutines@1.0.0 (location: C:\Users\slimboiliu\PartyBlock-Stable-WebGLBuild\Library\PackageCache\com.unity.editorcoroutines@1.0.0)
    com.unity.performance.profile-analyzer@1.2.3 (location: C:\Users\slimboiliu\PartyBlock-Stable-WebGLBuild\Library\PackageCache\com.unity.performance.profile-analyzer@1.2.3)
    com.unity.testtools.codecoverage@1.2.6 (location: C:\Users\slimboiliu\PartyBlock-Stable-WebGLBuild\Library\PackageCache\com.unity.testtools.codecoverage@1.2.6)
    com.unity.searcher@4.9.2 (location: C:\Users\slimboiliu\PartyBlock-Stable-WebGLBuild\Library\PackageCache\com.unity.searcher@4.9.2)
    com.unity.settings-manager@2.1.0 (location: C:\Users\slimboiliu\PartyBlock-Stable-WebGLBuild\Library\PackageCache\com.unity.settings-manager@2.1.0)
  Built-in packages:
    com.unity.2d.sprite@1.0.0 (location: C:\Users\slimboiliu\PartyBlock-Stable-WebGLBuild\Library\PackageCache\com.unity.2d.sprite@1.0.0)
    com.unity.feature.development@1.0.1 (location: C:\Users\slimboiliu\PartyBlock-Stable-WebGLBuild\Library\PackageCache\com.unity.feature.development@1.0.1)
    com.unity.render-pipelines.universal@14.0.12 (location: C:\Users\slimboiliu\PartyBlock-Stable-WebGLBuild\Library\PackageCache\com.unity.render-pipelines.universal@14.0.12)
    com.unity.ugui@1.0.0 (location: C:\Users\slimboiliu\PartyBlock-Stable-WebGLBuild\Library\PackageCache\com.unity.ugui@1.0.0)
    com.unity.modules.ai@1.0.0 (location: C:\Users\slimboiliu\PartyBlock-Stable-WebGLBuild\Library\PackageCache\com.unity.modules.ai@1.0.0)
    com.unity.modules.androidjni@1.0.0 (location: C:\Users\slimboiliu\PartyBlock-Stable-WebGLBuild\Library\PackageCache\com.unity.modules.androidjni@1.0.0)
    com.unity.modules.animation@1.0.0 (location: C:\Users\slimboiliu\PartyBlock-Stable-WebGLBuild\Library\PackageCache\com.unity.modules.animation@1.0.0)
    com.unity.modules.assetbundle@1.0.0 (location: C:\Users\slimboiliu\PartyBlock-Stable-WebGLBuild\Library\PackageCache\com.unity.modules.assetbundle@1.0.0)
    com.unity.modules.audio@1.0.0 (location: C:\Users\slimboiliu\PartyBlock-Stable-WebGLBuild\Library\PackageCache\com.unity.modules.audio@1.0.0)
    com.unity.modules.cloth@1.0.0 (location: C:\Users\slimboiliu\PartyBlock-Stable-WebGLBuild\Library\PackageCache\com.unity.modules.cloth@1.0.0)
    com.unity.modules.director@1.0.0 (location: C:\Users\slimboiliu\PartyBlock-Stable-WebGLBuild\Library\PackageCache\com.unity.modules.director@1.0.0)
    com.unity.modules.imageconversion@1.0.0 (location: C:\Users\slimboiliu\PartyBlock-Stable-WebGLBuild\Library\PackageCache\com.unity.modules.imageconversion@1.0.0)
    com.unity.modules.imgui@1.0.0 (location: C:\Users\slimboiliu\PartyBlock-Stable-WebGLBuild\Library\PackageCache\com.unity.modules.imgui@1.0.0)
    com.unity.modules.jsonserialize@1.0.0 (location: C:\Users\slimboiliu\PartyBlock-Stable-WebGLBuild\Library\PackageCache\com.unity.modules.jsonserialize@1.0.0)
    com.unity.modules.particlesystem@1.0.0 (location: C:\Users\slimboiliu\PartyBlock-Stable-WebGLBuild\Library\PackageCache\com.unity.modules.particlesystem@1.0.0)
    com.unity.modules.physics@1.0.0 (location: C:\Users\slimboiliu\PartyBlock-Stable-WebGLBuild\Library\PackageCache\com.unity.modules.physics@1.0.0)
    com.unity.modules.physics2d@1.0.0 (location: C:\Users\slimboiliu\PartyBlock-Stable-WebGLBuild\Library\PackageCache\com.unity.modules.physics2d@1.0.0)
    com.unity.modules.screencapture@1.0.0 (location: C:\Users\slimboiliu\PartyBlock-Stable-WebGLBuild\Library\PackageCache\com.unity.modules.screencapture@1.0.0)
    com.unity.modules.terrain@1.0.0 (location: C:\Users\slimboiliu\PartyBlock-Stable-WebGLBuild\Library\PackageCache\com.unity.modules.terrain@1.0.0)
    com.unity.modules.terrainphysics@1.0.0 (location: C:\Users\slimboiliu\PartyBlock-Stable-WebGLBuild\Library\PackageCache\com.unity.modules.terrainphysics@1.0.0)
    com.unity.modules.tilemap@1.0.0 (location: C:\Users\slimboiliu\PartyBlock-Stable-WebGLBuild\Library\PackageCache\com.unity.modules.tilemap@1.0.0)
    com.unity.modules.ui@1.0.0 (location: C:\Users\slimboiliu\PartyBlock-Stable-WebGLBuild\Library\PackageCache\com.unity.modules.ui@1.0.0)
    com.unity.modules.uielements@1.0.0 (location: C:\Users\slimboiliu\PartyBlock-Stable-WebGLBuild\Library\PackageCache\com.unity.modules.uielements@1.0.0)
    com.unity.modules.umbra@1.0.0 (location: C:\Users\slimboiliu\PartyBlock-Stable-WebGLBuild\Library\PackageCache\com.unity.modules.umbra@1.0.0)
    com.unity.modules.unityanalytics@1.0.0 (location: C:\Users\slimboiliu\PartyBlock-Stable-WebGLBuild\Library\PackageCache\com.unity.modules.unityanalytics@1.0.0)
    com.unity.modules.unitywebrequest@1.0.0 (location: C:\Users\slimboiliu\PartyBlock-Stable-WebGLBuild\Library\PackageCache\com.unity.modules.unitywebrequest@1.0.0)
    com.unity.modules.unitywebrequestassetbundle@1.0.0 (location: C:\Users\slimboiliu\PartyBlock-Stable-WebGLBuild\Library\PackageCache\com.unity.modules.unitywebrequestassetbundle@1.0.0)
    com.unity.modules.unitywebrequestaudio@1.0.0 (location: C:\Users\slimboiliu\PartyBlock-Stable-WebGLBuild\Library\PackageCache\com.unity.modules.unitywebrequestaudio@1.0.0)
    com.unity.modules.unitywebrequesttexture@1.0.0 (location: C:\Users\slimboiliu\PartyBlock-Stable-WebGLBuild\Library\PackageCache\com.unity.modules.unitywebrequesttexture@1.0.0)
    com.unity.modules.unitywebrequestwww@1.0.0 (location: C:\Users\slimboiliu\PartyBlock-Stable-WebGLBuild\Library\PackageCache\com.unity.modules.unitywebrequestwww@1.0.0)
    com.unity.modules.vehicles@1.0.0 (location: C:\Users\slimboiliu\PartyBlock-Stable-WebGLBuild\Library\PackageCache\com.unity.modules.vehicles@1.0.0)
    com.unity.modules.video@1.0.0 (location: C:\Users\slimboiliu\PartyBlock-Stable-WebGLBuild\Library\PackageCache\com.unity.modules.video@1.0.0)
    com.unity.modules.vr@1.0.0 (location: C:\Users\slimboiliu\PartyBlock-Stable-WebGLBuild\Library\PackageCache\com.unity.modules.vr@1.0.0)
    com.unity.modules.wind@1.0.0 (location: C:\Users\slimboiliu\PartyBlock-Stable-WebGLBuild\Library\PackageCache\com.unity.modules.wind@1.0.0)
    com.unity.modules.xr@1.0.0 (location: C:\Users\slimboiliu\PartyBlock-Stable-WebGLBuild\Library\PackageCache\com.unity.modules.xr@1.0.0)
    com.unity.modules.subsystems@1.0.0 (location: C:\Users\slimboiliu\PartyBlock-Stable-WebGLBuild\Library\PackageCache\com.unity.modules.subsystems@1.0.0)
    com.unity.render-pipelines.core@14.0.12 (location: C:\Users\slimboiliu\PartyBlock-Stable-WebGLBuild\Library\PackageCache\com.unity.render-pipelines.core@14.0.12)
    com.unity.shadergraph@14.0.12 (location: C:\Users\slimboiliu\PartyBlock-Stable-WebGLBuild\Library\PackageCache\com.unity.shadergraph@14.0.12)
    com.unity.render-pipelines.universal-config@14.0.10 (location: C:\Users\slimboiliu\PartyBlock-Stable-WebGLBuild\Library\PackageCache\com.unity.render-pipelines.universal-config@14.0.10)
  Embedded packages:
    com.unity.cinemachine@file:C:\Users\slimboiliu\PartyBlock-Stable-WebGLBuild\Packages\com.unity.cinemachine@2.8.4 (location: C:\Users\slimboiliu\PartyBlock-Stable-WebGLBuild\Packages\com.unity.cinemachine@2.8.4)
[Subsystems] No new subsystems found in resolved package list.
Package Manager log level set to [2]
[Package Manager] Done registering packages in 0.25 seconds
Refreshing native plugins compatible for Editor in 178.08 ms, found 12 plugins.
Preloading 0 native plugins for Editor in 0.00 ms.
Initialize engine version: 2022.3.62f3c1 (1623fc0bbb97)
[Subsystems] Discovering subsystems at path F:/Unity2022.3.62f3f1/2022.3.62f3c1/Editor/Data/Resources/UnitySubsystems
[Subsystems] Discovering subsystems at path C:/Users/slimboiliu/PartyBlock-Stable-WebGLBuild/Assets
GfxDevice: creating device client; threaded=0; jobified=0
Direct3D:
    Version:  Direct3D 11.0 [level 11.1]
    Renderer: NVIDIA GeForce RTX 3060 (ID=0x2504)
    Vendor:   NVIDIA
    VRAM:     12115 MB
    Driver:   32.0.15.8132
[Licensing::Client] Successfully resolved entitlement details
Initialize mono
Mono path[0] = 'F:/Unity2022.3.62f3f1/2022.3.62f3c1/Editor/Data/Managed'
Mono path[1] = 'F:/Unity2022.3.62f3f1/2022.3.62f3c1/Editor/Data/MonoBleedingEdge/lib/mono/unityjit-win32'
Mono config path = 'F:/Unity2022.3.62f3f1/2022.3.62f3c1/Editor/Data/MonoBleedingEdge/etc'
Using monoOptions --debugger-agent=transport=dt_socket,embedding=1,server=y,suspend=n,address=127.0.0.1:56028
Using cacheserver namespaces - metadata:defaultmetadata, artifacts:defaultartifacts
Using cacheserver namespaces - metadata:defaultmetadata, artifacts:defaultartifacts
ImportWorker Server TCP listen port: 0
Begin MonoManager ReloadAssembly
Registering precompiled unity dll's ...
Register platform support module: F:/Unity2022.3.62f3f1/2022.3.62f3c1/Editor/Data/PlaybackEngines/WebGLSupport/UnityEditor.WebGL.Extensions.dll
Register platform support module: F:/Unity2022.3.62f3f1/2022.3.62f3c1/Editor/Data/PlaybackEngines/WindowsStandaloneSupport/UnityEditor.WindowsStandalone.Extensions.dll
Registered in 0.006738 seconds.
- Loaded All Assemblies, in  0.515 seconds
Native extension for WindowsStandalone target not found
Native extension for WebGL target not found
Mono: successfully reloaded assembly
- Finished resetting the current domain, in  0.428 seconds
Domain Reload Profiling: 943ms
	BeginReloadAssembly (169ms)
		ExecutionOrderSort (0ms)
		DisableScriptedObjects (0ms)
		BackupInstance (0ms)
		ReleaseScriptingObjects (0ms)
		CreateAndSetChildDomain (1ms)
	RebuildCommonClasses (51ms)
	RebuildNativeTypeToScriptingClass (15ms)
	initialDomainReloadingComplete (80ms)
	LoadAllAssembliesAndSetupDomain (198ms)
		LoadAssemblies (169ms)
		RebuildTransferFunctionScriptingTraits (0ms)
		AnalyzeDomain (194ms)
			TypeCache.Refresh (192ms)
				TypeCache.ScanAssembly (172ms)
			ScanForSourceGeneratedMonoScriptInfo (1ms)
			ResolveRequiredComponents (1ms)
	FinalizeReload (429ms)
		ReleaseScriptCaches (0ms)
		RebuildScriptCaches (0ms)
		SetupLoadedEditorAssemblies (349ms)
			LogAssemblyErrors (0ms)
			InitializePlatformSupportModulesInManaged (15ms)
			SetLoadedEditorAssemblies (11ms)
			RefreshPlugins (0ms)
			BeforeProcessingInitializeOnLoad (4ms)
			ProcessInitializeOnLoadAttributes (245ms)
			ProcessInitializeOnLoadMethodAttributes (73ms)
			AfterProcessingInitializeOnLoad (0ms)
			EditorAssembliesLoaded (0ms)
		ExecutionOrderSort2 (0ms)
		AwakeInstancesAfterBackupRestoration (0ms)
[Licensing::Client] Successfully resolved entitlement details
Application.AssetDatabase Initial Refresh Start
Duplicate assembly 'Newtonsoft.Json.dll' with different versions detected, using 'Packages/com.unity.nuget.newtonsoft-json/Runtime/Newtonsoft.Json.dll, AssemblyName=Newtonsoft.Json, Version=13.0.0.0, Culture=neutral, PublicKeyToken=30ad4fe6b2a6aeed' and ignoring 'Assets/Plugins/Newtonsoft.Json.dll, AssemblyName=Newtonsoft.Json, Version=6.0.0.0, Culture=neutral, PublicKeyToken=30ad4fe6b2a6aeed'.Starting: F:\Unity2022.3.62f3f1\2022.3.62f3c1\Editor\Data\bee_backend.exe --ipc --defer-dag-verification --dagfile="Library/Bee/2000b0aE.dag" --continue-on-failure --profile="Library/Bee/backend1.traceevents" ScriptAssemblies
WorkingDir: C:/Users/slimboiliu/PartyBlock-Stable-WebGLBuild
ExitCode: 4 Duration: 0s182ms
[             ] Require frontend run.  Library/Bee/2000b0aE.dag couldn't be loaded
DisplayProgressbar: Compiling Scripts
Starting: F:\Unity2022.3.62f3f1\2022.3.62f3c1\Editor\Data\Tools\netcorerun\netcorerun.exe "F:\Unity2022.3.62f3f1\2022.3.62f3c1\Editor\Data\Tools\BuildPipeline\ScriptCompilationBuildProgram.exe" "Library/Bee/2000b0aE.dag.json" "Library/Bee/2000b0aE-inputdata.json" "Library\Bee\buildprogram0.traceevents"
WorkingDir: C:/Users/slimboiliu/PartyBlock-Stable-WebGLBuild
ExitCode: 0 Duration: 1s117ms
Starting: F:\Unity2022.3.62f3f1\2022.3.62f3c1\Editor\Data\bee_backend.exe --ipc --defer-dag-verification --dagfile="Library/Bee/2000b0aE.dag" --continue-on-failure --dagfilejson="Library\Bee\2000b0aE.dag.json" --profile="Library/Bee/backend2.traceevents" ScriptAssemblies
WorkingDir: C:/Users/slimboiliu/PartyBlock-Stable-WebGLBuild
TcpProtobufSession - receive error
TcpProtobufClient - Transport error errorcode: 2, details: 系统找不到指定的文件。

TcpProtobufSession - receive error
TcpProtobufClient - Transport error errorcode: 2, details: 系统找不到指定的文件。

TcpProtobufSession - receive error
TcpProtobufClient - Transport error errorcode: 2, details: 系统找不到指定的文件。

ExitCode: 0 Duration: 23s
Finished compiling graph: 930 nodes, 13926 flattened edges (11062 ToBuild, 156 ToUse), maximum node priority 930
[ 97/926    0s] WriteText Library/Bee/artifacts/2000b0aE.dag/UnityEngine.UI.UnityAdditionalFile.txt
[ 98/926    0s] WriteText Library/Bee/artifacts/2000b0aE.dag/UnityEngine.UI.rsp2
[ 99/926    0s] WriteText Library/Bee/artifacts/2000b0aE.dag/UnityEditor.UI.rsp
[100/926    0s] WriteText Library/Bee/artifacts/2000b0aE.dag/UnityEngine.TestRunner.dll.mvfrm.rsp
[102/926    0s] WriteText Library/Bee/artifacts/2000b0aE.dag/UnityEditor.TestRunner.UnityAdditionalFile.txt
[103/926    0s] WriteText Library/Bee/artifacts/2000b0aE.dag/UnityEditor.TestRunner.rsp2
[104/926    0s] WriteText Library/Bee/artifacts/2000b0aE.dag/UnityEngine.TestRunner.rsp
[105/926    0s] WriteText Library/Bee/artifacts/2000b0aE.dag/UnityEngine.UI.dll.mvfrm.rsp
[106/926    0s] WriteText Library/Bee/artifacts/2000b0aE.dag/UnityEditor.UI.UnityAdditionalFile.txt
[107/926    0s] WriteText Library/Bee/artifacts/2000b0aE.dag/UnityEditor.TestRunner.dll.mvfrm.rsp
[108/926    0s] WriteText Library/Bee/artifacts/2000b0aE.dag/UnityEditor.TestRunner.rsp
[109/926    0s] WriteText Library/Bee/artifacts/2000b0aE.dag/UnityEditor.UI.rsp2
[110/926    0s] WriteText Library/Bee/artifacts/2000b0aE.dag/UnityEditor.UI.dll.mvfrm.rsp
[111/926    0s] WriteText Library/Bee/artifacts/2000b0aE.dag/UnityEngine.UI.rsp
[112/926    0s] WriteText Library/Bee/artifacts/2000b0aE.dag/UnityEngine.TestRunner.UnityAdditionalFile.txt
[118/926    0s] WriteText Library/Bee/artifacts/2000b0aE.dag/UnityEngine.TestRunner.rsp2
[119/926    0s] WriteText Library/Bee/artifacts/2000b0aE.dag/Unity.Burst.UnityAdditionalFile.txt
[120/926    0s] WriteText Library/Bee/artifacts/2000b0aE.dag/Unity.Burst.CodeGen.rsp2
[121/926    0s] WriteText Library/Bee/artifacts/2000b0aE.dag/Unity.Burst.rsp2
[122/926    0s] WriteText Library/Bee/artifacts/2000b0aE.dag/Unity.Burst.CodeGen.UnityAdditionalFile.txt
[123/926    0s] WriteText Library/Bee/artifacts/2000b0aE.dag/Unity.RenderPipelines.Core.Runtime.rsp2
[124/926    0s] WriteText Library/Bee/artifacts/2000b0aE.dag/Unity.VisualScripting.Core.UnityAdditionalFile.txt
[125/926    0s] WriteText Library/Bee/artifacts/2000b0aE.dag/Unity.Burst.CodeGen.rsp
[126/926    0s] WriteText Library/Bee/artifacts/2000b0aE.dag/Unity.Burst.CodeGen.dll.mvfrm.rsp
[127/926    0s] WriteText Library/Bee/artifacts/2000b0aE.dag/Unity.RenderPipelines.Core.Runtime.UnityAdditionalFile.txt
[128/926    0s] WriteText Library/Bee/artifacts/2000b0aE.dag/Unity.VisualScripting.Core.rsp2
[129/926    0s] WriteText Library/Bee/artifacts/2000b0aE.dag/Unity.Burst.rsp
[130/926    0s] WriteText Library/Bee/artifacts/2000b0aE.dag/Unity.RenderPipelines.Core.Runtime.dll.mvfrm.rsp
[131/926    0s] WriteText Library/Bee/artifacts/2000b0aE.dag/Unity.Burst.dll.mvfrm.rsp
[132/926    0s] WriteText Library/Bee/artifacts/2000b0aE.dag/Unity.RenderPipelines.Core.Runtime.rsp
[133/926    0s] WriteText Library/Bee/artifacts/2000b0aE.dag/Unity.Mathematics.rsp2
[134/926    0s] WriteText Library/Bee/artifacts/2000b0aE.dag/Unity.VisualScripting.Core.dll.mvfrm.rsp
[135/926    0s] WriteText Library/Bee/artifacts/2000b0aE.dag/Unity.Mathematics.UnityAdditionalFile.txt
[136/926    0s] WriteText Library/Bee/artifacts/2000b0aE.dag/Unity.VisualScripting.Core.rsp
[137/926    0s] WriteText Library/Bee/artifacts/2000b0aE.dag/Unity.VisualScripting.Flow.UnityAdditionalFile.txt
[138/926    0s] WriteText Library/Bee/artifacts/2000b0aE.dag/Unity.VisualScripting.Flow.rsp2
[139/926    0s] WriteText Library/Bee/artifacts/2000b0aE.dag/Unity.RenderPipelines.Universal.Config.Runtime.rsp2
[140/926    0s] WriteText Library/Bee/artifacts/2000b0aE.dag/Unity.VisualScripting.Core.Editor.UnityAdditionalFile.txt
[141/926    0s] WriteText Library/Bee/artifacts/2000b0aE.dag/Unity.RenderPipelines.Universal.Config.Runtime.UnityAdditionalFile.txt
[142/926    0s] WriteText Library/Bee/artifacts/2000b0aE.dag/Unity.VisualScripting.Core.Editor.rsp2
[143/926    0s] WriteText Library/Bee/artifacts/2000b0aE.dag/Unity.RenderPipelines.Universal.2D.Internal.UnityAdditionalFile.txt
[144/926    0s] WriteText Library/Bee/artifacts/2000b0aE.dag/Unity.RenderPipeline.Universal.ShaderLibrary.UnityAdditionalFile.txt
[145/926    0s] WriteText Library/Bee/artifacts/2000b0aE.dag/Unity.RenderPipelines.Universal.2D.Internal.rsp2
[146/926    0s] WriteText Library/Bee/artifacts/2000b0aE.dag/Unity.RenderPipeline.Universal.ShaderLibrary.rsp2
[147/926    0s] WriteText Library/Bee/artifacts/2000b0aE.dag/Unity.Mathematics.dll.mvfrm.rsp
[148/926    0s] WriteText Library/Bee/artifacts/2000b0aE.dag/Unity.RenderPipelines.Core.Editor.UnityAdditionalFile.txt
[149/926    0s] WriteText Library/Bee/artifacts/2000b0aE.dag/Unity.RenderPipelines.Core.Editor.rsp2
[150/926    0s] WriteText Library/Bee/artifacts/2000b0aE.dag/Unity.VisualScripting.Flow.dll.mvfrm.rsp
[151/926    0s] WriteText Library/Bee/artifacts/2000b0aE.dag/Unity.Searcher.Editor.UnityAdditionalFile.txt
[152/926    0s] WriteText Library/Bee/artifacts/2000b0aE.dag/Unity.Mathematics.rsp
[153/926    0s] WriteText Library/Bee/artifacts/2000b0aE.dag/Unity.Searcher.Editor.rsp2
[154/926    0s] WriteText Library/Bee/artifacts/2000b0aE.dag/Unity.VisualScripting.Flow.rsp
[155/926    0s] WriteText Library/Bee/artifacts/2000b0aE.dag/Unity.RenderPipeline.Universal.ShaderLibrary.dll.mvfrm.rsp
[156/926    0s] WriteText Library/Bee/artifacts/2000b0aE.dag/Unity.RenderPipelines.Universal.2D.Internal.rsp
[157/926    0s] WriteText Library/Bee/artifacts/2000b0aE.dag/Unity.RenderPipelines.Universal.Config.Runtime.dll.mvfrm.rsp
[158/926    0s] WriteText Library/Bee/artifacts/2000b0aE.dag/Unity.RenderPipelines.Universal.2D.Internal.dll.mvfrm.rsp
[159/926    0s] WriteText Library/Bee/artifacts/2000b0aE.dag/Unity.RenderPipeline.Universal.ShaderLibrary.rsp
[160/926    0s] WriteText Library/Bee/artifacts/2000b0aE.dag/Unity.VisualScripting.Core.Editor.dll.mvfrm.rsp
[161/926    0s] WriteText Library/Bee/artifacts/2000b0aE.dag/Unity.RenderPipelines.Universal.Config.Runtime.rsp
[162/926    0s] WriteText Library/Bee/artifacts/2000b0aE.dag/Unity.RenderPipelines.Core.Editor.dll.mvfrm.rsp
[163/926    0s] WriteText Library/Bee/artifacts/2000b0aE.dag/Unity.ShaderGraph.Utilities.rsp2
[164/926    0s] WriteText Library/Bee/artifacts/2000b0aE.dag/Unity.RenderPipelines.Core.Editor.rsp
[165/926    0s] WriteText Library/Bee/artifacts/2000b0aE.dag/Unity.VisualScripting.Core.Editor.rsp
[166/926    0s] WriteText Library/Bee/artifacts/2000b0aE.dag/Unity.ShaderGraph.Utilities.UnityAdditionalFile.txt
[167/926    0s] WriteText Library/Bee/artifacts/2000b0aE.dag/Unity.RenderPipelines.Universal.Runtime.rsp2
[168/926    0s] WriteText Library/Bee/artifacts/2000b0aE.dag/Unity.Searcher.Editor.dll.mvfrm.rsp
[169/926    0s] WriteText Library/Bee/artifacts/2000b0aE.dag/Unity.RenderPipelines.Universal.Runtime.UnityAdditionalFile.txt
[170/926    0s] WriteText Library/Bee/artifacts/2000b0aE.dag/Unity.Searcher.Editor.rsp
[171/926    0s] WriteText Library/Bee/artifacts/2000b0aE.dag/Unity.Collections.UnityAdditionalFile.txt
[172/926    0s] WriteText Library/Bee/artifacts/2000b0aE.dag/Unity.Collections.rsp2
[173/926    0s] WriteText Library/Bee/artifacts/2000b0aE.dag/Unity.VisualScripting.State.rsp2
[174/926    0s] WriteText Library/Bee/artifacts/2000b0aE.dag/Unity.ShaderGraph.Utilities.dll.mvfrm.rsp
[175/926    0s] WriteText Library/Bee/artifacts/2000b0aE.dag/Unity.VisualScripting.Flow.Editor.rsp2
[176/926    0s] WriteText Library/Bee/artifacts/2000b0aE.dag/Unity.VisualScripting.State.UnityAdditionalFile.txt
[177/926    0s] WriteText Library/Bee/artifacts/2000b0aE.dag/Unity.Timeline.rsp2
[178/926    0s] WriteText Library/Bee/artifacts/2000b0aE.dag/Unity.VisualScripting.Flow.Editor.UnityAdditionalFile.txt
[179/926    0s] WriteText Library/Bee/artifacts/2000b0aE.dag/Unity.Mathematics.Editor.UnityAdditionalFile.txt
[180/926    0s] WriteText Library/Bee/artifacts/2000b0aE.dag/Unity.Timeline.UnityAdditionalFile.txt
[181/926    0s] WriteText Library/Bee/artifacts/2000b0aE.dag/Unity.Burst.Editor.rsp2
[182/926    0s] WriteText Library/Bee/artifacts/2000b0aE.dag/Unity.ShaderGraph.Editor.rsp2
[183/926    0s] WriteText Library/Bee/artifacts/2000b0aE.dag/Unity.ShaderGraph.Utilities.rsp
[184/926    0s] WriteText Library/Bee/artifacts/2000b0aE.dag/Unity.ShaderGraph.Editor.UnityAdditionalFile.txt
[185/926    0s] WriteText Library/Bee/artifacts/2000b0aE.dag/Unity.Mathematics.Editor.rsp2
[186/926    0s] WriteText Library/Bee/artifacts/2000b0aE.dag/Unity.Burst.Editor.UnityAdditionalFile.txt
[187/926    0s] WriteText Library/Bee/artifacts/2000b0aE.dag/Unity.EditorCoroutines.Editor.UnityAdditionalFile.txt
[188/926    0s] WriteResponseFile Library/Bee/artifacts/rsp/4747638433968585886.rsp
[189/926    0s] WriteText Library/Bee/artifacts/2000b0aE.dag/Unity.EditorCoroutines.Editor.rsp2
[190/926    0s] WriteText Library/Bee/artifacts/2000b0aE.dag/Unity.MemoryProfiler.rsp2
[191/926    0s] WriteText Library/Bee/artifacts/2000b0aE.dag/Unity.Profiling.Core.rsp2
[192/926    0s] WriteText Library/Bee/artifacts/2000b0aE.dag/Unity.Profiling.Core.UnityAdditionalFile.txt
[193/926    0s] WriteText Library/Bee/artifacts/2000b0aE.dag/Unity.MemoryProfiler.UnityAdditionalFile.txt
[194/926    0s] WriteText Library/Bee/artifacts/2000b0aE.dag/Unity.RenderPipelines.Universal.Runtime.dll.mvfrm.rsp
[195/926    0s] WriteText Library/Bee/artifacts/2000b0aE.dag/UniTask.rsp2
[196/926    0s] WriteText Library/Bee/artifacts/2000b0aE.dag/UniTask.UnityAdditionalFile.txt
[197/926    0s] WriteText Library/Bee/artifacts/2000b0aE.dag/Unity.RenderPipelines.Universal.Runtime.rsp
[198/926    0s] WriteText Library/Bee/artifacts/2000b0aE.dag/Unity.Collections.dll.mvfrm.rsp
[199/926    0s] WriteText Library/Bee/artifacts/2000b0aE.dag/Unity.VisualScripting.State.dll.mvfrm.rsp
[200/926    0s] WriteText Library/Bee/artifacts/2000b0aE.dag/Unity.VisualScripting.Flow.Editor.dll.mvfrm.rsp
[201/926    0s] WriteText Library/Bee/artifacts/2000b0aE.dag/Unity.ScriptableBuildPipeline.rsp2
[202/926    0s] WriteText Library/Bee/artifacts/2000b0aE.dag/Unity.Collections.rsp
[203/926    0s] WriteText Library/Bee/artifacts/2000b0aE.dag/Unity.ScriptableBuildPipeline.UnityAdditionalFile.txt
[204/926    0s] WriteText Library/Bee/artifacts/2000b0aE.dag/Unity.VisualScripting.State.rsp
[205/926    0s] WriteText Library/Bee/artifacts/2000b0aE.dag/Unity.Timeline.dll.mvfrm.rsp
[206/926    0s] WriteText Library/Bee/artifacts/2000b0aE.dag/Unity.VisualScripting.Flow.Editor.rsp
[207/926    0s] WriteText Library/Bee/artifacts/2000b0aE.dag/Unity.EditorCoroutines.Editor.dll.mvfrm.rsp
[208/926    0s] WriteText Library/Bee/artifacts/2000b0aE.dag/Unity.MemoryProfiler.dll.mvfrm.rsp
[209/926    0s] WriteText Library/Bee/artifacts/2000b0aE.dag/Unity.Mathematics.Editor.dll.mvfrm.rsp
[210/926    0s] WriteText Library/Bee/artifacts/2000b0aE.dag/Unity.Burst.Editor.dll.mvfrm.rsp
[211/926    0s] WriteText Library/Bee/artifacts/2000b0aE.dag/Unity.ShaderGraph.Editor.dll.mvfrm.rsp
[212/926    0s] WriteText Library/Bee/artifacts/2000b0aE.dag/Unity.Profiling.Core.dll.mvfrm.rsp
[213/926    0s] WriteText Library/Bee/artifacts/2000b0aE.dag/Unity.Timeline.rsp
[214/926    0s] WriteText Library/Bee/artifacts/2000b0aE.dag/Unity.Profiling.Core.rsp
[215/926    0s] WriteText Library/Bee/artifacts/2000b0aE.dag/Unity.Mathematics.Editor.rsp
[216/926    0s] WriteText Library/Bee/artifacts/2000b0aE.dag/Unity.Burst.Editor.rsp
[217/926    0s] WriteText Library/Bee/artifacts/2000b0aE.dag/Unity.EditorCoroutines.Editor.rsp
[218/926    0s] WriteText Library/Bee/artifacts/2000b0aE.dag/Unity.MemoryProfiler.rsp
[219/926    0s] WriteText Library/Bee/artifacts/2000b0aE.dag/Unity.ShaderGraph.Editor.rsp
[220/926    0s] WriteText Library/Bee/artifacts/2000b0aE.dag/Unity.TextMeshPro.UnityAdditionalFile.txt
[221/926    0s] WriteText Library/Bee/artifacts/2000b0aE.dag/Unity.ScriptableBuildPipeline.dll.mvfrm.rsp
[222/926    0s] WriteText Library/Bee/artifacts/2000b0aE.dag/Unity.ScriptableBuildPipeline.rsp
[223/926    0s] WriteText Library/Bee/artifacts/2000b0aE.dag/Unity.TextMeshPro.rsp2
[224/926    0s] WriteText Library/Bee/artifacts/2000b0aE.dag/Unity.RenderPipelines.Universal.Editor.rsp2
[225/926    0s] WriteText Library/Bee/artifacts/2000b0aE.dag/Unity.RenderPipelines.Universal.Editor.UnityAdditionalFile.txt
[226/926    0s] WriteText Library/Bee/artifacts/2000b0aE.dag/Unity.Settings.Editor.UnityAdditionalFile.txt
[227/926    0s] WriteText Library/Bee/artifacts/2000b0aE.dag/Unity.TestTools.CodeCoverage.Editor.OpenCover.Model.UnityAdditionalFile.txt
[228/926    0s] WriteText Library/Bee/artifacts/2000b0aE.dag/Unity.VisualScripting.State.Editor.rsp2
[229/926    0s] WriteText Library/Bee/artifacts/2000b0aE.dag/Unity.Settings.Editor.rsp2
[230/926    0s] WriteText Library/Bee/artifacts/2000b0aE.dag/Unity.VisualScripting.State.Editor.UnityAdditionalFile.txt
[231/926    0s] WriteText Library/Bee/artifacts/2000b0aE.dag/Unity.TestTools.CodeCoverage.Editor.OpenCover.Mono.Reflection.UnityAdditionalFile.txt
[232/926    0s] WriteText Library/Bee/artifacts/2000b0aE.dag/Unity.MemoryProfiler.Editor.rsp2
[233/926    0s] WriteText Library/Bee/artifacts/2000b0aE.dag/UnityWebSocket.Runtime.rsp2
[234/926    0s] WriteText Library/Bee/artifacts/2000b0aE.dag/Unity.TestTools.CodeCoverage.Editor.OpenCover.Mono.Reflection.rsp2
[235/926    0s] WriteText Library/Bee/artifacts/2000b0aE.dag/Unity.MemoryProfiler.Editor.UnityAdditionalFile.txt
[236/926    0s] WriteText Library/Bee/artifacts/2000b0aE.dag/UnityWebSocket.Runtime.UnityAdditionalFile.txt
[237/926    0s] WriteText Library/Bee/artifacts/2000b0aE.dag/Unity.TestTools.CodeCoverage.Editor.OpenCover.Model.rsp2
[238/926    0s] WriteText Library/Bee/artifacts/2000b0aE.dag/UniTask.dll.mvfrm.rsp
[239/926    0s] WriteText Library/Bee/artifacts/2000b0aE.dag/UniTask.rsp
[240/926    0s] WriteText Library/Bee/artifacts/2000b0aE.dag/Unity.Timeline.Editor.UnityAdditionalFile.txt
[241/926    0s] WriteText Library/Bee/artifacts/2000b0aE.dag/Unity.Timeline.Editor.rsp2
[242/926    0s] WriteText Library/Bee/artifacts/2000b0aE.dag/Unity.TextMeshPro.dll.mvfrm.rsp
[243/926    0s] WriteText Library/Bee/artifacts/2000b0aE.dag/Unity.TextMeshPro.rsp
[244/926    0s] WriteText Library/Bee/artifacts/2000b0aE.dag/Unity.VisualScripting.State.Editor.dll.mvfrm.rsp
[245/926    0s] WriteText Library/Bee/artifacts/2000b0aE.dag/Cinemachine.UnityAdditionalFile.txt
[246/926    0s] WriteText Library/Bee/artifacts/2000b0aE.dag/UnityWebSocket.Runtime.dll.mvfrm.rsp
[247/926    0s] WriteText Library/Bee/artifacts/2000b0aE.dag/Cinemachine.rsp2
[248/926    0s] WriteText Library/Bee/artifacts/2000b0aE.dag/Unity.MemoryProfiler.Editor.dll.mvfrm.rsp
[249/926    0s] WriteText Library/Bee/artifacts/2000b0aE.dag/Unity.ScriptableBuildPipeline.Editor.UnityAdditionalFile.txt
[250/926    0s] WriteText Library/Bee/artifacts/2000b0aE.dag/Unity.Settings.Editor.dll.mvfrm.rsp
[251/926    0s] WriteText Library/Bee/artifacts/2000b0aE.dag/Unity.TestTools.CodeCoverage.Editor.OpenCover.Model.dll.mvfrm.rsp
[252/926    0s] WriteText Library/Bee/artifacts/2000b0aE.dag/Unity.ScriptableBuildPipeline.Editor.rsp2
[253/926    0s] WriteText Library/Bee/artifacts/2000b0aE.dag/Unity.TestTools.CodeCoverage.Editor.OpenCover.Mono.Reflection.dll.mvfrm.rsp
[254/926    0s] WriteText Library/Bee/artifacts/2000b0aE.dag/YooAsset.rsp2
[255/926    0s] WriteText Library/Bee/artifacts/2000b0aE.dag/Unity.Settings.Editor.rsp
[256/926    0s] WriteText Library/Bee/artifacts/2000b0aE.dag/UnityWebSocket.Runtime.rsp
[257/926    0s] WriteText Library/Bee/artifacts/2000b0aE.dag/Unity.RenderPipelines.Universal.Editor.dll.mvfrm.rsp
[258/926    0s] WriteText Library/Bee/artifacts/2000b0aE.dag/Unity.VisualScripting.State.Editor.rsp
[259/926    0s] WriteText Library/Bee/artifacts/2000b0aE.dag/Unity.TestTools.CodeCoverage.Editor.OpenCover.Model.rsp
[260/926    0s] WriteText Library/Bee/artifacts/2000b0aE.dag/Unity.MemoryProfiler.Editor.rsp
[261/926    0s] WriteText Library/Bee/artifacts/2000b0aE.dag/YooAsset.UnityAdditionalFile.txt
[262/926    0s] WriteText Library/Bee/artifacts/2000b0aE.dag/Unity.TestTools.CodeCoverage.Editor.OpenCover.Mono.Reflection.rsp
[263/926    0s] WriteText Library/Bee/artifacts/2000b0aE.dag/Unity.Timeline.Editor.dll.mvfrm.rsp
[264/926    0s] WriteText Library/Bee/artifacts/2000b0aE.dag/Wx.UnityAdditionalFile.txt
[265/926    0s] WriteText Library/Bee/artifacts/2000b0aE.dag/Unity.RenderPipelines.Universal.Editor.rsp
[266/926    0s] WriteText Library/Bee/artifacts/2000b0aE.dag/Wx.rsp2
[267/926    0s] WriteText Library/Bee/artifacts/2000b0aE.dag/Unity.Timeline.Editor.rsp
[268/926    0s] WriteText Library/Bee/artifacts/2000b0aE.dag/Unity.PlasticSCM.Editor.UnityAdditionalFile.txt
[269/926    0s] WriteText Library/Bee/artifacts/2000b0aE.dag/Unity.ScriptableBuildPipeline.Editor.dll.mvfrm.rsp
[270/926    0s] WriteText Library/Bee/artifacts/2000b0aE.dag/Unity.VSCode.Editor.rsp2
[271/926    0s] WriteText Library/Bee/artifacts/2000b0aE.dag/Unity.PlasticSCM.Editor.rsp2
[272/926    0s] WriteText Library/Bee/artifacts/2000b0aE.dag/Unity.ScriptableBuildPipeline.Editor.rsp
[273/926    0s] WriteText Library/Bee/artifacts/2000b0aE.dag/Unity.VSCode.Editor.UnityAdditionalFile.txt
[274/926    0s] WriteText Library/Bee/artifacts/2000b0aE.dag/Cinemachine.dll.mvfrm.rsp
[275/926    0s] WriteText Library/Bee/artifacts/2000b0aE.dag/Unity.VisualStudio.Editor.rsp2
[276/926    0s] WriteText Library/Bee/artifacts/2000b0aE.dag/Unity.VisualStudio.Editor.UnityAdditionalFile.txt
[277/926    0s] WriteText Library/Bee/artifacts/2000b0aE.dag/Unity.Rider.Editor.rsp2
[278/926    0s] WriteText Library/Bee/artifacts/2000b0aE.dag/Unity.RenderPipelines.Universal.Shaders.UnityAdditionalFile.txt
[279/926    0s] WriteText Library/Bee/artifacts/2000b0aE.dag/Unity.RenderPipelines.ShaderGraph.ShaderGraphLibrary.rsp2
[280/926    0s] WriteText Library/Bee/artifacts/2000b0aE.dag/Unity.Rider.Editor.UnityAdditionalFile.txt
[281/926    0s] WriteText Library/Bee/artifacts/2000b0aE.dag/Unity.RenderPipelines.Universal.Shaders.rsp2
[282/926    0s] WriteText Library/Bee/artifacts/2000b0aE.dag/Unity.TestTools.CodeCoverage.Editor.UnityAdditionalFile.txt
[283/926    0s] WriteText Library/Bee/artifacts/2000b0aE.dag/Unity.TextMeshPro.Editor.rsp2
[284/926    0s] WriteText Library/Bee/artifacts/2000b0aE.dag/Unity.TestTools.CodeCoverage.Editor.rsp2
[285/926    0s] WriteText Library/Bee/artifacts/2000b0aE.dag/YooAsset.dll.mvfrm.rsp
[286/926    0s] WriteText Library/Bee/artifacts/2000b0aE.dag/Cinemachine.rsp
[287/926    0s] WriteText Library/Bee/artifacts/2000b0aE.dag/UnityWebSocket.Editor.rsp2
[288/926    0s] WriteText Library/Bee/artifacts/2000b0aE.dag/Unity.VisualScripting.SettingsProvider.Editor.UnityAdditionalFile.txt
[289/926    0s] WriteText Library/Bee/artifacts/2000b0aE.dag/Unity.TextMeshPro.Editor.UnityAdditionalFile.txt
[290/926    0s] WriteText Library/Bee/artifacts/2000b0aE.dag/Unity.2D.Sprite.Editor.UnityAdditionalFile.txt
[291/926    0s] WriteText Library/Bee/artifacts/2000b0aE.dag/UnityWebSocket.Editor.UnityAdditionalFile.txt
[292/926    0s] WriteText Library/Bee/artifacts/2000b0aE.dag/Unity.MemoryProfiler.Editor.MemoryProfilerModule.UnityAdditionalFile.txt
[293/926    0s] WriteText Library/Bee/artifacts/2000b0aE.dag/Unity.2D.Sprite.Editor.rsp2
[294/926    0s] WriteText Library/Bee/artifacts/2000b0aE.dag/Unity.VisualScripting.Shared.Editor.UnityAdditionalFile.txt
[295/926    0s] WriteText Library/Bee/artifacts/2000b0aE.dag/Unity.VisualScripting.Shared.Editor.rsp2
[296/926    0s] WriteText Library/Bee/artifacts/2000b0aE.dag/Unity.MemoryProfiler.Editor.MemoryProfilerModule.rsp2
[297/926    0s] WriteText Library/Bee/artifacts/2000b0aE.dag/Unity.Performance.Profile-Analyzer.Editor.UnityAdditionalFile.txt
[298/926    0s] WriteText Library/Bee/artifacts/2000b0aE.dag/Unity.Performance.Profile-Analyzer.Editor.rsp2
[299/926    0s] WriteText Library/Bee/artifacts/2000b0aE.dag/Unity.RenderPipelines.Core.ShaderLibrary.UnityAdditionalFile.txt
[300/926    0s] WriteText Library/Bee/artifacts/2000b0aE.dag/Unity.RenderPipelines.ShaderGraph.ShaderGraphLibrary.UnityAdditionalFile.txt
[301/926    0s] WriteText Library/Bee/artifacts/2000b0aE.dag/Unity.RenderPipelines.Core.ShaderLibrary.rsp2
[302/926    0s] WriteText Library/Bee/artifacts/2000b0aE.dag/Unity.VisualScripting.SettingsProvider.Editor.rsp2
[303/926    0s] WriteText Library/Bee/artifacts/2000b0aE.dag/Wx.dll.mvfrm.rsp
[304/926    0s] WriteText Library/Bee/artifacts/2000b0aE.dag/YooAsset.rsp
[305/926    0s] WriteText Library/Bee/artifacts/2000b0aE.dag/Unity.PlasticSCM.Editor.dll.mvfrm.rsp
[306/926    0s] WriteText Library/Bee/artifacts/2000b0aE.dag/Wx.rsp
[307/926    0s] WriteText Library/Bee/artifacts/2000b0aE.dag/Unity.VisualStudio.Editor.dll.mvfrm.rsp
[308/926    0s] WriteText Library/Bee/artifacts/2000b0aE.dag/Unity.PlasticSCM.Editor.rsp
[309/926    0s] WriteText Library/Bee/artifacts/2000b0aE.dag/Unity.VSCode.Editor.dll.mvfrm.rsp
[310/926    0s] WriteText Library/Bee/artifacts/2000b0aE.dag/Unity.Rider.Editor.dll.mvfrm.rsp
[311/926    0s] WriteText Library/Bee/artifacts/2000b0aE.dag/com.unity.cinemachine.editor.UnityAdditionalFile.txt
[312/926    0s] WriteText Library/Bee/artifacts/2000b0aE.dag/com.unity.cinemachine.editor.rsp2
[313/926    0s] WriteText Library/Bee/artifacts/2000b0aE.dag/Unity.TestTools.CodeCoverage.Editor.dll.mvfrm.rsp
[314/926    0s] WriteText Library/Bee/artifacts/2000b0aE.dag/Unity.RenderPipelines.Universal.Shaders.dll.mvfrm.rsp
[315/926    0s] WriteText Library/Bee/artifacts/2000b0aE.dag/Unity.TextMeshPro.Editor.dll.mvfrm.rsp
[316/926    0s] WriteText Library/Bee/artifacts/2000b0aE.dag/Unity.VisualScripting.Shared.Editor.dll.mvfrm.rsp
[317/926    0s] WriteText Library/Bee/artifacts/2000b0aE.dag/Unity.2D.Sprite.Editor.dll.mvfrm.rsp
[318/926    0s] WriteText Library/Bee/artifacts/2000b0aE.dag/UnityWebSocket.Editor.dll.mvfrm.rsp
[319/926    0s] WriteText Library/Bee/artifacts/2000b0aE.dag/Unity.RenderPipelines.Core.ShaderLibrary.dll.mvfrm.rsp
[320/926    0s] WriteText Library/Bee/artifacts/2000b0aE.dag/Unity.Performance.Profile-Analyzer.Editor.dll.mvfrm.rsp
[321/926    0s] WriteText Library/Bee/artifacts/2000b0aE.dag/Unity.MemoryProfiler.Editor.MemoryProfilerModule.dll.mvfrm.rsp
[322/926    0s] WriteText Library/Bee/artifacts/2000b0aE.dag/Unity.RenderPipelines.ShaderGraph.ShaderGraphLibrary.dll.mvfrm.rsp
[323/926    0s] WriteText Library/Bee/artifacts/2000b0aE.dag/Unity.VisualScripting.SettingsProvider.Editor.dll.mvfrm.rsp
[324/926    0s] WriteText Library/Bee/artifacts/2000b0aE.dag/Unity.VSCode.Editor.rsp
[325/926    0s] WriteText Library/Bee/artifacts/2000b0aE.dag/Unity.Rider.Editor.rsp
[326/926    0s] WriteText Library/Bee/artifacts/2000b0aE.dag/Unity.VisualStudio.Editor.rsp
[327/926    0s] WriteText Library/Bee/artifacts/2000b0aE.dag/Unity.VisualScripting.Shared.Editor.rsp
[328/926    0s] WriteText Library/Bee/artifacts/2000b0aE.dag/Unity.RenderPipelines.Core.ShaderLibrary.rsp
[329/926    0s] WriteText Library/Bee/artifacts/2000b0aE.dag/Unity.TextMeshPro.Editor.rsp
[330/926    0s] WriteText Library/Bee/artifacts/2000b0aE.dag/Unity.2D.Sprite.Editor.rsp
[331/926    0s] WriteText Library/Bee/artifacts/2000b0aE.dag/UnityWebSocket.Editor.rsp
[332/926    0s] WriteText Library/Bee/artifacts/2000b0aE.dag/Unity.RenderPipelines.ShaderGraph.ShaderGraphLibrary.rsp
[333/926    0s] WriteText Library/Bee/artifacts/2000b0aE.dag/Unity.RenderPipelines.Universal.Shaders.rsp
[334/926    0s] WriteText Library/Bee/artifacts/2000b0aE.dag/Unity.MemoryProfiler.Editor.MemoryProfilerModule.rsp
[335/926    0s] WriteText Library/Bee/artifacts/2000b0aE.dag/Unity.TestTools.CodeCoverage.Editor.rsp
[336/926    0s] WriteText Library/Bee/artifacts/2000b0aE.dag/Unity.Performance.Profile-Analyzer.Editor.rsp
[337/926    0s] WriteText Library/Bee/artifacts/2000b0aE.dag/WxEditor.UnityAdditionalFile.txt
[338/926    0s] WriteText Library/Bee/artifacts/2000b0aE.dag/Unity.VisualScripting.SettingsProvider.Editor.rsp
[339/926    0s] WriteText Library/Bee/artifacts/2000b0aE.dag/WxEditor.rsp2
[340/926    0s] WriteText Library/Bee/artifacts/2000b0aE.dag/YooAsset.Editor.UnityAdditionalFile.txt
[341/926    0s] WriteText Library/Bee/artifacts/2000b0aE.dag/YooAsset.MiniGame.UnityAdditionalFile.txt
[342/926    0s] WriteText Library/Bee/artifacts/2000b0aE.dag/YooAsset.Editor.rsp2
[343/926    0s] WriteText Library/Bee/artifacts/2000b0aE.dag/YooAsset.MiniGame.rsp2
[344/926    0s] WriteText Library/Bee/artifacts/2000b0aE.dag/PPv2URPConverters.rsp2
[345/926    0s] WriteText Library/Bee/artifacts/2000b0aE.dag/PPv2URPConverters.UnityAdditionalFile.txt
[346/926    0s] WriteText Library/Bee/artifacts/2000b0aE.dag/AllIn1SpriteShaderAssembly.UnityAdditionalFile.txt
[347/926    0s] WriteText Library/Bee/artifacts/2000b0aE.dag/AllIn1SpriteShaderAssembly.rsp2
[348/926    0s] WriteText Library/Bee/artifacts/2000b0aE.dag/UniTask.DOTween.rsp2
[349/926    0s] WriteText Library/Bee/artifacts/2000b0aE.dag/UniTask.Addressables.rsp2
[350/926    0s] WriteText Library/Bee/artifacts/2000b0aE.dag/UniTask.Addressables.UnityAdditionalFile.txt
[351/926    0s] WriteText Library/Bee/artifacts/2000b0aE.dag/UniTask.DOTween.UnityAdditionalFile.txt
[352/926    0s] WriteText Library/Bee/artifacts/2000b0aE.dag/UniTask.Linq.UnityAdditionalFile.txt
[353/926    0s] WriteText Library/Bee/artifacts/2000b0aE.dag/UniTask.Linq.rsp2
[354/926    0s] WriteText Library/Bee/artifacts/2000b0aE.dag/UniTask.TextMeshPro.UnityAdditionalFile.txt
[355/926    0s] WriteText Library/Bee/artifacts/2000b0aE.dag/YooAsset.RuntimeExtension.UnityAdditionalFile.txt
[356/926    0s] WriteText Library/Bee/artifacts/2000b0aE.dag/YooAsset.RuntimeExtension.rsp2
[357/926    0s] WriteText Library/Bee/artifacts/2000b0aE.dag/UniTask.TextMeshPro.rsp2
[358/926    0s] WriteText Library/Bee/artifacts/2000b0aE.dag/com.unity.cinemachine.editor.dll.mvfrm.rsp
[359/926    0s] WriteText Library/Bee/artifacts/2000b0aE.dag/YooAsset.RuntimeExtension.dll.mvfrm.rsp
[360/926    0s] WriteText Library/Bee/artifacts/2000b0aE.dag/UniTask.Addressables.dll.mvfrm.rsp
[361/926    0s] WriteText Library/Bee/artifacts/2000b0aE.dag/PPv2URPConverters.dll.mvfrm.rsp
[362/926    0s] WriteText Library/Bee/artifacts/2000b0aE.dag/com.unity.cinemachine.editor.rsp
[363/926    0s] WriteText Library/Bee/artifacts/2000b0aE.dag/WxEditor.dll.mvfrm.rsp
[364/926    0s] WriteText Library/Bee/artifacts/2000b0aE.dag/UniTask.Linq.dll.mvfrm.rsp
[365/926    0s] WriteText Library/Bee/artifacts/2000b0aE.dag/UniTask.TextMeshPro.dll.mvfrm.rsp
[366/926    0s] WriteText Library/Bee/artifacts/2000b0aE.dag/YooAsset.MiniGame.dll.mvfrm.rsp
[367/926    0s] WriteText Library/Bee/artifacts/2000b0aE.dag/YooAsset.Editor.dll.mvfrm.rsp
[368/926    0s] WriteText Library/Bee/artifacts/2000b0aE.dag/AllIn1SpriteShaderAssembly.dll.mvfrm.rsp
[369/926    0s] WriteText Library/Bee/artifacts/2000b0aE.dag/UniTask.DOTween.dll.mvfrm.rsp
[370/926    0s] WriteText Library/Bee/artifacts/2000b0aE.dag/PPv2URPConverters.rsp
[371/926    0s] WriteText Library/Bee/artifacts/2000b0aE.dag/YooAsset.RuntimeExtension.rsp
[372/926    0s] WriteText Library/Bee/artifacts/2000b0aE.dag/UniTask.TextMeshPro.rsp
[373/926    0s] WriteText Library/Bee/artifacts/2000b0aE.dag/UniTask.Addressables.rsp
[374/926    0s] WriteText Library/Bee/artifacts/2000b0aE.dag/AllIn1SpriteShaderAssembly.rsp
[375/926    0s] WriteText Library/Bee/artifacts/2000b0aE.dag/UniTask.Linq.rsp
[376/926    0s] WriteText Library/Bee/artifacts/2000b0aE.dag/UniTask.DOTween.rsp
[377/926    0s] WriteText Library/Bee/artifacts/2000b0aE.dag/YooAsset.Editor.rsp
[378/926    0s] WriteText Library/Bee/artifacts/2000b0aE.dag/Assembly-CSharp-firstpass.rsp2
[379/926    0s] WriteText Library/Bee/artifacts/2000b0aE.dag/YooAsset.MiniGame.rsp
[380/926    0s] WriteText Library/Bee/artifacts/2000b0aE.dag/WxEditor.rsp
[381/926    0s] WriteText Library/Bee/artifacts/2000b0aE.dag/Assembly-CSharp-firstpass.dll.mvfrm.rsp
[382/926    0s] WriteText Library/Bee/artifacts/2000b0aE.dag/Assembly-CSharp-firstpass.UnityAdditionalFile.txt
[383/926    0s] WriteText Library/Bee/artifacts/2000b0aE.dag/Assembly-CSharp-firstpass.rsp
[384/926    0s] WriteText Library/Bee/artifacts/2000b0aE.dag/Assembly-CSharp.rsp2
[385/926    0s] WriteText Library/Bee/artifacts/2000b0aE.dag/Assembly-CSharp.UnityAdditionalFile.txt
[386/926    0s] WriteText Library/Bee/artifacts/2000b0aE.dag/Assembly-CSharp.dll.mvfrm.rsp
[387/926    0s] WriteText Library/Bee/artifacts/2000b0aE.dag/com.unity.cinemachine.Tests.dll.mvfrm.rsp
[388/926    0s] WriteText Library/Bee/artifacts/2000b0aE.dag/Assembly-CSharp.rsp
[389/926    0s] WriteText Library/Bee/artifacts/2000b0aE.dag/com.unity.cinemachine.Tests.UnityAdditionalFile.txt
[390/926    0s] WriteText Library/Bee/artifacts/2000b0aE.dag/Unity.Collections.DocCodeSamples.dll.mvfrm.rsp
[391/926    0s] WriteText Library/Bee/artifacts/2000b0aE.dag/Unity.CollabProxy.Editor.dll.mvfrm.rsp
[392/926    0s] WriteText Library/Bee/artifacts/2000b0aE.dag/Assembly-CSharp-Editor.dll.mvfrm.rsp
[393/926    0s] WriteText Library/Bee/artifacts/2000b0aE.dag/Unity.Collections.BurstCompatibilityGen.dll.mvfrm.rsp
[394/926    0s] WriteText Library/Bee/artifacts/2000b0aE.dag/com.unity.cinemachine.Tests.rsp2
[395/926    0s] WriteText Library/Bee/artifacts/2000b0aE.dag/com.unity.cinemachine.EditorTests.dll.mvfrm.rsp
[396/926    0s] WriteText Library/Bee/artifacts/2000b0aE.dag/com.unity.cinemachine.Tests.rsp
[397/926    0s] WriteText Library/Bee/artifacts/2000b0aE.dag/Unity.Collections.DocCodeSamples.rsp2
[398/926    0s] WriteText Library/Bee/artifacts/2000b0aE.dag/UniTask.Editor.dll.mvfrm.rsp
[399/926    0s] WriteText Library/Bee/artifacts/2000b0aE.dag/Unity.CollabProxy.Editor.UnityAdditionalFile.txt
[400/926    0s] WriteText Library/Bee/artifacts/2000b0aE.dag/Unity.Collections.DocCodeSamples.UnityAdditionalFile.txt
[401/926    0s] WriteText Library/Bee/artifacts/2000b0aE.dag/Unity.CollabProxy.Editor.rsp2
[402/926    0s] WriteText Library/Bee/artifacts/2000b0aE.dag/Unity.Collections.BurstCompatibilityGen.rsp2
[403/926    0s] WriteText Library/Bee/artifacts/2000b0aE.dag/Assembly-CSharp-Editor.UnityAdditionalFile.txt
[404/926    0s] WriteText Library/Bee/artifacts/2000b0aE.dag/Unity.Collections.BurstCompatibilityGen.UnityAdditionalFile.txt
[405/926    0s] WriteText Library/Bee/artifacts/2000b0aE.dag/Assembly-CSharp-Editor.rsp2
[406/926    0s] WriteResponseFile Library/Bee/artifacts/rsp/3037372816226278216.rsp
[407/926    0s] WriteText Library/Bee/artifacts/2000b0aE.dag/com.unity.cinemachine.EditorTests.UnityAdditionalFile.txt
[408/926    0s] WriteText Library/Bee/artifacts/2000b0aE.dag/com.unity.cinemachine.EditorTests.rsp2
[409/926    0s] WriteText Library/Bee/artifacts/2000b0aE.dag/UniTask.Editor.rsp2
[410/926    0s] WriteText Library/Bee/artifacts/2000b0aE.dag/UniTask.Editor.UnityAdditionalFile.txt
[411/926    0s] WriteText Library/Bee/artifacts/2000b0aE.dag/UniTask.Editor.rsp
[412/926    0s] WriteText Library/Bee/artifacts/2000b0aE.dag/Assembly-CSharp-Editor.rsp
[413/926    0s] WriteResponseFile Library/Bee/artifacts/rsp/1729045875598675103.rsp
[414/926    0s] WriteText Library/Bee/artifacts/2000b0aE.dag/Unity.Collections.BurstCompatibilityGen.rsp
[415/926    0s] WriteText Library/Bee/artifacts/2000b0aE.dag/Unity.CollabProxy.Editor.rsp
[416/926    0s] WriteResponseFile Library/Bee/artifacts/rsp/15776458779725863599.rsp
[417/926    0s] WriteText Library/Bee/artifacts/2000b0aE.dag/com.unity.cinemachine.EditorTests.rsp
[418/926    0s] WriteText Library/Bee/artifacts/2000b0aE.dag/Unity.Collections.DocCodeSamples.rsp
[419/926    0s] WriteResponseFile Library/Bee/artifacts/rsp/7807372642065535457.rsp
[420/926    0s] WriteResponseFile Library/Bee/artifacts/rsp/2359241780799432324.rsp
[421/926    0s] WriteResponseFile Library/Bee/artifacts/rsp/10746227388266335481.rsp
[422/926    0s] WriteResponseFile Library/Bee/artifacts/rsp/14413339061273828167.rsp
[423/926    0s] WriteResponseFile Library/Bee/artifacts/rsp/628646688752965343.rsp
[424/926    0s] WriteResponseFile Library/Bee/artifacts/rsp/12981464069680880057.rsp
[425/926    0s] WriteResponseFile Library/Bee/artifacts/rsp/1940321964224293809.rsp
[426/926    0s] WriteResponseFile Library/Bee/artifacts/rsp/8542837875481535423.rsp
[427/926    0s] WriteResponseFile Library/Bee/artifacts/rsp/3840520891185964197.rsp
[428/926    0s] WriteResponseFile Library/Bee/artifacts/rsp/6647770831582118876.rsp
[429/926    0s] WriteResponseFile Library/Bee/artifacts/rsp/4791036871885797247.rsp
[430/926    0s] WriteResponseFile Library/Bee/artifacts/rsp/15486031159384557164.rsp
[431/926    0s] WriteResponseFile Library/Bee/artifacts/rsp/6987655401940753962.rsp
[432/926    0s] WriteResponseFile Library/Bee/artifacts/rsp/3615652909884119116.rsp
[433/926    0s] WriteResponseFile Library/Bee/artifacts/rsp/11746143318027142271.rsp
[434/926    0s] WriteResponseFile Library/Bee/artifacts/rsp/8559528106647567635.rsp
[435/926    0s] WriteResponseFile Library/Bee/artifacts/rsp/11632411272353536852.rsp
[436/926    0s] WriteResponseFile Library/Bee/artifacts/rsp/3755261912168333632.rsp
[437/926    0s] WriteResponseFile Library/Bee/artifacts/rsp/4413209904807859768.rsp
[438/926    0s] WriteResponseFile Library/Bee/artifacts/rsp/16991194940733997725.rsp
[439/926    0s] WriteResponseFile Library/Bee/artifacts/rsp/12027261044551015196.rsp
[440/926    0s] WriteResponseFile Library/Bee/artifacts/rsp/2361959338594202475.rsp
[441/926    0s] WriteResponseFile Library/Bee/artifacts/rsp/1249934898957849614.rsp
[442/926    0s] WriteResponseFile Library/Bee/artifacts/rsp/10376552923787358332.rsp
[443/926    0s] WriteResponseFile Library/Bee/artifacts/rsp/13928283897259147783.rsp
[444/926    0s] WriteResponseFile Library/Bee/artifacts/rsp/12783842955110642247.rsp
[445/926    0s] WriteResponseFile Library/Bee/artifacts/rsp/9138376835669937927.rsp
[446/926    0s] WriteResponseFile Library/Bee/artifacts/rsp/7434575489161666244.rsp
[447/926    0s] WriteResponseFile Library/Bee/artifacts/rsp/1692312493543597530.rsp
[448/926    0s] WriteResponseFile Library/Bee/artifacts/rsp/12176746820506266677.rsp
[449/926    0s] WriteResponseFile Library/Bee/artifacts/rsp/1785922449084373292.rsp
[450/926    0s] WriteResponseFile Library/Bee/artifacts/rsp/6938467954834993078.rsp
[451/926    0s] WriteResponseFile Library/Bee/artifacts/rsp/3783833537839674236.rsp
[452/926    0s] WriteResponseFile Library/Bee/artifacts/rsp/177425371645548991.rsp
[453/926    0s] WriteResponseFile Library/Bee/artifacts/rsp/10885039498462050167.rsp
[454/926    0s] WriteResponseFile Library/Bee/artifacts/rsp/8063418613554629860.rsp
[455/926    0s] WriteResponseFile Library/Bee/artifacts/rsp/11777448413204399724.rsp
[456/926    0s] WriteResponseFile Library/Bee/artifacts/rsp/14380445817968139939.rsp
[457/926    0s] WriteResponseFile Library/Bee/artifacts/rsp/577541985967159812.rsp
[458/926    0s] WriteResponseFile Library/Bee/artifacts/rsp/1317364399733402406.rsp
[459/926    0s] WriteResponseFile Library/Bee/artifacts/rsp/12662851800487434407.rsp
[460/926    0s] WriteResponseFile Library/Bee/artifacts/rsp/13245841461569978743.rsp
[461/926    0s] WriteResponseFile Library/Bee/artifacts/rsp/11994569803144453086.rsp
[462/926    0s] WriteResponseFile Library/Bee/artifacts/rsp/228513139899129028.rsp
[463/926    0s] WriteResponseFile Library/Bee/artifacts/rsp/5674956039949290316.rsp
[464/926    0s] WriteResponseFile Library/Bee/artifacts/rsp/6299944388963799992.rsp
[465/926    0s] WriteResponseFile Library/Bee/artifacts/rsp/6675480975834226854.rsp
[466/926    0s] WriteResponseFile Library/Bee/artifacts/rsp/12284925355821337097.rsp
[467/926    0s] WriteResponseFile Library/Bee/artifacts/rsp/16148781348983234511.rsp
[468/926    0s] WriteResponseFile Library/Bee/artifacts/rsp/4865209774330674993.rsp
[469/926    0s] WriteResponseFile Library/Bee/artifacts/rsp/12301629935973794103.rsp
[470/926    0s] WriteResponseFile Library/Bee/artifacts/rsp/18354090946396938464.rsp
[471/926    0s] WriteResponseFile Library/Bee/artifacts/rsp/7668679593555154362.rsp
[472/926    0s] WriteResponseFile Library/Bee/artifacts/rsp/8070994851108164409.rsp
[473/926    0s] WriteResponseFile Library/Bee/artifacts/rsp/1153222045816729849.rsp
[474/926    0s] WriteResponseFile Library/Bee/artifacts/rsp/15895841462048577653.rsp
[475/926    0s] WriteResponseFile Library/Bee/artifacts/rsp/12979177800126618322.rsp
[476/926    0s] WriteResponseFile Library/Bee/artifacts/rsp/14789294779266022494.rsp
[477/926    0s] WriteResponseFile Library/Bee/artifacts/rsp/14452315693041970444.rsp
[478/926    0s] WriteResponseFile Library/Bee/artifacts/rsp/360400917660422650.rsp
[479/926    0s] WriteResponseFile Library/Bee/artifacts/rsp/8824286945966794202.rsp
[480/926    0s] WriteResponseFile Library/Bee/artifacts/rsp/5591498475628689486.rsp
[481/926    0s] WriteResponseFile Library/Bee/artifacts/rsp/7794279731351141853.rsp
[482/926    0s] WriteResponseFile Library/Bee/artifacts/rsp/252797210368527676.rsp
[483/926    0s] WriteResponseFile Library/Bee/artifacts/rsp/15921344309791642208.rsp
[484/926    0s] WriteResponseFile Library/Bee/artifacts/rsp/15642050800426575857.rsp
[485/926    0s] WriteResponseFile Library/Bee/artifacts/rsp/5888579887761717036.rsp
[486/926    0s] WriteResponseFile Library/Bee/artifacts/rsp/1626365193864338622.rsp
[487/926    0s] WriteResponseFile Library/Bee/artifacts/rsp/10017656952941242526.rsp
[488/926    0s] MovedFromExtractorCombine Library/Bee/artifacts/2000b0aE.dag/UnityEngine.TestRunner.dll.mvfrm
[489/926    0s] MovedFromExtractorCombine Library/Bee/artifacts/2000b0aE.dag/UnityEngine.UI.dll.mvfrm
[489/926    0s] Csc Library/Bee/artifacts/2000b0aE.dag/UnityEngine.TestRunner.dll (+2 others) [CacheHit bc238e8349fb1a27124d222ded70e21e00000000000000000000000000000003]
[490/926   1780722201s] Csc Library/Bee/artifacts/2000b0aE.dag/UnityEngine.TestRunner.dll (+2 others)
[492/926    0s] Csc Library/Bee/artifacts/2000b0aE.dag/UnityEngine.UI.dll (+2 others) [CacheHit 819e4341ee7ddda963484cfd5ec1028300000000000000000000000000000003]
[494/926   1780722201s] Csc Library/Bee/artifacts/2000b0aE.dag/UnityEngine.UI.dll (+2 others)
[496/926    0s] MovedFromExtractor Library/Bee/artifacts/mvdfrm/UnityEngine.UI.ref.dll_7A28423D4A766FDA.mvfrm
[497/926    0s] MovedFromExtractor Library/Bee/artifacts/mvdfrm/UnityEngine.TestRunner.ref.dll_50E26CF31C06CD18.mvfrm
[498/926    0s] MovedFromExtractorCombine Library/Bee/artifacts/2000b0aE.dag/UnityEditor.TestRunner.dll.mvfrm
[496/926    0s] Csc Library/Bee/artifacts/2000b0aE.dag/UnityEditor.TestRunner.dll (+2 others) [CacheHit 871d4f931bb61506cc87b9dcb09ce76d00000000000000000000000000000003]
[499/926   1780722201s] Csc Library/Bee/artifacts/2000b0aE.dag/UnityEditor.TestRunner.dll (+2 others)
[503/926    0s] MovedFromExtractor Library/Bee/artifacts/mvdfrm/UnityEditor.TestRunner.ref.dll_84C42244F0436F2D.mvfrm
[504/926    0s] MovedFromExtractorCombine Library/Bee/artifacts/2000b0aE.dag/UnityEditor.UI.dll.mvfrm
[501/926    0s] Csc Library/Bee/artifacts/2000b0aE.dag/UnityEditor.UI.dll (+2 others) [CacheHit b5a93f49cf841398abd4b1d4bac7e71100000000000000000000000000000003]
[505/926   1780722202s] Csc Library/Bee/artifacts/2000b0aE.dag/UnityEditor.UI.dll (+2 others)
[507/926    0s] MovedFromExtractor Library/Bee/artifacts/mvdfrm/UnityEditor.UI.ref.dll_BDC26BE24454476F.mvfrm
[508/926    0s] MovedFromExtractorCombine Library/Bee/artifacts/2000b0aE.dag/Unity.Burst.dll.mvfrm
[509/926    0s] MovedFromExtractorCombine Library/Bee/artifacts/2000b0aE.dag/UniTask.dll.mvfrm
[510/926    0s] MovedFromExtractorCombine Library/Bee/artifacts/2000b0aE.dag/Unity.RenderPipelines.Universal.2D.Internal.dll.mvfrm
[511/926    0s] MovedFromExtractorCombine Library/Bee/artifacts/2000b0aE.dag/Unity.RenderPipelines.Core.Runtime.dll.mvfrm
[512/926    0s] MovedFromExtractorCombine Library/Bee/artifacts/2000b0aE.dag/Unity.Mathematics.dll.mvfrm
[513/926    0s] MovedFromExtractorCombine Library/Bee/artifacts/2000b0aE.dag/Unity.VisualScripting.Core.dll.mvfrm
[514/926    0s] MovedFromExtractorCombine Library/Bee/artifacts/2000b0aE.dag/Unity.MemoryProfiler.dll.mvfrm
[515/926    0s] MovedFromExtractorCombine Library/Bee/artifacts/2000b0aE.dag/Unity.ShaderGraph.Utilities.dll.mvfrm
[516/926    0s] MovedFromExtractorCombine Library/Bee/artifacts/2000b0aE.dag/Unity.TextMeshPro.dll.mvfrm
[517/926    0s] MovedFromExtractorCombine Library/Bee/artifacts/2000b0aE.dag/Unity.Searcher.Editor.dll.mvfrm
[518/926    0s] MovedFromExtractorCombine Library/Bee/artifacts/2000b0aE.dag/Unity.EditorCoroutines.Editor.dll.mvfrm
[519/926    0s] MovedFromExtractorCombine Library/Bee/artifacts/2000b0aE.dag/UnityWebSocket.Runtime.dll.mvfrm
[520/926    0s] MovedFromExtractorCombine Library/Bee/artifacts/2000b0aE.dag/Unity.Profiling.Core.dll.mvfrm
[521/926    0s] MovedFromExtractorCombine Library/Bee/artifacts/2000b0aE.dag/Unity.ScriptableBuildPipeline.dll.mvfrm
[522/926    0s] MovedFromExtractorCombine Library/Bee/artifacts/2000b0aE.dag/Unity.Timeline.dll.mvfrm
[518/926    0s] Csc Library/Bee/artifacts/2000b0aE.dag/Unity.Mathematics.dll (+2 others) [CacheHit 81bf4364617012977baad048ee41ab0600000000000000000000000000000003]
[523/926   1780722203s] Csc Library/Bee/artifacts/2000b0aE.dag/Unity.Mathematics.dll (+2 others)
[519/926    0s] Csc Library/Bee/artifacts/2000b0aE.dag/Unity.RenderPipelines.Core.Runtime.dll (+2 others) [CacheHit 03073ac934d72a64df4cd8e52989944700000000000000000000000000000003]
[525/926   1780722203s] Csc Library/Bee/artifacts/2000b0aE.dag/Unity.RenderPipelines.Core.Runtime.dll (+2 others)
[520/926    0s] Csc Library/Bee/artifacts/2000b0aE.dag/Unity.RenderPipelines.Universal.2D.Internal.dll (+2 others) [CacheHit 79f5909f97161c3b0d31c9f517dbb3ac00000000000000000000000000000003]
[527/926   1780722203s] Csc Library/Bee/artifacts/2000b0aE.dag/Unity.RenderPipelines.Universal.2D.Internal.dll (+2 others)
[529/926    0s] MovedFromExtractorCombine Library/Bee/artifacts/2000b0aE.dag/Unity.Settings.Editor.dll.mvfrm
[522/926    0s] Csc Library/Bee/artifacts/2000b0aE.dag/Unity.MemoryProfiler.dll (+2 others) [CacheHit b66c22ae55ab4624894fce56af263e9900000000000000000000000000000003]
[530/926   1780722203s] Csc Library/Bee/artifacts/2000b0aE.dag/Unity.MemoryProfiler.dll (+2 others)
[523/926    0s] Csc Library/Bee/artifacts/2000b0aE.dag/Unity.TextMeshPro.dll (+2 others) [CacheHit c7312f20df2f411b160e7f87f30ea0b100000000000000000000000000000003]
[532/926   1780722203s] Csc Library/Bee/artifacts/2000b0aE.dag/Unity.TextMeshPro.dll (+2 others)
[524/926    0s] Csc Library/Bee/artifacts/2000b0aE.dag/Unity.VisualScripting.Core.dll (+2 others) [CacheHit c2ef6f577fca4749d264ab2862bfad6c00000000000000000000000000000003]
[534/926   1780722203s] Csc Library/Bee/artifacts/2000b0aE.dag/Unity.VisualScripting.Core.dll (+2 others)
[525/926    0s] Csc Library/Bee/artifacts/2000b0aE.dag/Unity.ShaderGraph.Utilities.dll (+2 others) [CacheHit 9f49d23edee3079043cef4f9fdbf76af00000000000000000000000000000003]
[536/926   1780722203s] Csc Library/Bee/artifacts/2000b0aE.dag/Unity.ShaderGraph.Utilities.dll (+2 others)
[526/926    0s] Csc Library/Bee/artifacts/2000b0aE.dag/Unity.EditorCoroutines.Editor.dll (+2 others) [CacheHit b8357ccc4772b93f28d7f8ab3b1cc51400000000000000000000000000000003]
[538/926   1780722203s] Csc Library/Bee/artifacts/2000b0aE.dag/Unity.EditorCoroutines.Editor.dll (+2 others)
[527/926    0s] Csc Library/Bee/artifacts/2000b0aE.dag/Unity.Searcher.Editor.dll (+2 others) [CacheHit a4a50ffddac1fd31a77abfe5791fb6e700000000000000000000000000000003]
[540/926   1780722203s] Csc Library/Bee/artifacts/2000b0aE.dag/Unity.Searcher.Editor.dll (+2 others)
[528/926    0s] Csc Library/Bee/artifacts/2000b0aE.dag/Unity.Burst.dll (+2 others) [CacheHit 48f9f60b941385af4f70b50f27a3845900000000000000000000000000000003]
[542/926   1780722203s] Csc Library/Bee/artifacts/2000b0aE.dag/Unity.Burst.dll (+2 others)
[529/926    0s] Csc Library/Bee/artifacts/2000b0aE.dag/Unity.ScriptableBuildPipeline.dll (+2 others) [CacheHit 88a590242fa9da11cdcdb4fdcc76cee800000000000000000000000000000003]
[544/926   1780722204s] Csc Library/Bee/artifacts/2000b0aE.dag/Unity.ScriptableBuildPipeline.dll (+2 others)
[530/926    0s] Csc Library/Bee/artifacts/2000b0aE.dag/Unity.Profiling.Core.dll (+2 others) [CacheHit 2df03977f69fd209d63b65ddc68abd2000000000000000000000000000000003]
[546/926   1780722204s] Csc Library/Bee/artifacts/2000b0aE.dag/Unity.Profiling.Core.dll (+2 others)
[531/926    0s] Csc Library/Bee/artifacts/2000b0aE.dag/Unity.Timeline.dll (+2 others) [CacheHit b131af82fa176b779c2282467aa2543000000000000000000000000000000003]
[548/926   1780722204s] Csc Library/Bee/artifacts/2000b0aE.dag/Unity.Timeline.dll (+2 others)
[550/926    0s] MovedFromExtractorCombine Library/Bee/artifacts/2000b0aE.dag/Unity.TestTools.CodeCoverage.Editor.OpenCover.Mono.Reflection.dll.mvfrm
[533/926    0s] Csc Library/Bee/artifacts/2000b0aE.dag/Unity.Settings.Editor.dll (+2 others) [CacheHit e98e17b68f976a477fd0cfae11f229cf00000000000000000000000000000003]
[551/926   1780722204s] Csc Library/Bee/artifacts/2000b0aE.dag/Unity.Settings.Editor.dll (+2 others)
[553/926    0s] MovedFromExtractor Library/Bee/artifacts/mvdfrm/Unity.Mathematics.ref.dll_9B4CF66C9079F0F4.mvfrm
[554/926    0s] MovedFromExtractorCombine Library/Bee/artifacts/2000b0aE.dag/Unity.TestTools.CodeCoverage.Editor.OpenCover.Model.dll.mvfrm
[555/926    1s] MovedFromExtractor Library/Bee/artifacts/mvdfrm/Unity.RenderPipelines.Universal.2D.Internal.ref.dll_549AA65E60DE9511.mvfrm
[537/926    0s] Csc Library/Bee/artifacts/2000b0aE.dag/Unity.TestTools.CodeCoverage.Editor.OpenCover.Mono.Reflection.dll (+2 others) [CacheHit e1022d1410e6077a382484757197a1f200000000000000000000000000000003]
[556/926   1780722204s] Csc Library/Bee/artifacts/2000b0aE.dag/Unity.TestTools.CodeCoverage.Editor.OpenCover.Mono.Reflection.dll (+2 others)
[558/926    0s] MovedFromExtractor Library/Bee/artifacts/mvdfrm/Unity.ShaderGraph.Utilities.ref.dll_51678CFD4C3F7803.mvfrm
[559/926    0s] MovedFromExtractor Library/Bee/artifacts/mvdfrm/Unity.VisualScripting.Core.ref.dll_EA71DBF61AC412EE.mvfrm
[560/926    1s] MovedFromExtractor Library/Bee/artifacts/mvdfrm/Unity.MemoryProfiler.ref.dll_FD9C5AB57C528E12.mvfrm
[561/926    1s] MovedFromExtractor Library/Bee/artifacts/mvdfrm/Unity.RenderPipelines.Core.Runtime.ref.dll_CF30EDBCD4D1A604.mvfrm
[562/926    1s] MovedFromExtractor Library/Bee/artifacts/mvdfrm/Unity.EditorCoroutines.Editor.ref.dll_63B9EB35A0645901.mvfrm
[563/926    1s] MovedFromExtractor Library/Bee/artifacts/mvdfrm/Unity.Searcher.Editor.ref.dll_0B020369C2B9D134.mvfrm
[544/926    0s] Csc Library/Bee/artifacts/2000b0aE.dag/Unity.TestTools.CodeCoverage.Editor.OpenCover.Model.dll (+2 others) [CacheHit 583f9bd2174b244b3fd3b60951ac47db00000000000000000000000000000003]
[564/926   1780722205s] Csc Library/Bee/artifacts/2000b0aE.dag/Unity.TestTools.CodeCoverage.Editor.OpenCover.Model.dll (+2 others)
[566/926    1s] MovedFromExtractor Library/Bee/artifacts/mvdfrm/Unity.Burst.ref.dll_75A67EE1951F90CE.mvfrm
[567/926    1s] MovedFromExtractor Library/Bee/artifacts/mvdfrm/Unity.ScriptableBuildPipeline.ref.dll_5694DD008534A739.mvfrm
[568/926    1s] MovedFromExtractor Library/Bee/artifacts/mvdfrm/Unity.Profiling.Core.ref.dll_29C6C54F498BDD8F.mvfrm
[569/926    1s] MovedFromExtractor Library/Bee/artifacts/mvdfrm/Unity.Timeline.ref.dll_D34675E5055C5209.mvfrm
[570/926    1s] MovedFromExtractor Library/Bee/artifacts/mvdfrm/Unity.TestTools.CodeCoverage.Editor.OpenCover.Mono.Reflection.ref.dll_C83781DD64A29266.mvfrm
[571/926    0s] MovedFromExtractorCombine Library/Bee/artifacts/2000b0aE.dag/Unity.RenderPipeline.Universal.ShaderLibrary.dll.mvfrm
[572/926    0s] MovedFromExtractorCombine Library/Bee/artifacts/2000b0aE.dag/Unity.RenderPipelines.Universal.Config.Runtime.dll.mvfrm
[573/926    1s] MovedFromExtractorCombine Library/Bee/artifacts/2000b0aE.dag/Unity.Mathematics.Editor.dll.mvfrm
[574/926    1s] MovedFromExtractorCombine Library/Bee/artifacts/2000b0aE.dag/Unity.VisualScripting.Flow.dll.mvfrm
[575/926    0s] MovedFromExtractorCombine Library/Bee/artifacts/2000b0aE.dag/Unity.RenderPipelines.Core.Editor.dll.mvfrm
[576/926    1s] MovedFromExtractor Library/Bee/artifacts/mvdfrm/Unity.TextMeshPro.ref.dll_3701448EC0EF5C81.mvfrm
[577/926    2s] Csc Library/Bee/artifacts/2000b0aE.dag/UniTask.dll (+2 others)
[578/926    1s] MovedFromExtractor Library/Bee/artifacts/mvdfrm/Unity.Settings.Editor.ref.dll_77A5373D6A1F93D6.mvfrm
[579/926    0s] MovedFromExtractorCombine Library/Bee/artifacts/2000b0aE.dag/YooAsset.dll.mvfrm
[580/926    0s] MovedFromExtractorCombine Library/Bee/artifacts/2000b0aE.dag/Unity.Collections.dll.mvfrm
[581/926    1s] Csc Library/Bee/artifacts/2000b0aE.dag/UnityWebSocket.Runtime.dll (+2 others)
[582/926    1s] MovedFromExtractorCombine Library/Bee/artifacts/2000b0aE.dag/Unity.VisualScripting.Core.Editor.dll.mvfrm
[583/926    0s] MovedFromExtractorCombine Library/Bee/artifacts/2000b0aE.dag/Unity.Burst.CodeGen.dll.mvfrm
[563/926    0s] Csc Library/Bee/artifacts/2000b0aE.dag/Unity.Mathematics.Editor.dll (+2 others) [CacheHit ce55a385e70a1d58d43c304d10322e0000000000000000000000000000000003]
[584/926   1780722206s] Csc Library/Bee/artifacts/2000b0aE.dag/Unity.Mathematics.Editor.dll (+2 others)
[564/926    0s] Csc Library/Bee/artifacts/2000b0aE.dag/Unity.RenderPipeline.Universal.ShaderLibrary.dll (+2 others) [CacheHit 035bec91787fd4839ace35bbb67aefed00000000000000000000000000000003]
[586/926   1780722206s] Csc Library/Bee/artifacts/2000b0aE.dag/Unity.RenderPipeline.Universal.ShaderLibrary.dll (+2 others)
[588/926    1s] MovedFromExtractor Library/Bee/artifacts/mvdfrm/Unity.TestTools.CodeCoverage.Editor.OpenCover.Model.ref.dll_A9B4CA1AA14E26F9.mvfrm
[589/926    0s] MovedFromExtractorCombine Library/Bee/artifacts/2000b0aE.dag/Unity.Burst.Editor.dll.mvfrm
[590/926    0s] MovedFromExtractorCombine Library/Bee/artifacts/2000b0aE.dag/Unity.Timeline.Editor.dll.mvfrm
[568/926    0s] Csc Library/Bee/artifacts/2000b0aE.dag/Unity.RenderPipelines.Core.Editor.dll (+2 others) [CacheHit 07008ca6f4d928f9190e24102bcc43b000000000000000000000000000000003]
[591/926   1780722206s] Csc Library/Bee/artifacts/2000b0aE.dag/Unity.RenderPipelines.Core.Editor.dll (+2 others)
[569/926    0s] Csc Library/Bee/artifacts/2000b0aE.dag/Unity.VisualScripting.Flow.dll (+2 others) [CacheHit 120ead8a16d2c944d7d0ca4ac7b56d2000000000000000000000000000000003]
[593/926   1780722206s] Csc Library/Bee/artifacts/2000b0aE.dag/Unity.VisualScripting.Flow.dll (+2 others)
[570/926    0s] Csc Library/Bee/artifacts/2000b0aE.dag/Unity.RenderPipelines.Universal.Config.Runtime.dll (+2 others) [CacheHit 62fe9e500bdd39a953bfcf66ddf6dc5600000000000000000000000000000003]
[595/926   1780722206s] Csc Library/Bee/artifacts/2000b0aE.dag/Unity.RenderPipelines.Universal.Config.Runtime.dll (+2 others)
[571/926    0s] Csc Library/Bee/artifacts/2000b0aE.dag/Unity.Collections.dll (+2 others) [CacheHit 0d436c4256c0ea9dea58eb1edf9603fb00000000000000000000000000000003]
[597/926   1780722206s] Csc Library/Bee/artifacts/2000b0aE.dag/Unity.Collections.dll (+2 others)
[599/926    0s] MovedFromExtractorCombine Library/Bee/artifacts/2000b0aE.dag/Unity.ScriptableBuildPipeline.Editor.dll.mvfrm
[600/926    0s] MovedFromExtractorCombine Library/Bee/artifacts/2000b0aE.dag/Wx.dll.mvfrm
[601/926    0s] MovedFromExtractorCombine Library/Bee/artifacts/2000b0aE.dag/Unity.PlasticSCM.Editor.dll.mvfrm
[575/926    0s] Csc Library/Bee/artifacts/2000b0aE.dag/Unity.Burst.CodeGen.dll (+2 others) [CacheHit 01d2eabfff28921c57c752a7b840155600000000000000000000000000000003]
[602/926   1780722206s] Csc Library/Bee/artifacts/2000b0aE.dag/Unity.Burst.CodeGen.dll (+2 others)
[576/926    0s] Csc Library/Bee/artifacts/2000b0aE.dag/Unity.Burst.Editor.dll (+2 others) [CacheHit ab7eae3403fea369bd07bd8326a3ec3300000000000000000000000000000003]
[604/926   1780722207s] Csc Library/Bee/artifacts/2000b0aE.dag/Unity.Burst.Editor.dll (+2 others)
[577/926    0s] Csc Library/Bee/artifacts/2000b0aE.dag/Unity.VisualScripting.Core.Editor.dll (+2 others) [CacheHit b53c6d83b42f47180df3cd3f8322de5f00000000000000000000000000000003]
[606/926   1780722207s] Csc Library/Bee/artifacts/2000b0aE.dag/Unity.VisualScripting.Core.Editor.dll (+2 others)
[608/926    1s] MovedFromExtractor Library/Bee/artifacts/mvdfrm/UnityWebSocket.Runtime.ref.dll_2F91B86DCE0C09DB.mvfrm
[609/926    0s] MovedFromExtractor Library/Bee/artifacts/mvdfrm/Unity.RenderPipeline.Universal.ShaderLibrary.ref.dll_E247BC73EF2948C5.mvfrm
[610/926    0s] MovedFromExtractorCombine Library/Bee/artifacts/2000b0aE.dag/Unity.Rider.Editor.dll.mvfrm
[611/926    1s] MovedFromExtractor Library/Bee/artifacts/mvdfrm/Unity.Mathematics.Editor.ref.dll_64944B6DD477E1FD.mvfrm
[582/926    0s] Csc Library/Bee/artifacts/2000b0aE.dag/Unity.Timeline.Editor.dll (+2 others) [CacheHit 1abf13fbb9b124e9278fac1207a7c58c00000000000000000000000000000003]
[612/926   1780722207s] Csc Library/Bee/artifacts/2000b0aE.dag/Unity.Timeline.Editor.dll (+2 others)
[614/926    1s] MovedFromExtractor Library/Bee/artifacts/mvdfrm/Unity.VisualScripting.Flow.ref.dll_3182BC4C9CCD879D.mvfrm
[615/926    1s] MovedFromExtractor Library/Bee/artifacts/mvdfrm/Unity.RenderPipelines.Universal.Config.Runtime.ref.dll_A3C85FC5BF68AEBA.mvfrm
[616/926    1s] Csc Library/Bee/artifacts/2000b0aE.dag/YooAsset.dll (+2 others)
[617/926    1s] MovedFromExtractor Library/Bee/artifacts/mvdfrm/Unity.Collections.ref.dll_17CA8F61EA9E7873.mvfrm
[587/926    0s] Csc Library/Bee/artifacts/2000b0aE.dag/Unity.ScriptableBuildPipeline.Editor.dll (+2 others) [CacheHit 190c99d4b5406d57a5dfb82db4f23c3800000000000000000000000000000003]
[618/926   1780722207s] Csc Library/Bee/artifacts/2000b0aE.dag/Unity.ScriptableBuildPipeline.Editor.dll (+2 others)
[588/926    0s] Csc Library/Bee/artifacts/2000b0aE.dag/Unity.PlasticSCM.Editor.dll (+2 others) [CacheHit e66c431545fa3e062ae246c3837b950600000000000000000000000000000003]
[620/926   1780722207s] Csc Library/Bee/artifacts/2000b0aE.dag/Unity.PlasticSCM.Editor.dll (+2 others)
[622/926    1s] MovedFromExtractor Library/Bee/artifacts/mvdfrm/Unity.RenderPipelines.Core.Editor.ref.dll_DCDF94754BA77937.mvfrm
[623/926    1s] MovedFromExtractorCombine Library/Bee/artifacts/2000b0aE.dag/Unity.VSCode.Editor.dll.mvfrm
[624/926    0s] MovedFromExtractorCombine Library/Bee/artifacts/2000b0aE.dag/UnityWebSocket.Editor.dll.mvfrm
[625/926    1s] MovedFromExtractor Library/Bee/artifacts/mvdfrm/Unity.Burst.Editor.ref.dll_030BCB777AA5BDC3.mvfrm
[626/926    1s] MovedFromExtractorCombine Library/Bee/artifacts/2000b0aE.dag/Unity.VisualStudio.Editor.dll.mvfrm
[627/926    1s] MovedFromExtractor Library/Bee/artifacts/mvdfrm/Unity.VisualScripting.Core.Editor.ref.dll_83BC621B72BABDA3.mvfrm
[628/926    0s] MovedFromExtractorCombine Library/Bee/artifacts/2000b0aE.dag/Unity.VisualScripting.State.dll.mvfrm
[629/926    1s] MovedFromExtractorCombine Library/Bee/artifacts/2000b0aE.dag/Unity.TestTools.CodeCoverage.Editor.dll.mvfrm
[630/926    0s] MovedFromExtractorCombine Library/Bee/artifacts/2000b0aE.dag/Unity.TextMeshPro.Editor.dll.mvfrm
[631/926    0s] MovedFromExtractorCombine Library/Bee/artifacts/2000b0aE.dag/Unity.RenderPipelines.Universal.Runtime.dll.mvfrm
[632/926    0s] MovedFromExtractorCombine Library/Bee/artifacts/2000b0aE.dag/Unity.2D.Sprite.Editor.dll.mvfrm
[633/926    1s] MovedFromExtractor Library/Bee/artifacts/mvdfrm/Unity.Timeline.Editor.ref.dll_05875DFCD7CD8938.mvfrm
[634/926    1s] Csc Library/Bee/artifacts/2000b0aE.dag/Wx.dll (+2 others)
[635/926    0s] MovedFromExtractorCombine Library/Bee/artifacts/2000b0aE.dag/Unity.RenderPipelines.Core.ShaderLibrary.dll.mvfrm
[636/926    0s] MovedFromExtractorCombine Library/Bee/artifacts/2000b0aE.dag/Unity.ShaderGraph.Editor.dll.mvfrm
[637/926    0s] MovedFromExtractorCombine Library/Bee/artifacts/2000b0aE.dag/Unity.MemoryProfiler.Editor.dll.mvfrm
[605/926    0s] Csc Library/Bee/artifacts/2000b0aE.dag/Unity.VisualStudio.Editor.dll (+2 others) [CacheHit 393c8f174e0c7f25f6876b716be3e3bc00000000000000000000000000000003]
[638/926   1780722209s] Csc Library/Bee/artifacts/2000b0aE.dag/Unity.VisualStudio.Editor.dll (+2 others)
[640/926    0s] MovedFromExtractorCombine Library/Bee/artifacts/2000b0aE.dag/Unity.Performance.Profile-Analyzer.Editor.dll.mvfrm
[607/926    0s] Csc Library/Bee/artifacts/2000b0aE.dag/Unity.VisualScripting.State.dll (+2 others) [CacheHit 0bb26b22d366b1d335a6224c8d6d581800000000000000000000000000000003]
[641/926   1780722209s] Csc Library/Bee/artifacts/2000b0aE.dag/Unity.VisualScripting.State.dll (+2 others)
[643/926    0s] MovedFromExtractorCombine Library/Bee/artifacts/2000b0aE.dag/Unity.RenderPipelines.ShaderGraph.ShaderGraphLibrary.dll.mvfrm
[609/926    0s] Csc Library/Bee/artifacts/2000b0aE.dag/Unity.Rider.Editor.dll (+2 others) [CacheHit 87234f5229bafa92cb42cb3de16f162a00000000000000000000000000000003]
[644/926   1780722209s] Csc Library/Bee/artifacts/2000b0aE.dag/Unity.Rider.Editor.dll (+2 others)
[610/926    0s] Csc Library/Bee/artifacts/2000b0aE.dag/Unity.VSCode.Editor.dll (+2 others) [CacheHit f8c2af21dc032363571ee0f0d3078a2900000000000000000000000000000003]
[646/926   1780722209s] Csc Library/Bee/artifacts/2000b0aE.dag/Unity.VSCode.Editor.dll (+2 others)
[611/926    0s] Csc Library/Bee/artifacts/2000b0aE.dag/Unity.TextMeshPro.Editor.dll (+2 others) [CacheHit 0543fa4b87bf645a5848ce06b53330e300000000000000000000000000000003]
[648/926   1780722209s] Csc Library/Bee/artifacts/2000b0aE.dag/Unity.TextMeshPro.Editor.dll (+2 others)
[650/926    1s] MovedFromExtractorCombine Library/Bee/artifacts/2000b0aE.dag/Unity.RenderPipelines.Universal.Shaders.dll.mvfrm
[651/926    0s] MovedFromExtractorCombine Library/Bee/artifacts/2000b0aE.dag/Unity.VisualScripting.Flow.Editor.dll.mvfrm
[614/926    0s] Csc Library/Bee/artifacts/2000b0aE.dag/Unity.2D.Sprite.Editor.dll (+2 others) [CacheHit 7c09693127f58637454617d61a8a985a00000000000000000000000000000003]
[652/926   1780722209s] Csc Library/Bee/artifacts/2000b0aE.dag/Unity.2D.Sprite.Editor.dll (+2 others)
[615/926    0s] Csc Library/Bee/artifacts/2000b0aE.dag/Unity.RenderPipelines.Core.ShaderLibrary.dll (+2 others) [CacheHit e3d5aa25c17b0bee8700ffc2b80dcd5400000000000000000000000000000003]
[654/926   1780722209s] Csc Library/Bee/artifacts/2000b0aE.dag/Unity.RenderPipelines.Core.ShaderLibrary.dll (+2 others)
[616/926    0s] Csc Library/Bee/artifacts/2000b0aE.dag/Unity.RenderPipelines.Universal.Runtime.dll (+2 others) [CacheHit 99e0660aafecc909506b588da8172e4000000000000000000000000000000003]
[656/926   1780722209s] Csc Library/Bee/artifacts/2000b0aE.dag/Unity.RenderPipelines.Universal.Runtime.dll (+2 others)
[617/926    0s] Csc Library/Bee/artifacts/2000b0aE.dag/Unity.TestTools.CodeCoverage.Editor.dll (+2 others) [CacheHit 985c747d3826787f840c32f79167172900000000000000000000000000000003]
[658/926   1780722209s] Csc Library/Bee/artifacts/2000b0aE.dag/Unity.TestTools.CodeCoverage.Editor.dll (+2 others)
[618/926    0s] Csc Library/Bee/artifacts/2000b0aE.dag/Unity.MemoryProfiler.Editor.dll (+2 others) [CacheHit a411f75f5f9dee9a374c0f6106031b2f00000000000000000000000000000003]
[660/926   1780722209s] Csc Library/Bee/artifacts/2000b0aE.dag/Unity.MemoryProfiler.Editor.dll (+2 others)
[619/926    0s] Csc Library/Bee/artifacts/2000b0aE.dag/Unity.ShaderGraph.Editor.dll (+2 others) [CacheHit ac7807ac6ba727d98c079e2b405ecd3500000000000000000000000000000003]
[662/926   1780722209s] Csc Library/Bee/artifacts/2000b0aE.dag/Unity.ShaderGraph.Editor.dll (+2 others)
[620/926    0s] Csc Library/Bee/artifacts/2000b0aE.dag/Unity.RenderPipelines.ShaderGraph.ShaderGraphLibrary.dll (+2 others) [CacheHit 80fbc6a7b3f00b7b515c1b0a11f09b8900000000000000000000000000000003]
[664/926   1780722209s] Csc Library/Bee/artifacts/2000b0aE.dag/Unity.RenderPipelines.ShaderGraph.ShaderGraphLibrary.dll (+2 others)
[621/926    0s] Csc Library/Bee/artifacts/2000b0aE.dag/Unity.Performance.Profile-Analyzer.Editor.dll (+2 others) [CacheHit df4a05ae6561aa36331bca3219e8232600000000000000000000000000000003]
[666/926   1780722209s] Csc Library/Bee/artifacts/2000b0aE.dag/Unity.Performance.Profile-Analyzer.Editor.dll (+2 others)
[622/926    0s] Csc Library/Bee/artifacts/2000b0aE.dag/Unity.RenderPipelines.Universal.Shaders.dll (+2 others) [CacheHit 0282db620be5f903f2862172641d9d4100000000000000000000000000000003]
[668/926   1780722209s] Csc Library/Bee/artifacts/2000b0aE.dag/Unity.RenderPipelines.Universal.Shaders.dll (+2 others)
[670/926    0s] MovedFromExtractor Library/Bee/artifacts/mvdfrm/Unity.VisualScripting.State.ref.dll_255AEA40301341C8.mvfrm
[671/926    0s] MovedFromExtractorCombine Library/Bee/artifacts/2000b0aE.dag/YooAsset.MiniGame.dll.mvfrm
[672/926    0s] MovedFromExtractor Library/Bee/artifacts/mvdfrm/Unity.ScriptableBuildPipeline.Editor.ref.dll_B38B4706F48A9708.mvfrm
[626/926    0s] Csc Library/Bee/artifacts/2000b0aE.dag/Unity.VisualScripting.Flow.Editor.dll (+2 others) [CacheHit 7a0f5a22a42c3eff07262c745e0c494f00000000000000000000000000000003]
[673/926   1780722210s] Csc Library/Bee/artifacts/2000b0aE.dag/Unity.VisualScripting.Flow.Editor.dll (+2 others)
[675/926    1s] Csc Library/Bee/artifacts/2000b0aE.dag/UnityWebSocket.Editor.dll (+2 others)
[676/926    0s] MovedFromExtractorCombine Library/Bee/artifacts/2000b0aE.dag/AllIn1SpriteShaderAssembly.dll.mvfrm
[677/926    0s] MovedFromExtractorCombine Library/Bee/artifacts/2000b0aE.dag/UniTask.Addressables.dll.mvfrm
[678/926    0s] MovedFromExtractorCombine Library/Bee/artifacts/2000b0aE.dag/WxEditor.dll.mvfrm
[679/926    1s] MovedFromExtractorCombine Library/Bee/artifacts/2000b0aE.dag/UniTask.TextMeshPro.dll.mvfrm
[680/926    1s] MovedFromExtractor Library/Bee/artifacts/mvdfrm/Unity.RenderPipelines.Universal.Runtime.ref.dll_EE5FEFE6147E65D0.mvfrm
[681/926    0s] MovedFromExtractorCombine Library/Bee/artifacts/2000b0aE.dag/UniTask.DOTween.dll.mvfrm
[682/926    0s] MovedFromExtractorCombine Library/Bee/artifacts/2000b0aE.dag/UniTask.Linq.dll.mvfrm
[683/926    0s] MovedFromExtractorCombine Library/Bee/artifacts/2000b0aE.dag/YooAsset.RuntimeExtension.dll.mvfrm
[684/926    0s] MovedFromExtractor Library/Bee/artifacts/mvdfrm/Unity.ShaderGraph.Editor.ref.dll_D9C390C28F91CC8A.mvfrm
[685/926    1s] MovedFromExtractor Library/Bee/artifacts/mvdfrm/Unity.MemoryProfiler.Editor.ref.dll_1750DAED0F4FC0BF.mvfrm
[686/926    0s] MovedFromExtractorCombine Library/Bee/artifacts/2000b0aE.dag/YooAsset.Editor.dll.mvfrm
[687/926    0s] MovedFromExtractor Library/Bee/artifacts/mvdfrm/Unity.PlasticSCM.Editor.ref.dll_9B6D9940AFF80C3C.mvfrm
[688/926    0s] MovedFromExtractor Library/Bee/artifacts/mvdfrm/Unity.VisualScripting.Flow.Editor.ref.dll_00ED4ACA819948E4.mvfrm
[689/926    0s] MovedFromExtractor Library/Bee/artifacts/mvdfrm/UnityWebSocket.Editor.ref.dll_8B003C63F1373350.mvfrm
[690/926    0s] MovedFromExtractorCombine Library/Bee/artifacts/2000b0aE.dag/Cinemachine.dll.mvfrm
[691/926    1s] Csc Library/Bee/artifacts/2000b0aE.dag/YooAsset.MiniGame.dll (+2 others)
[692/926    1s] Csc Library/Bee/artifacts/2000b0aE.dag/AllIn1SpriteShaderAssembly.dll (+2 others)
[693/926    1s] Csc Library/Bee/artifacts/2000b0aE.dag/UniTask.Addressables.dll (+2 others)
[694/926    0s] Csc Library/Bee/artifacts/2000b0aE.dag/UniTask.TextMeshPro.dll (+2 others)
[695/926    4s] ILPP-Configuration Library/ilpp-configuration.nevergeneratedoutput
[696/926    0s] Csc Library/Bee/artifacts/2000b0aE.dag/UniTask.DOTween.dll (+2 others)
[697/926    1s] Csc Library/Bee/artifacts/2000b0aE.dag/WxEditor.dll (+2 others)
Assets\WX-WASM-SDK-V2\Editor\Playable\WXPlayableEditorSettingHelper.cs(19,29): warning CS0414: The field 'WXPlayableSettingsHelper.m_EnablePerfTool' is assigned but its value is never used
[698/926    0s] MovedFromExtractorCombine Library/Bee/artifacts/2000b0aE.dag/Unity.RenderPipelines.Universal.Editor.dll.mvfrm
[651/926    0s] Csc Library/Bee/artifacts/2000b0aE.dag/Cinemachine.dll (+2 others) [CacheHit 79e51b8201fb441b4558c6db34609e9f00000000000000000000000000000003]
[699/926   1780722211s] Csc Library/Bee/artifacts/2000b0aE.dag/Cinemachine.dll (+2 others)
[701/926    1s] Csc Library/Bee/artifacts/2000b0aE.dag/YooAsset.RuntimeExtension.dll (+2 others)
[702/926    1s] MovedFromExtractorCombine Library/Bee/artifacts/2000b0aE.dag/Unity.MemoryProfiler.Editor.MemoryProfilerModule.dll.mvfrm
[703/926    1s] MovedFromExtractor Library/Bee/artifacts/mvdfrm/Unity.RenderPipelines.Universal.Shaders.ref.dll_2EC7FF2F52ED0106.mvfrm
[704/926    1s] MovedFromExtractorCombine Library/Bee/artifacts/2000b0aE.dag/Unity.VisualScripting.SettingsProvider.Editor.dll.mvfrm
[705/926    1s] MovedFromExtractorCombine Library/Bee/artifacts/2000b0aE.dag/Unity.VisualScripting.State.Editor.dll.mvfrm
[706/926    1s] MovedFromExtractor Library/Bee/artifacts/mvdfrm/Unity.RenderPipelines.ShaderGraph.ShaderGraphLibrary.ref.dll_8B66DE12A280B752.mvfrm
[707/926    1s] MovedFromExtractor Library/Bee/artifacts/mvdfrm/Unity.Performance.Profile-Analyzer.Editor.ref.dll_C0422B8CE3C1BDD1.mvfrm
[659/926    0s] Csc Library/Bee/artifacts/2000b0aE.dag/Unity.RenderPipelines.Universal.Editor.dll (+2 others) [CacheHit 8597395830b7fe496eae09a5ed3f197500000000000000000000000000000003]
[708/926   1780722212s] Csc Library/Bee/artifacts/2000b0aE.dag/Unity.RenderPipelines.Universal.Editor.dll (+2 others)
[660/926    0s] Csc Library/Bee/artifacts/2000b0aE.dag/Unity.MemoryProfiler.Editor.MemoryProfilerModule.dll (+2 others) [CacheHit 243bb11860da6eac68c5009e3e1fdaef00000000000000000000000000000003]
[710/926   1780722212s] Csc Library/Bee/artifacts/2000b0aE.dag/Unity.MemoryProfiler.Editor.MemoryProfilerModule.dll (+2 others)
[712/926    1s] MovedFromExtractor Library/Bee/artifacts/mvdfrm/Unity.TestTools.CodeCoverage.Editor.ref.dll_33A4BA77A8412D3F.mvfrm
[662/926    0s] Csc Library/Bee/artifacts/2000b0aE.dag/Unity.VisualScripting.SettingsProvider.Editor.dll (+2 others) [CacheHit 19eb7b4f5fc92cca911779cf5c45143c00000000000000000000000000000003]
[713/926   1780722212s] Csc Library/Bee/artifacts/2000b0aE.dag/Unity.VisualScripting.SettingsProvider.Editor.dll (+2 others)
[715/926    1s] Csc Library/Bee/artifacts/2000b0aE.dag/YooAsset.Editor.dll (+2 others)
[716/926    1s] MovedFromExtractor Library/Bee/artifacts/mvdfrm/Unity.VisualStudio.Editor.ref.dll_7E7DD2F3C2805153.mvfrm
[717/926    1s] MovedFromExtractor Library/Bee/artifacts/mvdfrm/Unity.RenderPipelines.Core.ShaderLibrary.ref.dll_E399BB15452351D2.mvfrm
[718/926    1s] MovedFromExtractor Library/Bee/artifacts/mvdfrm/Unity.VSCode.Editor.ref.dll_CF19E61DDF16767F.mvfrm
[719/926    1s] MovedFromExtractor Library/Bee/artifacts/mvdfrm/Unity.Rider.Editor.ref.dll_BB682F4C994978A9.mvfrm
[720/926    1s] MovedFromExtractor Library/Bee/artifacts/mvdfrm/Unity.TextMeshPro.Editor.ref.dll_E01181B6C057CE40.mvfrm
[721/926    2s] Csc Library/Bee/artifacts/2000b0aE.dag/UniTask.Linq.dll (+2 others)
[670/926    0s] Csc Library/Bee/artifacts/2000b0aE.dag/Unity.VisualScripting.State.Editor.dll (+2 others) [CacheHit 39bfb3c63fcf45c31e76d805fb3b537b00000000000000000000000000000003]
[722/926   1780722213s] Csc Library/Bee/artifacts/2000b0aE.dag/Unity.VisualScripting.State.Editor.dll (+2 others)
[724/926    0s] MovedFromExtractorCombine Library/Bee/artifacts/2000b0aE.dag/com.unity.cinemachine.Tests.dll.mvfrm
[725/926    1s] MovedFromExtractor Library/Bee/artifacts/mvdfrm/Unity.2D.Sprite.Editor.ref.dll_493FFFF13AE54DA2.mvfrm
[726/926    0s] MovedFromExtractorCombine Library/Bee/artifacts/2000b0aE.dag/Unity.Collections.BurstCompatibilityGen.dll.mvfrm
[727/926    0s] MovedFromExtractorCombine Library/Bee/artifacts/2000b0aE.dag/UniTask.Editor.dll.mvfrm
[728/926    0s] MovedFromExtractor Library/Bee/artifacts/mvdfrm/Unity.MemoryProfiler.Editor.MemoryProfilerModule.ref.dll_BC0D5F41BF11455B.mvfrm
[729/926    1s] MovedFromExtractor Library/Bee/artifacts/mvdfrm/Unity.RenderPipelines.Universal.Editor.ref.dll_FA965DB48716C02B.mvfrm
[677/926    0s] Csc Library/Bee/artifacts/2000b0aE.dag/com.unity.cinemachine.Tests.dll (+2 others) [CacheHit 1f40a7431cd107c53a0dd701915c533c00000000000000000000000000000003]
[730/926   1780722213s] Csc Library/Bee/artifacts/2000b0aE.dag/com.unity.cinemachine.Tests.dll (+2 others)
[732/926    1s] MovedFromExtractorCombine Library/Bee/artifacts/2000b0aE.dag/Unity.Collections.DocCodeSamples.dll.mvfrm
[733/926    0s] MovedFromExtractorCombine Library/Bee/artifacts/2000b0aE.dag/com.unity.cinemachine.EditorTests.dll.mvfrm
[734/926    1s] MovedFromExtractor Library/Bee/artifacts/mvdfrm/Unity.VisualScripting.SettingsProvider.Editor.ref.dll_95D4598D0844CFCE.mvfrm
[681/926    0s] Csc Library/Bee/artifacts/2000b0aE.dag/Unity.Collections.BurstCompatibilityGen.dll (+2 others) [CacheHit a3568d24955f6cf88db9ce9795f8207900000000000000000000000000000003]
[735/926   1780722214s] Csc Library/Bee/artifacts/2000b0aE.dag/Unity.Collections.BurstCompatibilityGen.dll (+2 others)
[737/926    1s] MovedFromExtractorCombine Library/Bee/artifacts/2000b0aE.dag/Unity.CollabProxy.Editor.dll.mvfrm
[683/926    0s] Csc Library/Bee/artifacts/2000b0aE.dag/Unity.Collections.DocCodeSamples.dll (+2 others) [CacheHit 803aca0caf7bb6eeb143d82c48c9534c00000000000000000000000000000003]
[738/926   1780722214s] Csc Library/Bee/artifacts/2000b0aE.dag/Unity.Collections.DocCodeSamples.dll (+2 others)
[740/926    1s] ILPostProcess Library/Bee/artifacts/2000b0aE.dag/post-processed/Unity.RenderPipelines.Core.Runtime.dll (+pdb)
Processing assembly Library/Bee/artifacts/2000b0aE.dag/Unity.RenderPipelines.Core.Runtime.dll, with 108 defines and 229 references

processors: zzzUnity.Burst.CodeGen.BurstILPostProcessor

running zzzUnity.Burst.CodeGen.BurstILPostProcessor
[741/926    1s] ILPostProcess Library/Bee/artifacts/2000b0aE.dag/post-processed/Unity.RenderPipeline.Universal.ShaderLibrary.dll (+pdb)
Processing assembly Library/Bee/artifacts/2000b0aE.dag/Unity.RenderPipeline.Universal.ShaderLibrary.dll, with 106 defines and 230 references

processors: zzzUnity.Burst.CodeGen.BurstILPostProcessor

running zzzUnity.Burst.CodeGen.BurstILPostProcessor
[742/926    1s] MovedFromExtractor Library/Bee/artifacts/mvdfrm/Unity.VisualScripting.State.Editor.ref.dll_E0FF03DA7F2CFA69.mvfrm
[743/926    1s] ILPostProcess Library/Bee/artifacts/2000b0aE.dag/post-processed/Unity.RenderPipelines.Core.ShaderLibrary.dll (+pdb)
Processing assembly Library/Bee/artifacts/2000b0aE.dag/Unity.RenderPipelines.Core.ShaderLibrary.dll, with 106 defines and 229 references

processors: zzzUnity.Burst.CodeGen.BurstILPostProcessor

running zzzUnity.Burst.CodeGen.BurstILPostProcessor
[744/926    1s] ILPostProcess Library/Bee/artifacts/2000b0aE.dag/post-processed/UniTask.Linq.dll (+pdb)
Processing assembly Library/Bee/artifacts/2000b0aE.dag/UniTask.Linq.dll, with 106 defines and 230 references

processors: zzzUnity.Burst.CodeGen.BurstILPostProcessor

running zzzUnity.Burst.CodeGen.BurstILPostProcessor
[745/926    0s] MovedFromExtractorCombine Library/Bee/artifacts/2000b0aE.dag/PPv2URPConverters.dll.mvfrm
[746/926    1s] ILPostProcess Library/Bee/artifacts/2000b0aE.dag/post-processed/Unity.RenderPipelines.Universal.Shaders.dll (+pdb)
Processing assembly Library/Bee/artifacts/2000b0aE.dag/Unity.RenderPipelines.Universal.Shaders.dll, with 106 defines and 229 references

processors: zzzUnity.Burst.CodeGen.BurstILPostProcessor

running zzzUnity.Burst.CodeGen.BurstILPostProcessor
[747/926    0s] MovedFromExtractorCombine Library/Bee/artifacts/2000b0aE.dag/com.unity.cinemachine.editor.dll.mvfrm
[748/926    1s] ILPostProcess Library/Bee/artifacts/2000b0aE.dag/post-processed/Unity.Timeline.dll (+pdb)
Processing assembly Library/Bee/artifacts/2000b0aE.dag/Unity.Timeline.dll, with 107 defines and 229 references

processors: zzzUnity.Burst.CodeGen.BurstILPostProcessor

running zzzUnity.Burst.CodeGen.BurstILPostProcessor
[749/926    0s] ILPostProcess Library/Bee/artifacts/2000b0aE.dag/post-processed/YooAsset.RuntimeExtension.dll (+pdb)
Processing assembly Library/Bee/artifacts/2000b0aE.dag/YooAsset.RuntimeExtension.dll, with 106 defines and 230 references

processors: zzzUnity.Burst.CodeGen.BurstILPostProcessor

running zzzUnity.Burst.CodeGen.BurstILPostProcessor
[750/926    0s] ILPostProcess Library/Bee/artifacts/2000b0aE.dag/post-processed/com.unity.cinemachine.Tests.dll (+pdb)
Processing assembly Library/Bee/artifacts/2000b0aE.dag/com.unity.cinemachine.Tests.dll, with 106 defines and 208 references

processors: zzzUnity.Burst.CodeGen.BurstILPostProcessor

running zzzUnity.Burst.CodeGen.BurstILPostProcessor
[751/926    1s] Csc Library/Bee/artifacts/2000b0aE.dag/UniTask.Editor.dll (+2 others)
[752/926    0s] ILPostProcess Library/Bee/artifacts/2000b0aE.dag/post-processed/Cinemachine.dll (+pdb)
Processing assembly Library/Bee/artifacts/2000b0aE.dag/Cinemachine.dll, with 113 defines and 232 references

processors: zzzUnity.Burst.CodeGen.BurstILPostProcessor

running zzzUnity.Burst.CodeGen.BurstILPostProcessor
[697/926    0s] Csc Library/Bee/artifacts/2000b0aE.dag/Unity.CollabProxy.Editor.dll (+2 others) [CacheHit 65e0d7f4bc8a3e622f826ee2ade716ea00000000000000000000000000000003]
[753/926   1780722214s] Csc Library/Bee/artifacts/2000b0aE.dag/Unity.CollabProxy.Editor.dll (+2 others)
[698/926    0s] Csc Library/Bee/artifacts/2000b0aE.dag/com.unity.cinemachine.editor.dll (+2 others) [CacheHit 7d16798d9f3fea8bfe253250f075ee5000000000000000000000000000000003]
[755/926   1780722215s] Csc Library/Bee/artifacts/2000b0aE.dag/com.unity.cinemachine.editor.dll (+2 others)
[757/926    1s] ILPostProcess Library/Bee/artifacts/2000b0aE.dag/post-processed/Unity.Burst.dll (+pdb)
Processing assembly Library/Bee/artifacts/2000b0aE.dag/Unity.Burst.dll, with 106 defines and 208 references

processors: zzzUnity.Burst.CodeGen.BurstILPostProcessor

running zzzUnity.Burst.CodeGen.BurstILPostProcessor
[699/926    0s] Csc Library/Bee/artifacts/2000b0aE.dag/PPv2URPConverters.dll (+2 others) [CacheHit 602783f165eb947af9b8b8e877e9251a00000000000000000000000000000003]
[758/926   1780722215s] Csc Library/Bee/artifacts/2000b0aE.dag/PPv2URPConverters.dll (+2 others)
[760/926    1s] MovedFromExtractorCombine Library/Bee/artifacts/2000b0aE.dag/Unity.VisualScripting.Shared.Editor.dll.mvfrm
[761/926    1s] ILPostProcess Library/Bee/artifacts/2000b0aE.dag/post-processed/Unity.MemoryProfiler.dll (+pdb)
Processing assembly Library/Bee/artifacts/2000b0aE.dag/Unity.MemoryProfiler.dll, with 107 defines and 229 references

processors: zzzUnity.Burst.CodeGen.BurstILPostProcessor

running zzzUnity.Burst.CodeGen.BurstILPostProcessor
[762/926    1s] ILPostProcess Library/Bee/artifacts/2000b0aE.dag/post-processed/UniTask.DOTween.dll (+pdb)
Processing assembly Library/Bee/artifacts/2000b0aE.dag/UniTask.DOTween.dll, with 106 defines and 230 references

processors: zzzUnity.Burst.CodeGen.BurstILPostProcessor

running zzzUnity.Burst.CodeGen.BurstILPostProcessor
[763/926    1s] ILPostProcess Library/Bee/artifacts/2000b0aE.dag/post-processed/Unity.RenderPipelines.Universal.2D.Internal.dll (+pdb)
Processing assembly Library/Bee/artifacts/2000b0aE.dag/Unity.RenderPipelines.Universal.2D.Internal.dll, with 106 defines and 229 references

processors: zzzUnity.Burst.CodeGen.BurstILPostProcessor

running zzzUnity.Burst.CodeGen.BurstILPostProcessor
[764/926    1s] ILPostProcess Library/Bee/artifacts/2000b0aE.dag/post-processed/UniTask.dll (+pdb)
Processing assembly Library/Bee/artifacts/2000b0aE.dag/UniTask.dll, with 112 defines and 229 references

processors: zzzUnity.Burst.CodeGen.BurstILPostProcessor

running zzzUnity.Burst.CodeGen.BurstILPostProcessor
[765/926    1s] ILPostProcess Library/Bee/artifacts/2000b0aE.dag/post-processed/AllIn1SpriteShaderAssembly.dll (+pdb)
Processing assembly Library/Bee/artifacts/2000b0aE.dag/AllIn1SpriteShaderAssembly.dll, with 106 defines and 229 references

processors: zzzUnity.Burst.CodeGen.BurstILPostProcessor

running zzzUnity.Burst.CodeGen.BurstILPostProcessor
[766/926    1s] ILPostProcess Library/Bee/artifacts/2000b0aE.dag/post-processed/Unity.RenderPipelines.Universal.Config.Runtime.dll (+pdb)
Processing assembly Library/Bee/artifacts/2000b0aE.dag/Unity.RenderPipelines.Universal.Config.Runtime.dll, with 106 defines and 230 references

processors: zzzUnity.Burst.CodeGen.BurstILPostProcessor

running zzzUnity.Burst.CodeGen.BurstILPostProcessor
[767/926    1s] ILPostProcess Library/Bee/artifacts/2000b0aE.dag/post-processed/Unity.VisualScripting.Flow.dll (+pdb)
Processing assembly Library/Bee/artifacts/2000b0aE.dag/Unity.VisualScripting.Flow.dll, with 111 defines and 230 references

processors: zzzUnity.Burst.CodeGen.BurstILPostProcessor

running zzzUnity.Burst.CodeGen.BurstILPostProcessor
[768/926    1s] ILPostProcess Library/Bee/artifacts/2000b0aE.dag/post-processed/Unity.VisualScripting.Core.dll (+pdb)
Processing assembly Library/Bee/artifacts/2000b0aE.dag/Unity.VisualScripting.Core.dll, with 109 defines and 229 references

processors: zzzUnity.Burst.CodeGen.BurstILPostProcessor

running zzzUnity.Burst.CodeGen.BurstILPostProcessor
[769/926    1s] ILPostProcess Library/Bee/artifacts/2000b0aE.dag/post-processed/UnityEngine.UI.dll (+pdb)
Processing assembly Library/Bee/artifacts/2000b0aE.dag/UnityEngine.UI.dll, with 111 defines and 227 references

processors: zzzUnity.Burst.CodeGen.BurstILPostProcessor

running zzzUnity.Burst.CodeGen.BurstILPostProcessor
[770/926    0s] ILPostProcess Library/Bee/artifacts/2000b0aE.dag/post-processed/UnityWebSocket.Runtime.dll (+pdb)
Processing assembly Library/Bee/artifacts/2000b0aE.dag/UnityWebSocket.Runtime.dll, with 106 defines and 229 references

processors: zzzUnity.Burst.CodeGen.BurstILPostProcessor

running zzzUnity.Burst.CodeGen.BurstILPostProcessor
[771/926    0s] ILPostProcess Library/Bee/artifacts/2000b0aE.dag/post-processed/Unity.VisualScripting.State.dll (+pdb)
Processing assembly Library/Bee/artifacts/2000b0aE.dag/Unity.VisualScripting.State.dll, with 106 defines and 231 references

processors: zzzUnity.Burst.CodeGen.BurstILPostProcessor

running zzzUnity.Burst.CodeGen.BurstILPostProcessor
[713/926    0s] Csc Library/Bee/artifacts/2000b0aE.dag/com.unity.cinemachine.EditorTests.dll (+2 others) [CacheHit 193f872306ee405470b82b07166d8d8c00000000000000000000000000000003]
[772/926   1780722216s] Csc Library/Bee/artifacts/2000b0aE.dag/com.unity.cinemachine.EditorTests.dll (+2 others)
[714/926    0s] Csc Library/Bee/artifacts/2000b0aE.dag/Unity.VisualScripting.Shared.Editor.dll (+2 others) [CacheHit a1adb525d0a44813d7ddc4fec974aace00000000000000000000000000000003]
[774/926   1780722216s] Csc Library/Bee/artifacts/2000b0aE.dag/Unity.VisualScripting.Shared.Editor.dll (+2 others)
[776/926    1s] ILPostProcess Library/Bee/artifacts/2000b0aE.dag/post-processed/Wx.dll (+pdb)
Processing assembly Library/Bee/artifacts/2000b0aE.dag/Wx.dll, with 106 defines and 230 references

processors: zzzUnity.Burst.CodeGen.BurstILPostProcessor

running zzzUnity.Burst.CodeGen.BurstILPostProcessor
[777/926    1s] ILPostProcess Library/Bee/artifacts/2000b0aE.dag/post-processed/Unity.Mathematics.dll (+pdb)
Processing assembly Library/Bee/artifacts/2000b0aE.dag/Unity.Mathematics.dll, with 106 defines and 229 references

processors: zzzUnity.Burst.CodeGen.BurstILPostProcessor

running zzzUnity.Burst.CodeGen.BurstILPostProcessor
[778/926    1s] ILPostProcess Library/Bee/artifacts/2000b0aE.dag/post-processed/Unity.TextMeshPro.dll (+pdb)
Processing assembly Library/Bee/artifacts/2000b0aE.dag/Unity.TextMeshPro.dll, with 107 defines and 229 references

processors: zzzUnity.Burst.CodeGen.BurstILPostProcessor

running zzzUnity.Burst.CodeGen.BurstILPostProcessor
[779/926    1s] ILPostProcess Library/Bee/artifacts/2000b0aE.dag/post-processed/UniTask.Addressables.dll (+pdb)
Processing assembly Library/Bee/artifacts/2000b0aE.dag/UniTask.Addressables.dll, with 106 defines and 230 references

processors: zzzUnity.Burst.CodeGen.BurstILPostProcessor

running zzzUnity.Burst.CodeGen.BurstILPostProcessor
[780/926    1s] ILPostProcess Library/Bee/artifacts/2000b0aE.dag/post-processed/Unity.RenderPipelines.Universal.Editor.dll (+pdb)
Processing assembly Library/Bee/artifacts/2000b0aE.dag/Unity.RenderPipelines.Universal.Editor.dll, with 105 defines and 246 references

processors: zzzUnity.Burst.CodeGen.BurstILPostProcessor

running zzzUnity.Burst.CodeGen.BurstILPostProcessor
[781/926    1s] ILPostProcess Library/Bee/artifacts/2000b0aE.dag/post-processed/UniTask.TextMeshPro.dll (+pdb)
Processing assembly Library/Bee/artifacts/2000b0aE.dag/UniTask.TextMeshPro.dll, with 107 defines and 231 references

processors: zzzUnity.Burst.CodeGen.BurstILPostProcessor

running zzzUnity.Burst.CodeGen.BurstILPostProcessor
[782/926    1s] ILPostProcess Library/Bee/artifacts/2000b0aE.dag/post-processed/Unity.Profiling.Core.dll (+pdb)
Processing assembly Library/Bee/artifacts/2000b0aE.dag/Unity.Profiling.Core.dll, with 106 defines and 229 references

processors: zzzUnity.Burst.CodeGen.BurstILPostProcessor

running zzzUnity.Burst.CodeGen.BurstILPostProcessor
[783/926    1s] ILPostProcess Library/Bee/artifacts/2000b0aE.dag/post-processed/YooAsset.MiniGame.dll (+pdb)
Processing assembly Library/Bee/artifacts/2000b0aE.dag/YooAsset.MiniGame.dll, with 106 defines and 231 references

processors: zzzUnity.Burst.CodeGen.BurstILPostProcessor

running zzzUnity.Burst.CodeGen.BurstILPostProcessor
[784/926    1s] ILPostProcess Library/Bee/artifacts/2000b0aE.dag/post-processed/Unity.ScriptableBuildPipeline.dll (+pdb)
Processing assembly Library/Bee/artifacts/2000b0aE.dag/Unity.ScriptableBuildPipeline.dll, with 106 defines and 229 references

processors: zzzUnity.Burst.CodeGen.BurstILPostProcessor

running zzzUnity.Burst.CodeGen.BurstILPostProcessor
[785/926    1s] ILPostProcess Library/Bee/artifacts/2000b0aE.dag/post-processed/Unity.RenderPipelines.ShaderGraph.ShaderGraphLibrary.dll (+pdb)
Processing assembly Library/Bee/artifacts/2000b0aE.dag/Unity.RenderPipelines.ShaderGraph.ShaderGraphLibrary.dll, with 106 defines and 229 references

processors: zzzUnity.Burst.CodeGen.BurstILPostProcessor

running zzzUnity.Burst.CodeGen.BurstILPostProcessor
[786/926    1s] ILPostProcess Library/Bee/artifacts/2000b0aE.dag/post-processed/YooAsset.dll (+pdb)
Processing assembly Library/Bee/artifacts/2000b0aE.dag/YooAsset.dll, with 106 defines and 229 references

processors: zzzUnity.Burst.CodeGen.BurstILPostProcessor

running zzzUnity.Burst.CodeGen.BurstILPostProcessor
[787/926    1s] ILPostProcess Library/Bee/artifacts/2000b0aE.dag/post-processed/Unity.ScriptableBuildPipeline.Editor.dll (+pdb)
Processing assembly Library/Bee/artifacts/2000b0aE.dag/Unity.ScriptableBuildPipeline.Editor.dll, with 107 defines and 241 references

processors: zzzUnity.Burst.CodeGen.BurstILPostProcessor

running zzzUnity.Burst.CodeGen.BurstILPostProcessor
[788/926    0s] ILPostProcess Library/Bee/artifacts/2000b0aE.dag/post-processed/com.unity.cinemachine.EditorTests.dll (+pdb)
Processing assembly Library/Bee/artifacts/2000b0aE.dag/com.unity.cinemachine.EditorTests.dll, with 104 defines and 220 references

processors: zzzUnity.Burst.CodeGen.BurstILPostProcessor

running zzzUnity.Burst.CodeGen.BurstILPostProcessor
[789/926    0s] MovedFromExtractor Library/Bee/artifacts/mvdfrm/Unity.VisualScripting.Shared.Editor.ref.dll_D971BCE13ACE101D.mvfrm
[790/926    1s] ILPostProcess Library/Bee/artifacts/2000b0aE.dag/post-processed/Unity.RenderPipelines.Universal.Runtime.dll (+pdb)
Processing assembly Library/Bee/artifacts/2000b0aE.dag/Unity.RenderPipelines.Universal.Runtime.dll, with 111 defines and 235 references

processors: zzzUnity.Burst.CodeGen.BurstILPostProcessor

running zzzUnity.Burst.CodeGen.BurstILPostProcessor
[791/926    1s] ILPostProcess Library/Bee/artifacts/2000b0aE.dag/post-processed/Unity.ShaderGraph.Editor.dll (+pdb)
Processing assembly Library/Bee/artifacts/2000b0aE.dag/Unity.ShaderGraph.Editor.dll, with 104 defines and 244 references

processors: zzzUnity.Burst.CodeGen.BurstILPostProcessor

running zzzUnity.Burst.CodeGen.BurstILPostProcessor
[792/926    0s] ILPostProcess Library/Bee/artifacts/2000b0aE.dag/post-processed/Unity.VisualScripting.Shared.Editor.dll (+pdb)
Processing assembly Library/Bee/artifacts/2000b0aE.dag/Unity.VisualScripting.Shared.Editor.dll, with 104 defines and 246 references

processors: zzzUnity.Burst.CodeGen.BurstILPostProcessor

running zzzUnity.Burst.CodeGen.BurstILPostProcessor
[793/926    0s] MovedFromExtractorCombine Library/Bee/artifacts/2000b0aE.dag/Assembly-CSharp.dll.mvfrm
[794/926    0s] ILPostProcess Library/Bee/artifacts/2000b0aE.dag/post-processed/Unity.TestTools.CodeCoverage.Editor.OpenCover.Mono.Reflection.dll (+pdb)
Processing assembly Library/Bee/artifacts/2000b0aE.dag/Unity.TestTools.CodeCoverage.Editor.OpenCover.Mono.Reflection.dll, with 104 defines and 240 references

processors: zzzUnity.Burst.CodeGen.BurstILPostProcessor

running zzzUnity.Burst.CodeGen.BurstILPostProcessor
[795/926    1s] ILPostProcess Library/Bee/artifacts/2000b0aE.dag/post-processed/Unity.Searcher.Editor.dll (+pdb)
Processing assembly Library/Bee/artifacts/2000b0aE.dag/Unity.Searcher.Editor.dll, with 104 defines and 240 references

processors: zzzUnity.Burst.CodeGen.BurstILPostProcessor

running zzzUnity.Burst.CodeGen.BurstILPostProcessor
[796/926    1s] ILPostProcess Library/Bee/artifacts/2000b0aE.dag/post-processed/Unity.VisualScripting.SettingsProvider.Editor.dll (+pdb)
Processing assembly Library/Bee/artifacts/2000b0aE.dag/Unity.VisualScripting.SettingsProvider.Editor.dll, with 104 defines and 245 references

processors: zzzUnity.Burst.CodeGen.BurstILPostProcessor

running zzzUnity.Burst.CodeGen.BurstILPostProcessor
[797/926    1s] ILPostProcess Library/Bee/artifacts/2000b0aE.dag/post-processed/Unity.Settings.Editor.dll (+pdb)
Processing assembly Library/Bee/artifacts/2000b0aE.dag/Unity.Settings.Editor.dll, with 104 defines and 240 references

processors: zzzUnity.Burst.CodeGen.BurstILPostProcessor

running zzzUnity.Burst.CodeGen.BurstILPostProcessor
[798/926    1s] MovedFromExtractorCombine Library/Bee/artifacts/2000b0aE.dag/Assembly-CSharp-firstpass.dll.mvfrm
[799/926    1s] ILPostProcess Library/Bee/artifacts/2000b0aE.dag/post-processed/Unity.TestTools.CodeCoverage.Editor.dll (+pdb)
Processing assembly Library/Bee/artifacts/2000b0aE.dag/Unity.TestTools.CodeCoverage.Editor.dll, with 108 defines and 222 references

processors: zzzUnity.Burst.CodeGen.BurstILPostProcessor

running zzzUnity.Burst.CodeGen.BurstILPostProcessor
[800/926    1s] ILPostProcess Library/Bee/artifacts/2000b0aE.dag/post-processed/Unity.Collections.DocCodeSamples.dll (+pdb)
Processing assembly Library/Bee/artifacts/2000b0aE.dag/Unity.Collections.DocCodeSamples.dll, with 104 defines and 241 references

processors: zzzUnity.Burst.CodeGen.BurstILPostProcessor

running zzzUnity.Burst.CodeGen.BurstILPostProcessor
[801/926    1s] ILPostProcess Library/Bee/artifacts/2000b0aE.dag/post-processed/Unity.CollabProxy.Editor.dll (+pdb)
Processing assembly Library/Bee/artifacts/2000b0aE.dag/Unity.CollabProxy.Editor.dll, with 104 defines and 241 references

processors: zzzUnity.Burst.CodeGen.BurstILPostProcessor

running zzzUnity.Burst.CodeGen.BurstILPostProcessor
[802/926    1s] ILPostProcess Library/Bee/artifacts/2000b0aE.dag/post-processed/UniTask.Editor.dll (+pdb)
Processing assembly Library/Bee/artifacts/2000b0aE.dag/UniTask.Editor.dll, with 104 defines and 241 references

processors: zzzUnity.Burst.CodeGen.BurstILPostProcessor

running zzzUnity.Burst.CodeGen.BurstILPostProcessor
[803/926    1s] ILPostProcess Library/Bee/artifacts/2000b0aE.dag/post-processed/Unity.TextMeshPro.Editor.dll (+pdb)
Processing assembly Library/Bee/artifacts/2000b0aE.dag/Unity.TextMeshPro.Editor.dll, with 104 defines and 241 references

processors: zzzUnity.Burst.CodeGen.BurstILPostProcessor

running zzzUnity.Burst.CodeGen.BurstILPostProcessor
[804/926    2s] ILPostProcess Library/Bee/artifacts/2000b0aE.dag/post-processed/Unity.VisualScripting.Flow.Editor.dll (+pdb)
Processing assembly Library/Bee/artifacts/2000b0aE.dag/Unity.VisualScripting.Flow.Editor.dll, with 104 defines and 243 references

processors: zzzUnity.Burst.CodeGen.BurstILPostProcessor

running zzzUnity.Burst.CodeGen.BurstILPostProcessor
[805/926    0s] ILPostProcess Library/Bee/artifacts/2000b0aE.dag/post-processed/UnityEditor.UI.dll (+pdb)
Processing assembly Library/Bee/artifacts/2000b0aE.dag/UnityEditor.UI.dll, with 107 defines and 239 references

processors: zzzUnity.Burst.CodeGen.BurstILPostProcessor

running zzzUnity.Burst.CodeGen.BurstILPostProcessor
[806/926    0s] ILPostProcess Library/Bee/artifacts/2000b0aE.dag/post-processed/Unity.VisualScripting.Core.Editor.dll (+pdb)
Processing assembly Library/Bee/artifacts/2000b0aE.dag/Unity.VisualScripting.Core.Editor.dll, with 104 defines and 241 references

processors: zzzUnity.Burst.CodeGen.BurstILPostProcessor

running zzzUnity.Burst.CodeGen.BurstILPostProcessor
[807/926    1s] MovedFromExtractorCombine Library/Bee/artifacts/2000b0aE.dag/Assembly-CSharp-Editor.dll.mvfrm
[808/926    0s] ILPostProcess Library/Bee/artifacts/2000b0aE.dag/post-processed/Unity.Mathematics.Editor.dll (+pdb)
Processing assembly Library/Bee/artifacts/2000b0aE.dag/Unity.Mathematics.Editor.dll, with 104 defines and 241 references

processors: zzzUnity.Burst.CodeGen.BurstILPostProcessor

running zzzUnity.Burst.CodeGen.BurstILPostProcessor
[809/926    0s] ILPostProcess Library/Bee/artifacts/2000b0aE.dag/post-processed/Unity.MemoryProfiler.Editor.MemoryProfilerModule.dll (+pdb)
Processing assembly Library/Bee/artifacts/2000b0aE.dag/Unity.MemoryProfiler.Editor.MemoryProfilerModule.dll, with 105 defines and 241 references

processors: zzzUnity.Burst.CodeGen.BurstILPostProcessor

running zzzUnity.Burst.CodeGen.BurstILPostProcessor
[810/926    1s] ILPostProcess Library/Bee/artifacts/2000b0aE.dag/post-processed/Unity.TestTools.CodeCoverage.Editor.OpenCover.Model.dll (+pdb)
Processing assembly Library/Bee/artifacts/2000b0aE.dag/Unity.TestTools.CodeCoverage.Editor.OpenCover.Model.dll, with 104 defines and 240 references

processors: zzzUnity.Burst.CodeGen.BurstILPostProcessor

running zzzUnity.Burst.CodeGen.BurstILPostProcessor
[811/926    1s] Csc Library/Bee/artifacts/2000b0aE.dag/Assembly-CSharp-firstpass.dll (+2 others)
[812/926    1s] ILPostProcess Library/Bee/artifacts/2000b0aE.dag/post-processed/Unity.Burst.Editor.dll (+pdb)
Processing assembly Library/Bee/artifacts/2000b0aE.dag/Unity.Burst.Editor.dll, with 104 defines and 241 references

processors: zzzUnity.Burst.CodeGen.BurstILPostProcessor

running zzzUnity.Burst.CodeGen.BurstILPostProcessor
[813/926    1s] ILPostProcess Library/Bee/artifacts/2000b0aE.dag/post-processed/UnityWebSocket.Editor.dll (+pdb)
Processing assembly Library/Bee/artifacts/2000b0aE.dag/UnityWebSocket.Editor.dll, with 104 defines and 241 references

processors: zzzUnity.Burst.CodeGen.BurstILPostProcessor

running zzzUnity.Burst.CodeGen.BurstILPostProcessor
[814/926    0s] ILPostProcess Library/Bee/artifacts/2000b0aE.dag/post-processed/PPv2URPConverters.dll (+pdb)
Processing assembly Library/Bee/artifacts/2000b0aE.dag/PPv2URPConverters.dll, with 104 defines and 244 references

processors: zzzUnity.Burst.CodeGen.BurstILPostProcessor

running zzzUnity.Burst.CodeGen.BurstILPostProcessor
[815/926    0s] ILPostProcess Library/Bee/artifacts/2000b0aE.dag/post-processed/YooAsset.Editor.dll (+pdb)
Processing assembly Library/Bee/artifacts/2000b0aE.dag/YooAsset.Editor.dll, with 104 defines and 243 references

processors: zzzUnity.Burst.CodeGen.BurstILPostProcessor

running zzzUnity.Burst.CodeGen.BurstILPostProcessor
[816/926    1s] ILPostProcess Library/Bee/artifacts/2000b0aE.dag/post-processed/Unity.VisualScripting.State.Editor.dll (+pdb)
Processing assembly Library/Bee/artifacts/2000b0aE.dag/Unity.VisualScripting.State.Editor.dll, with 104 defines and 245 references

processors: zzzUnity.Burst.CodeGen.BurstILPostProcessor

running zzzUnity.Burst.CodeGen.BurstILPostProcessor
[820/926    0s] ILPostProcess Library/Bee/artifacts/2000b0aE.dag/post-processed/Unity.2D.Sprite.Editor.dll (+pdb)
Processing assembly Library/Bee/artifacts/2000b0aE.dag/Unity.2D.Sprite.Editor.dll, with 104 defines and 240 references

processors: zzzUnity.Burst.CodeGen.BurstILPostProcessor

running zzzUnity.Burst.CodeGen.BurstILPostProcessor
[822/926    0s] ILPostProcess Library/Bee/artifacts/2000b0aE.dag/post-processed/Unity.ShaderGraph.Utilities.dll (+pdb)
Processing assembly Library/Bee/artifacts/2000b0aE.dag/Unity.ShaderGraph.Utilities.dll, with 104 defines and 240 references

processors: zzzUnity.Burst.CodeGen.BurstILPostProcessor

running zzzUnity.Burst.CodeGen.BurstILPostProcessor
[861/926    0s] ILPostProcess Library/Bee/artifacts/2000b0aE.dag/post-processed/WxEditor.dll (+pdb)
Processing assembly Library/Bee/artifacts/2000b0aE.dag/WxEditor.dll, with 104 defines and 241 references

processors: zzzUnity.Burst.CodeGen.BurstILPostProcessor

running zzzUnity.Burst.CodeGen.BurstILPostProcessor
[948/926    1s] ILPostProcess Library/Bee/artifacts/2000b0aE.dag/post-processed/com.unity.cinemachine.editor.dll (+pdb)
Processing assembly Library/Bee/artifacts/2000b0aE.dag/com.unity.cinemachine.editor.dll, with 112 defines and 247 references

processors: zzzUnity.Burst.CodeGen.BurstILPostProcessor

running zzzUnity.Burst.CodeGen.BurstILPostProcessor
[949/926    1s] ILPostProcess Library/Bee/artifacts/2000b0aE.dag/post-processed/Unity.Performance.Profile-Analyzer.Editor.dll (+pdb)
Processing assembly Library/Bee/artifacts/2000b0aE.dag/Unity.Performance.Profile-Analyzer.Editor.dll, with 104 defines and 240 references

processors: zzzUnity.Burst.CodeGen.BurstILPostProcessor

running zzzUnity.Burst.CodeGen.BurstILPostProcessor
[950/926    1s] ILPostProcess Library/Bee/artifacts/2000b0aE.dag/post-processed/Unity.Collections.BurstCompatibilityGen.dll (+pdb)
Processing assembly Library/Bee/artifacts/2000b0aE.dag/Unity.Collections.BurstCompatibilityGen.dll, with 104 defines and 242 references

processors: zzzUnity.Burst.CodeGen.BurstILPostProcessor

running zzzUnity.Burst.CodeGen.BurstILPostProcessor
[957/926    1s] ILPostProcess Library/Bee/artifacts/2000b0aE.dag/post-processed/Unity.EditorCoroutines.Editor.dll (+pdb)
Processing assembly Library/Bee/artifacts/2000b0aE.dag/Unity.EditorCoroutines.Editor.dll, with 104 defines and 240 references

processors: zzzUnity.Burst.CodeGen.BurstILPostProcessor

running zzzUnity.Burst.CodeGen.BurstILPostProcessor
[960/926    1s] ILPostProcess Library/Bee/artifacts/2000b0aE.dag/post-processed/Unity.RenderPipelines.Core.Editor.dll (+pdb)
Processing assembly Library/Bee/artifacts/2000b0aE.dag/Unity.RenderPipelines.Core.Editor.dll, with 105 defines and 242 references

processors: zzzUnity.Burst.CodeGen.BurstILPostProcessor

running zzzUnity.Burst.CodeGen.BurstILPostProcessor
[963/926    3s] ILPostProcess Library/Bee/artifacts/2000b0aE.dag/post-processed/Unity.MemoryProfiler.Editor.dll (+pdb)
Processing assembly Library/Bee/artifacts/2000b0aE.dag/Unity.MemoryProfiler.Editor.dll, with 105 defines and 246 references

processors: zzzUnity.Burst.CodeGen.BurstILPostProcessor

running zzzUnity.Burst.CodeGen.BurstILPostProcessor
[964/926    6s] ILPostProcess Library/Bee/artifacts/2000b0aE.dag/post-processed/Unity.Collections.dll (+pdb)
Processing assembly Library/Bee/artifacts/2000b0aE.dag/Unity.Collections.dll, with 106 defines and 231 references

processors: zzzUnity.Burst.CodeGen.BurstILPostProcessor

running zzzUnity.Burst.CodeGen.BurstILPostProcessor
[969/926    1s] ILPostProcess Library/Bee/artifacts/2000b0aE.dag/post-processed/Unity.Timeline.Editor.dll (+pdb)
Processing assembly Library/Bee/artifacts/2000b0aE.dag/Unity.Timeline.Editor.dll, with 105 defines and 241 references

processors: zzzUnity.Burst.CodeGen.BurstILPostProcessor

running zzzUnity.Burst.CodeGen.BurstILPostProcessor
[972/926    1s] ILPostProcess Library/Bee/artifacts/2000b0aE.dag/post-processed/Unity.PlasticSCM.Editor.dll (+pdb)
Processing assembly Library/Bee/artifacts/2000b0aE.dag/Unity.PlasticSCM.Editor.dll, with 104 defines and 220 references

processors: zzzUnity.Burst.CodeGen.BurstILPostProcessor

running zzzUnity.Burst.CodeGen.BurstILPostProcessor
[975/926    1s] ILPostProcess Library/Bee/artifacts/2000b0aE.dag/post-processed/Assembly-CSharp-firstpass.dll (+pdb)
Processing assembly Library/Bee/artifacts/2000b0aE.dag/Assembly-CSharp-firstpass.dll, with 106 defines and 280 references

processors: zzzUnity.Burst.CodeGen.BurstILPostProcessor

running zzzUnity.Burst.CodeGen.BurstILPostProcessor
[978/926    2s] Csc Library/Bee/artifacts/2000b0aE.dag/Assembly-CSharp.dll (+2 others)
Assets\Script\Framework\UIExtend\Common\UIPortraitFitCompont.cs(284,15): warning CS0660: 'CustomAspect' defines operator == or operator != but does not override Object.Equals(object o)

Assets\Script\Framework\UIExtend\Common\UIPortraitFitCompont.cs(284,15): warning CS0661: 'CustomAspect' defines operator == or operator != but does not override Object.GetHashCode()

Assets\Script\Fight\FightChatEventTwo.cs(30,25): warning CS0114: 'FightChatEventTwo.OnClick(int)' hides inherited member 'FightChatEventBase.OnClick(int)'. To make the current member override that implementation, add the override keyword. Otherwise add the new keyword.

Assets\Script\Fight\FightChatEventTwo.cs(50,25): warning CS0114: 'FightChatEventTwo.Exit()' hides inherited member 'FightChatEventBase.Exit()'. To make the current member override that implementation, add the override keyword. Otherwise add the new keyword.

Assets\Script\ChapterScene\ChapterSceneManager.cs(41,9): warning CS0162: Unreachable code detected

Assets\Script\Fight\LevelEditor\LevelEditroManager.cs(128,30): warning CS0168: The variable 'e' is declared but never used

Assets\Script\Manager\GameManager.cs(89,16): warning CS0219: The variable 'dungeonName' is assigned but its value is never used

Assets\Script\Framework\Core\AntNet\WebSocketObject.Disconnection.cs(52,21): warning CS0414: The field 'WebSocketObject._connectTime' is assigned but its value is never used

Assets\Script\Manager\LaunchManager.cs(19,23): warning CS0414: The field 'LaunchManager.PlayMode' is assigned but its value is never used

Assets\Script\Fight\LevelEditor\LevelEditroManager.cs(29,21): warning CS0414: The field 'LevelEditorManager.selectedY' is assigned but its value is never used

Assets\Script\Fight\LevelEditor\LevelEditroManager.cs(28,21): warning CS0414: The field 'LevelEditorManager.selectedX' is assigned but its value is never used

Assets\Script\ChapterScene\ChapterSceneManager.cs(19,19): warning CS0414: The field 'ChapterSceneManager._cameraHight' is assigned but its value is never used
[979/926    0s] Csc Library/Bee/artifacts/2000b0aE.dag/Assembly-CSharp-Editor.dll (+2 others)
[980/926    0s] ILPostProcess Library/Bee/artifacts/2000b0aE.dag/post-processed/Assembly-CSharp.dll (+pdb)
Processing assembly Library/Bee/artifacts/2000b0aE.dag/Assembly-CSharp.dll, with 106 defines and 281 references

processors: zzzUnity.Burst.CodeGen.BurstILPostProcessor

running zzzUnity.Burst.CodeGen.BurstILPostProcessor
[983/926    0s] ILPostProcess Library/Bee/artifacts/2000b0aE.dag/post-processed/Assembly-CSharp-Editor.dll (+pdb)
Processing assembly Library/Bee/artifacts/2000b0aE.dag/Assembly-CSharp-Editor.dll, with 104 defines and 305 references

processors: zzzUnity.Burst.CodeGen.BurstILPostProcessor

running zzzUnity.Burst.CodeGen.BurstILPostProcessor
*** Tundra build success (23.04 seconds), 607 items updated, 926 evaluated
Assets\WX-WASM-SDK-V2\Editor\Playable\WXPlayableEditorSettingHelper.cs(19,29): warning CS0414: The field 'WXPlayableSettingsHelper.m_EnablePerfTool' is assigned but its value is never used
Assets\Script\Framework\UIExtend\Common\UIPortraitFitCompont.cs(284,15): warning CS0660: 'CustomAspect' defines operator == or operator != but does not override Object.Equals(object o)
Assets\Script\Framework\UIExtend\Common\UIPortraitFitCompont.cs(284,15): warning CS0661: 'CustomAspect' defines operator == or operator != but does not override Object.GetHashCode()
Assets\Script\Fight\FightChatEventTwo.cs(30,25): warning CS0114: 'FightChatEventTwo.OnClick(int)' hides inherited member 'FightChatEventBase.OnClick(int)'. To make the current member override that implementation, add the override keyword. Otherwise add the new keyword.
Assets\Script\Fight\FightChatEventTwo.cs(50,25): warning CS0114: 'FightChatEventTwo.Exit()' hides inherited member 'FightChatEventBase.Exit()'. To make the current member override that implementation, add the override keyword. Otherwise add the new keyword.
Assets\Script\ChapterScene\ChapterSceneManager.cs(41,9): warning CS0162: Unreachable code detected
Assets\Script\Fight\LevelEditor\LevelEditroManager.cs(128,30): warning CS0168: The variable 'e' is declared but never used
Assets\Script\Manager\GameManager.cs(89,16): warning CS0219: The variable 'dungeonName' is assigned but its value is never used
Assets\Script\Framework\Core\AntNet\WebSocketObject.Disconnection.cs(52,21): warning CS0414: The field 'WebSocketObject._connectTime' is assigned but its value is never used
Assets\Script\Manager\LaunchManager.cs(19,23): warning CS0414: The field 'LaunchManager.PlayMode' is assigned but its value is never used
Assets\Script\Fight\LevelEditor\LevelEditroManager.cs(29,21): warning CS0414: The field 'LevelEditorManager.selectedY' is assigned but its value is never used
Assets\Script\Fight\LevelEditor\LevelEditroManager.cs(28,21): warning CS0414: The field 'LevelEditorManager.selectedX' is assigned but its value is never used
Assets\Script\ChapterScene\ChapterSceneManager.cs(19,19): warning CS0414: The field 'ChapterSceneManager._cameraHight' is assigned but its value is never used
AssetDatabase: script compilation time: 26.079424s
Begin MonoManager ReloadAssembly
Duplicate assembly 'Newtonsoft.Json.dll' with different versions detected, using 'Packages/com.unity.nuget.newtonsoft-json/Runtime/Newtonsoft.Json.dll, AssemblyName=Newtonsoft.Json, Version=13.0.0.0, Culture=neutral, PublicKeyToken=30ad4fe6b2a6aeed' and ignoring 'Assets/Plugins/Newtonsoft.Json.dll, AssemblyName=Newtonsoft.Json, Version=6.0.0.0, Culture=neutral, PublicKeyToken=30ad4fe6b2a6aeed'.- Loaded All Assemblies, in  1.620 seconds
Refreshing native plugins compatible for Editor in 108.01 ms, found 12 plugins.
Preloading 0 native plugins for Editor in 0.00 ms.
TcpProtobufSession - receive error
TcpProtobufClient - Transport error errorcode: 2, details: 系统找不到指定的文件。

Refreshing native plugins compatible for Editor in 138.94 ms, found 12 plugins.
Native extension for WindowsStandalone target not found
Native extension for WebGL target not found
Duplicate assembly 'Newtonsoft.Json.dll' with different versions detected, using 'Packages/com.unity.nuget.newtonsoft-json/Runtime/Newtonsoft.Json.dll, AssemblyName=Newtonsoft.Json, Version=13.0.0.0, Culture=neutral, PublicKeyToken=30ad4fe6b2a6aeed' and ignoring 'Assets/Plugins/Newtonsoft.Json.dll, AssemblyName=Newtonsoft.Json, Version=6.0.0.0, Culture=neutral, PublicKeyToken=30ad4fe6b2a6aeed'.Mono: successfully reloaded assembly
- Finished resetting the current domain, in  6.965 seconds
Domain Reload Profiling: 8584ms
	BeginReloadAssembly (284ms)
		ExecutionOrderSort (0ms)
		DisableScriptedObjects (12ms)
		BackupInstance (0ms)
		ReleaseScriptingObjects (0ms)
		CreateAndSetChildDomain (58ms)
	RebuildCommonClasses (57ms)
	RebuildNativeTypeToScriptingClass (13ms)
	initialDomainReloadingComplete (78ms)
	LoadAllAssembliesAndSetupDomain (1186ms)
		LoadAssemblies (769ms)
		RebuildTransferFunctionScriptingTraits (0ms)
		AnalyzeDomain (573ms)
			TypeCache.Refresh (482ms)
				TypeCache.ScanAssembly (447ms)
			ScanForSourceGeneratedMonoScriptInfo (65ms)
			ResolveRequiredComponents (23ms)
	FinalizeReload (6966ms)
		ReleaseScriptCaches (0ms)
		RebuildScriptCaches (0ms)
		SetupLoadedEditorAssemblies (6449ms)
			LogAssemblyErrors (0ms)
			InitializePlatformSupportModulesInManaged (12ms)
			SetLoadedEditorAssemblies (7ms)
			RefreshPlugins (0ms)
			BeforeProcessingInitializeOnLoad (162ms)
			ProcessInitializeOnLoadAttributes (6063ms)
			ProcessInitializeOnLoadMethodAttributes (202ms)
			AfterProcessingInitializeOnLoad (3ms)
			EditorAssembliesLoaded (1ms)
		ExecutionOrderSort2 (0ms)
		AwakeInstancesAfterBackupRestoration (19ms)
Asset Pipeline Refresh (id=dac45b98bd99cb64588832e6e44bb3fa): Total: 41.787 seconds - Initiated by InitialRefreshV2(ForceSynchronousImport)
	Summary:
		Imports: total=0 (actual=0, local cache=0, cache server=0)
		Asset DB Process Time: managed=0 ms, native=6653 ms
		Asset DB Callback time: managed=22 ms, native=1 ms
		Scripting: domain reloads=1, domain reload time=8953 ms, compile time=26084 ms, other=72 ms
		Project Asset Count: scripts=8109, non-scripts=3765
		Asset File Changes: new=0, changed=0, moved=0, deleted=0
		Scan Filter Count: 0
	InvokeBeforeRefreshCallbacks: 1.341ms
	ApplyChangesToAssetFolders: 0.089ms
	Scan: 212.112ms
	OnSourceAssetsModified: 0.003ms
	GetAllGuidsForCategorization: 3.144ms
	CategorizeAssets: 443.629ms
	ImportOutOfDateAssets: 7328.762ms (-18836.977ms without children)
		CompileScripts: 26083.776ms
		ReloadNativeAssets: 0.034ms
		UnloadImportedAssets: 70.171ms
		EnsureUptoDateAssetsAreRegisteredWithGuidPM: 8.554ms
		InitializingProgressBar: 0.002ms
		PostProcessAllAssetNotificationsAddChangedAssets: 0.001ms
		OnDemandSchedulerStart: 3.200ms
	PostProcessAllAssets: 22.471ms
	GatherAllCurrentPrimaryArtifactRevisions: 0.001ms
	UnloadStreamsBegin: 0.320ms
	PersistCurrentRevisions: 1.580ms
	UnloadStreamsEnd: 0.249ms
	GenerateScriptTypeHashes: 10.728ms
	Untracked: 33773.478ms
Application.AssetDatabase Initial Refresh End
Launched and connected shader compiler UnityShaderCompiler.exe after 0.28 seconds
Scanning for USB devices : 14.126ms
Initializing Unity extensions:
[Licensing::Client] Successfully resolved entitlement details
[MODES] ModeService[none].Initialize
[MODES] ModeService[none].LoadModes
[MODES] Loading mode Default (0) for mode-current-id-iaaxyx
[PhysX] Initialized MultithreadedTaskDispatcher with 16 workers.
ProgressiveSceneManager::Cancel()
Unloading 72 Unused Serialized files (Serialized files now loaded: 0)
Unloading 385 unused Assets / (6.7 MB). Loaded Objects now: 7170.
Memory consumption went from 198.8 MB to 192.0 MB.
Total: 17.137000 ms (FindLiveObjects: 1.419800 ms CreateObjectMapping: 1.191300 ms MarkObjects: 8.626200 ms  DeleteObjects: 5.896700 ms)

Failed to enable plugin asset: Access to the path "C:\Users\slimboiliu\PartyBlock-Stable-WebGLBuild\Assets\WX-WASM-SDK-V2\Runtime\Plugins\WxPerfJsBridge.jslib.meta" is denied.
UnityEngine.StackTraceUtility:ExtractStackTrace ()
UnityEngine.DebugLogHandler:LogFormat (UnityEngine.LogType,UnityEngine.Object,string,object[])
UnityEngine.Logger:Log (UnityEngine.LogType,object)
UnityEngine.Debug:LogWarning (object)
WeChatWASM.WXConvertCore:SetPluginCompatibilityByModifyingMetadataFile (string,bool) (at Assets/WX-WASM-SDK-V2/Editor/WXConvertCore.cs:317)
WeChatWASM.WXConvertCore:ProcessWxPerfBinaries () (at Assets/WX-WASM-SDK-V2/Editor/WXConvertCore.cs:355)
WeChatWASM.WXConvertCore:PreInit () (at Assets/WX-WASM-SDK-V2/Editor/WXConvertCore.cs:133)
WeChatWASM.WXConvertCore:DoExport (bool) (at Assets/WX-WASM-SDK-V2/Editor/WXConvertCore.cs:183)
StableWechatMiniGameExporter:Export () (at Assets/Editor/StableWechatMiniGameExporter.cs:9)

(Filename: Assets/WX-WASM-SDK-V2/Editor/WXConvertCore.cs Line: 317)

Failed to enable plugin asset: Access to the path "C:\Users\slimboiliu\PartyBlock-Stable-WebGLBuild\Assets\WX-WASM-SDK-V2\Runtime\Plugins\wx_perf_2022.a.meta" is denied.
UnityEngine.StackTraceUtility:ExtractStackTrace ()
UnityEngine.DebugLogHandler:LogFormat (UnityEngine.LogType,UnityEngine.Object,string,object[])
UnityEngine.Logger:Log (UnityEngine.LogType,object)
UnityEngine.Debug:LogWarning (object)
WeChatWASM.WXConvertCore:SetPluginCompatibilityByModifyingMetadataFile (string,bool) (at Assets/WX-WASM-SDK-V2/Editor/WXConvertCore.cs:317)
WeChatWASM.WXConvertCore:ProcessWxPerfBinaries () (at Assets/WX-WASM-SDK-V2/Editor/WXConvertCore.cs:368)
WeChatWASM.WXConvertCore:PreInit () (at Assets/WX-WASM-SDK-V2/Editor/WXConvertCore.cs:133)
WeChatWASM.WXConvertCore:DoExport (bool) (at Assets/WX-WASM-SDK-V2/Editor/WXConvertCore.cs:183)
StableWechatMiniGameExporter:Export () (at Assets/Editor/StableWechatMiniGameExporter.cs:9)

(Filename: Assets/WX-WASM-SDK-V2/Editor/WXConvertCore.cs Line: 317)

Failed to enable plugin asset: Access to the path "C:\Users\slimboiliu\PartyBlock-Stable-WebGLBuild\Assets\WX-WASM-SDK-V2\Runtime\Plugins\wx_perf_2021.a.meta" is denied.
UnityEngine.StackTraceUtility:ExtractStackTrace ()
UnityEngine.DebugLogHandler:LogFormat (UnityEngine.LogType,UnityEngine.Object,string,object[])
UnityEngine.Logger:Log (UnityEngine.LogType,object)
UnityEngine.Debug:LogWarning (object)
WeChatWASM.WXConvertCore:SetPluginCompatibilityByModifyingMetadataFile (string,bool) (at Assets/WX-WASM-SDK-V2/Editor/WXConvertCore.cs:317)
WeChatWASM.WXConvertCore:ProcessWxPerfBinaries () (at Assets/WX-WASM-SDK-V2/Editor/WXConvertCore.cs:381)
WeChatWASM.WXConvertCore:PreInit () (at Assets/WX-WASM-SDK-V2/Editor/WXConvertCore.cs:133)
WeChatWASM.WXConvertCore:DoExport (bool) (at Assets/WX-WASM-SDK-V2/Editor/WXConvertCore.cs:183)
StableWechatMiniGameExporter:Export () (at Assets/Editor/StableWechatMiniGameExporter.cs:9)

(Filename: Assets/WX-WASM-SDK-V2/Editor/WXConvertCore.cs Line: 317)

Asset Pipeline Refresh (id=471d972bc7e5caa41a5601ea36ebe6b2): Total: 0.101 seconds - Initiated by RefreshV2(NoUpdateAssetOptions)
Failed to enable plugin asset: Access to the path "C:\Users\slimboiliu\PartyBlock-Stable-WebGLBuild\Assets\WX-WASM-SDK-V2\Editor\BuildProfile\lib\libwx-metal-cpp.bc.meta" is denied.
UnityEngine.StackTraceUtility:ExtractStackTrace ()
UnityEngine.DebugLogHandler:LogFormat (UnityEngine.LogType,UnityEngine.Object,string,object[])
UnityEngine.Logger:Log (UnityEngine.LogType,object)
UnityEngine.Debug:LogWarning (object)
WeChatWASM.WXConvertCore:SetPluginCompatibilityByModifyingMetadataFile (string,bool) (at Assets/WX-WASM-SDK-V2/Editor/WXConvertCore.cs:317)
WeChatWASM.WXConvertCore:ProcessWxiOSMetalBinaries () (at Assets/WX-WASM-SDK-V2/Editor/WXConvertCore.cs:509)
WeChatWASM.WXConvertCore:PreInit () (at Assets/WX-WASM-SDK-V2/Editor/WXConvertCore.cs:136)
WeChatWASM.WXConvertCore:DoExport (bool) (at Assets/WX-WASM-SDK-V2/Editor/WXConvertCore.cs:183)
StableWechatMiniGameExporter:Export () (at Assets/Editor/StableWechatMiniGameExporter.cs:9)

(Filename: Assets/WX-WASM-SDK-V2/Editor/WXConvertCore.cs Line: 317)

Failed to enable plugin asset: Access to the path "C:\Users\slimboiliu\PartyBlock-Stable-WebGLBuild\Assets\WX-WASM-SDK-V2\Editor\BuildProfile\lib\mtl_library.jslib.meta" is denied.
UnityEngine.StackTraceUtility:ExtractStackTrace ()
UnityEngine.DebugLogHandler:LogFormat (UnityEngine.LogType,UnityEngine.Object,string,object[])
UnityEngine.Logger:Log (UnityEngine.LogType,object)
UnityEngine.Debug:LogWarning (object)
WeChatWASM.WXConvertCore:SetPluginCompatibilityByModifyingMetadataFile (string,bool) (at Assets/WX-WASM-SDK-V2/Editor/WXConvertCore.cs:317)
WeChatWASM.WXConvertCore:ProcessWxiOSMetalBinaries () (at Assets/WX-WASM-SDK-V2/Editor/WXConvertCore.cs:509)
WeChatWASM.WXConvertCore:PreInit () (at Assets/WX-WASM-SDK-V2/Editor/WXConvertCore.cs:136)
WeChatWASM.WXConvertCore:DoExport (bool) (at Assets/WX-WASM-SDK-V2/Editor/WXConvertCore.cs:183)
StableWechatMiniGameExporter:Export () (at Assets/Editor/StableWechatMiniGameExporter.cs:9)

(Filename: Assets/WX-WASM-SDK-V2/Editor/WXConvertCore.cs Line: 317)

Asset Pipeline Refresh (id=9d7f5c642b8bd7943888a66b221f85bb): Total: 0.016 seconds - Initiated by RefreshV2(NoUpdateAssetOptions)
Failed to enable plugin asset: Access to the path "C:\Users\slimboiliu\PartyBlock-Stable-WebGLBuild\Assets\WX-WASM-SDK-V2\Runtime\Plugins\libemscriptenglx.a.meta" is denied.
UnityEngine.StackTraceUtility:ExtractStackTrace ()
UnityEngine.DebugLogHandler:LogFormat (UnityEngine.LogType,UnityEngine.Object,string,object[])
UnityEngine.Logger:Log (UnityEngine.LogType,object)
UnityEngine.Debug:LogWarning (object)
WeChatWASM.WXConvertCore:SetPluginCompatibilityByModifyingMetadataFile (string,bool) (at Assets/WX-WASM-SDK-V2/Editor/WXConvertCore.cs:317)
WeChatWASM.WXConvertCore:ProcessWxEmscriptenGLXBinaries () (at Assets/WX-WASM-SDK-V2/Editor/WXConvertCore.cs:420)
WeChatWASM.WXConvertCore:PreInit () (at Assets/WX-WASM-SDK-V2/Editor/WXConvertCore.cs:138)
WeChatWASM.WXConvertCore:DoExport (bool) (at Assets/WX-WASM-SDK-V2/Editor/WXConvertCore.cs:183)
StableWechatMiniGameExporter:Export () (at Assets/Editor/StableWechatMiniGameExporter.cs:9)

(Filename: Assets/WX-WASM-SDK-V2/Editor/WXConvertCore.cs Line: 317)

Failed to enable plugin asset: Access to the path "C:\Users\slimboiliu\PartyBlock-Stable-WebGLBuild\Assets\WX-WASM-SDK-V2\Runtime\Plugins\libemscriptenglx_2021.a.meta" is denied.
UnityEngine.StackTraceUtility:ExtractStackTrace ()
UnityEngine.DebugLogHandler:LogFormat (UnityEngine.LogType,UnityEngine.Object,string,object[])
UnityEngine.Logger:Log (UnityEngine.LogType,object)
UnityEngine.Debug:LogWarning (object)
WeChatWASM.WXConvertCore:SetPluginCompatibilityByModifyingMetadataFile (string,bool) (at Assets/WX-WASM-SDK-V2/Editor/WXConvertCore.cs:317)
WeChatWASM.WXConvertCore:ProcessWxEmscriptenGLXBinaries () (at Assets/WX-WASM-SDK-V2/Editor/WXConvertCore.cs:433)
WeChatWASM.WXConvertCore:PreInit () (at Assets/WX-WASM-SDK-V2/Editor/WXConvertCore.cs:138)
WeChatWASM.WXConvertCore:DoExport (bool) (at Assets/WX-WASM-SDK-V2/Editor/WXConvertCore.cs:183)
StableWechatMiniGameExporter:Export () (at Assets/Editor/StableWechatMiniGameExporter.cs:9)

(Filename: Assets/WX-WASM-SDK-V2/Editor/WXConvertCore.cs Line: 317)

Asset Pipeline Refresh (id=33ff401e0dcf27e4e8aa832bb6ab10cf): Total: 0.014 seconds - Initiated by RefreshV2(NoUpdateAssetOptions)
Failed to enable plugin asset: Access to the path "C:\Users\slimboiliu\PartyBlock-Stable-WebGLBuild\Assets\WX-WASM-SDK-V2\Runtime\Plugins\LuaAdaptor\lua_adaptor_501.c.meta" is denied.
UnityEngine.StackTraceUtility:ExtractStackTrace ()
UnityEngine.DebugLogHandler:LogFormat (UnityEngine.LogType,UnityEngine.Object,string,object[])
UnityEngine.Logger:Log (UnityEngine.LogType,object)
UnityEngine.Debug:LogWarning (object)
WeChatWASM.WXConvertCore:SetPluginCompatibilityByModifyingMetadataFile (string,bool) (at Assets/WX-WASM-SDK-V2/Editor/WXConvertCore.cs:317)
WeChatWASM.WXConvertCore:ManageLuaAdaptorBuildOptions (bool) (at Assets/WX-WASM-SDK-V2/Editor/WXConvertCore.cs:581)
WeChatWASM.WXConvertCore:MakeEnvForLuaAdaptor () (at Assets/WX-WASM-SDK-V2/Editor/WXConvertCore.cs:593)
WeChatWASM.WXConvertCore:PreInit () (at Assets/WX-WASM-SDK-V2/Editor/WXConvertCore.cs:139)
WeChatWASM.WXConvertCore:DoExport (bool) (at Assets/WX-WASM-SDK-V2/Editor/WXConvertCore.cs:183)
StableWechatMiniGameExporter:Export () (at Assets/Editor/StableWechatMiniGameExporter.cs:9)

(Filename: Assets/WX-WASM-SDK-V2/Editor/WXConvertCore.cs Line: 317)

Failed to enable plugin asset: Access to the path "C:\Users\slimboiliu\PartyBlock-Stable-WebGLBuild\Assets\WX-WASM-SDK-V2\Runtime\Plugins\LuaAdaptor\lua_adaptor_503.c.meta" is denied.
UnityEngine.StackTraceUtility:ExtractStackTrace ()
UnityEngine.DebugLogHandler:LogFormat (UnityEngine.LogType,UnityEngine.Object,string,object[])
UnityEngine.Logger:Log (UnityEngine.LogType,object)
UnityEngine.Debug:LogWarning (object)
WeChatWASM.WXConvertCore:SetPluginCompatibilityByModifyingMetadataFile (string,bool) (at Assets/WX-WASM-SDK-V2/Editor/WXConvertCore.cs:317)
WeChatWASM.WXConvertCore:ManageLuaAdaptorBuildOptions (bool) (at Assets/WX-WASM-SDK-V2/Editor/WXConvertCore.cs:581)
WeChatWASM.WXConvertCore:MakeEnvForLuaAdaptor () (at Assets/WX-WASM-SDK-V2/Editor/WXConvertCore.cs:593)
WeChatWASM.WXConvertCore:PreInit () (at Assets/WX-WASM-SDK-V2/Editor/WXConvertCore.cs:139)
WeChatWASM.WXConvertCore:DoExport (bool) (at Assets/WX-WASM-SDK-V2/Editor/WXConvertCore.cs:183)
StableWechatMiniGameExporter:Export () (at Assets/Editor/StableWechatMiniGameExporter.cs:9)

(Filename: Assets/WX-WASM-SDK-V2/Editor/WXConvertCore.cs Line: 317)

Failed to enable plugin asset: Access to the path "C:\Users\slimboiliu\PartyBlock-Stable-WebGLBuild\Assets\WX-WASM-SDK-V2\Runtime\Plugins\LuaAdaptor\lua_adaptor_comm.c.meta" is denied.
UnityEngine.StackTraceUtility:ExtractStackTrace ()
UnityEngine.DebugLogHandler:LogFormat (UnityEngine.LogType,UnityEngine.Object,string,object[])
UnityEngine.Logger:Log (UnityEngine.LogType,object)
UnityEngine.Debug:LogWarning (object)
WeChatWASM.WXConvertCore:SetPluginCompatibilityByModifyingMetadataFile (string,bool) (at Assets/WX-WASM-SDK-V2/Editor/WXConvertCore.cs:317)
WeChatWASM.WXConvertCore:ManageLuaAdaptorBuildOptions (bool) (at Assets/WX-WASM-SDK-V2/Editor/WXConvertCore.cs:581)
WeChatWASM.WXConvertCore:MakeEnvForLuaAdaptor () (at Assets/WX-WASM-SDK-V2/Editor/WXConvertCore.cs:593)
WeChatWASM.WXConvertCore:PreInit () (at Assets/WX-WASM-SDK-V2/Editor/WXConvertCore.cs:139)
WeChatWASM.WXConvertCore:DoExport (bool) (at Assets/WX-WASM-SDK-V2/Editor/WXConvertCore.cs:183)
StableWechatMiniGameExporter:Export () (at Assets/Editor/StableWechatMiniGameExporter.cs:9)

(Filename: Assets/WX-WASM-SDK-V2/Editor/WXConvertCore.cs Line: 317)

Failed to enable plugin asset: Access to the path "C:\Users\slimboiliu\PartyBlock-Stable-WebGLBuild\Assets\WX-WASM-SDK-V2\Runtime\Plugins\LuaAdaptor\lua_adaptor_import.h.meta" is denied.
UnityEngine.StackTraceUtility:ExtractStackTrace ()
UnityEngine.DebugLogHandler:LogFormat (UnityEngine.LogType,UnityEngine.Object,string,object[])
UnityEngine.Logger:Log (UnityEngine.LogType,object)
UnityEngine.Debug:LogWarning (object)
WeChatWASM.WXConvertCore:SetPluginCompatibilityByModifyingMetadataFile (string,bool) (at Assets/WX-WASM-SDK-V2/Editor/WXConvertCore.cs:317)
WeChatWASM.WXConvertCore:ManageLuaAdaptorBuildOptions (bool) (at Assets/WX-WASM-SDK-V2/Editor/WXConvertCore.cs:581)
WeChatWASM.WXConvertCore:MakeEnvForLuaAdaptor () (at Assets/WX-WASM-SDK-V2/Editor/WXConvertCore.cs:593)
WeChatWASM.WXConvertCore:PreInit () (at Assets/WX-WASM-SDK-V2/Editor/WXConvertCore.cs:139)
WeChatWASM.WXConvertCore:DoExport (bool) (at Assets/WX-WASM-SDK-V2/Editor/WXConvertCore.cs:183)
StableWechatMiniGameExporter:Export () (at Assets/Editor/StableWechatMiniGameExporter.cs:9)

(Filename: Assets/WX-WASM-SDK-V2/Editor/WXConvertCore.cs Line: 317)

Refreshing native plugins compatible for Editor in 99.35 ms, found 12 plugins.
Start importing Assets/WX-WASM-SDK-V2/Runtime/Plugins/SDK-WX-TextureMin-JS-WEBGL1.jslib using Guid(d55bbf266368a4d91b5b8750b746dc78) Importer(-1,00000000000000000000000000000000) [PhysX] Initialized MultithreadedTaskDispatcher with 16 workers.
 -> (artifact id: '2d7e74c804c6ee411645eba433a19771') in 0.013399 seconds
Refreshing native plugins compatible for Editor in 93.16 ms, found 12 plugins.
Preloading 0 native plugins for Editor in 0.00 ms.
Asset Pipeline Refresh (id=ea2fc3c57da520544857c49df5552ef5): Total: 0.376 seconds - Initiated by StopAssetImportingV2(NoUpdateAssetOptions)
	Summary:
		Imports: total=1 (actual=1, local cache=0, cache server=0)
		Asset DB Process Time: managed=3 ms, native=154 ms
		Asset DB Callback time: managed=51 ms, native=166 ms
		Scripting: domain reloads=0, domain reload time=0 ms, compile time=0 ms, other=0 ms
		Project Asset Count: scripts=8109, non-scripts=3765
		Asset File Changes: new=0, changed=0, moved=0, deleted=0
		Scan Filter Count: 5
	InvokeBeforeRefreshCallbacks: 0.000ms
	ApplyChangesToAssetFolders: 0.120ms
	Scan: 3.482ms
	OnSourceAssetsModified: 0.001ms
	GetAllGuidsForCategorization: 0.906ms
	CategorizeAssets: 9.473ms
	ImportOutOfDateAssets: 30.493ms (1.064ms without children)
		ImportManagerImport: 19.179ms (4.708ms without children)
			ImportInProcess: 14.405ms
			UpdateCategorizedAssets: 0.067ms
		ReloadNativeAssets: 0.050ms
		UnloadImportedAssets: 0.456ms
		ReloadImportedAssets: 0.791ms
		EnsureUptoDateAssetsAreRegisteredWithGuidPM: 5.310ms
		InitializingProgressBar: 0.002ms
		PostProcessAllAssetNotificationsAddChangedAssets: 0.002ms
		OnDemandSchedulerStart: 3.638ms
	PostProcessAllAssets: 123.913ms
	Hotreload: 93.936ms
	GatherAllCurrentPrimaryArtifactRevisions: 0.663ms
	UnloadStreamsBegin: 0.370ms
	PersistCurrentRevisions: 0.947ms
	UnloadStreamsEnd: 0.248ms
	Untracked: 111.420ms
Refreshing native plugins compatible for Editor in 112.29 ms, found 12 plugins.
Start importing Assets/WX-WASM-SDK-V2/Runtime/Plugins/SDK-WX-TextureMin-JS-WEBGL2.jslib using Guid(3940ebcc91b954d46ab08a5ee248e437) Importer(-1,00000000000000000000000000000000) [PhysX] Initialized MultithreadedTaskDispatcher with 16 workers.
 -> (artifact id: '21561699c912e0c73756aa22df8361fe') in 0.004565 seconds
Refreshing native plugins compatible for Editor in 108.19 ms, found 12 plugins.
Preloading 0 native plugins for Editor in 0.00 ms.
Asset Pipeline Refresh (id=7de3f789c604bb842abbccf43f75405e): Total: 0.287 seconds - Initiated by StopAssetImportingV2(NoUpdateAssetOptions)
Refreshing native plugins compatible for Editor in 117.37 ms, found 12 plugins.
Start importing Assets/WX-WASM-SDK-V2/Runtime/Plugins/SDK-WX-TextureMin-JS-WEBGL2-Linear.jslib using Guid(f1315910877e64f9898a2c5a31a63994) Importer(-1,00000000000000000000000000000000) [PhysX] Initialized MultithreadedTaskDispatcher with 16 workers.
 -> (artifact id: '53ebb46499320b12a457be8f94e8aa7e') in 0.005939 seconds
Refreshing native plugins compatible for Editor in 120.26 ms, found 12 plugins.
Preloading 0 native plugins for Editor in 0.00 ms.
Asset Pipeline Refresh (id=6c36d8a154866ff4a9e415e4281f611f): Total: 0.299 seconds - Initiated by StopAssetImportingV2(NoUpdateAssetOptions)
Refreshing native plugins compatible for Editor in 108.69 ms, found 12 plugins.
Start importing Assets/WX-WASM-SDK-V2/Runtime/Plugins/ChuXinWeChatSDK.jslib using Guid(45bed1f4d80ad1c46997dd6b5b7ab1ff) Importer(-1,00000000000000000000000000000000) [PhysX] Initialized MultithreadedTaskDispatcher with 16 workers.
 -> (artifact id: '3be98cdf76faf72be4093bb81e8f7729') in 0.003799 seconds
Refreshing native plugins compatible for Editor in 119.14 ms, found 12 plugins.
Preloading 0 native plugins for Editor in 0.00 ms.
Asset Pipeline Refresh (id=582665237cd88a949ac49d39b5b2427e): Total: 0.286 seconds - Initiated by StopAssetImportingV2(NoUpdateAssetOptions)
Asset Pipeline Refresh (id=32df28cb503c6454699e925f702564ae): Total: 0.141 seconds - Initiated by RefreshV2(NoUpdateAssetOptions)
Asset Pipeline Refresh (id=f0a34a38dc48d5943a21feb5cd69a994): Total: 0.151 seconds - Initiated by RefreshV2(NoUpdateAssetOptions)
Start importing ProjectSettings/ProjectSettings.asset using Guid(00000000000000004000000000000000) Importer(-1,00000000000000000000000000000000) [PhysX] Initialized MultithreadedTaskDispatcher with 16 workers.
 -> (artifact id: 'fe97d383b3ef6f4a57ad2aa40fea976e') in 0.006735 seconds
Start importing Assets/WX-WASM-SDK-V2/Editor/MiniGameConfig.asset using Guid(153c4ad328450a54cbe8c9be9859a4a5) Importer(-1,00000000000000000000000000000000) [PhysX] Initialized MultithreadedTaskDispatcher with 16 workers.
 -> (artifact id: '3ffc522d882cf8123a01ed6afcb19152') in 0.008735 seconds
Refreshing native plugins compatible for Editor in 97.28 ms, found 12 plugins.
Preloading 0 native plugins for Editor in 0.00 ms.
Asset Pipeline Refresh (id=6ab23c20c736de74a93954b4cb1326c4): Total: 0.174 seconds - Initiated by StopAssetImportingV2(NoUpdateAssetOptions)
[Builder] Starting to build WebGL project ... 
UnityEngine.StackTraceUtility:ExtractStackTrace ()
UnityEngine.DebugLogHandler:LogFormat (UnityEngine.LogType,UnityEngine.Object,string,object[])
UnityEngine.Logger:Log (UnityEngine.LogType,object)
UnityEngine.Debug:Log (object)
WeChatWASM.WXConvertCore:Build () (at Assets/WX-WASM-SDK-V2/Editor/WXConvertCore.cs:1070)
WeChatWASM.WXConvertCore:DoExport (bool) (at Assets/WX-WASM-SDK-V2/Editor/WXConvertCore.cs:208)
StableWechatMiniGameExporter:Export () (at Assets/Editor/StableWechatMiniGameExporter.cs:9)

(Filename: Assets/WX-WASM-SDK-V2/Editor/WXConvertCore.cs Line: 1070)

PlayerSettings.WebGL.emscriptenArgs :  -s EXPORTED_FUNCTIONS=_sbrk,_emscripten_stack_get_base,_emscripten_stack_get_end -s ERROR_ON_UNDEFINED_SYMBOLS=0 -s TOTAL_MEMORY=256MB -s EXPORTED_RUNTIME_METHODS='["ccall","cwrap","stackTrace","addRunDependency","removeRunDependency","FS_createPath","FS_createDataFile","stackTrace","writeStackCookie","checkStackCookie","lengthBytesUTF8","stringToUTF8"]'
UnityEngine.StackTraceUtility:ExtractStackTrace ()
UnityEngine.DebugLogHandler:LogFormat (UnityEngine.LogType,UnityEngine.Object,string,object[])
UnityEngine.Logger:Log (UnityEngine.LogType,object)
UnityEngine.Debug:Log (object)
WeChatWASM.WXConvertCore:Build () (at Assets/WX-WASM-SDK-V2/Editor/WXConvertCore.cs:1071)
WeChatWASM.WXConvertCore:DoExport (bool) (at Assets/WX-WASM-SDK-V2/Editor/WXConvertCore.cs:208)
StableWechatMiniGameExporter:Export () (at Assets/Editor/StableWechatMiniGameExporter.cs:9)

(Filename: Assets/WX-WASM-SDK-V2/Editor/WXConvertCore.cs Line: 1071)

[Builder] Scenes [0]: Assets/LaunchScene/Scenes/Launch.unity, [x]
UnityEngine.StackTraceUtility:ExtractStackTrace ()
UnityEngine.DebugLogHandler:LogFormat (UnityEngine.LogType,UnityEngine.Object,string,object[])
UnityEngine.Logger:LogFormat (UnityEngine.LogType,string,object[])
UnityEngine.Debug:LogFormat (string,object[])
WeChatWASM.WXConvertCore:GetScenePaths () (at Assets/WX-WASM-SDK-V2/Editor/WXConvertCore.cs:2194)
WeChatWASM.WXConvertCore:Build () (at Assets/WX-WASM-SDK-V2/Editor/WXConvertCore.cs:1130)
WeChatWASM.WXConvertCore:DoExport (bool) (at Assets/WX-WASM-SDK-V2/Editor/WXConvertCore.cs:208)
StableWechatMiniGameExporter:Export () (at Assets/Editor/StableWechatMiniGameExporter.cs:9)

(Filename: Assets/WX-WASM-SDK-V2/Editor/WXConvertCore.cs Line: 2194)

Begin to create catalog file !
UnityEngine.StackTraceUtility:ExtractStackTrace ()
UnityEngine.DebugLogHandler:LogFormat (UnityEngine.LogType,UnityEngine.Object,string,object[])
UnityEngine.Logger:Log (UnityEngine.LogType,object)
UnityEngine.Debug:Log (object)
YooAsset.YooLogger:Log (string) (at Assets/YooAsset/Runtime/Utility/YooLogger.cs:32)
YooAsset.PreprocessBuildCatalog:OnPreprocessBuild (UnityEditor.Build.Reporting.BuildReport) (at Assets/YooAsset/Samples/Extension Sample/Editor/PreprocessBuild/PreprocessBuildCatalog.cs:17)
UnityEditor.Build.BuildPipelineInterfaces/<>c__DisplayClass16_0:<OnBuildPreProcess>b__1 (UnityEditor.Build.IPreprocessBuildWithReport)
UnityEditor.Build.BuildPipelineInterfaces:InvokeCallbackInterfacesPair<UnityEditor.Build.IPreprocessBuild, UnityEditor.Build.IPreprocessBuildWithReport> (System.Collections.Generic.List`1<UnityEditor.Build.IPreprocessBuild>,System.Action`1<UnityEditor.Build.IPreprocessBuild>,System.Collections.Generic.List`1<UnityEditor.Build.IPreprocessBuildWithReport>,System.Action`1<UnityEditor.Build.IPreprocessBuildWithReport>,bool)
UnityEditor.Build.BuildPipelineInterfaces:OnBuildPreProcess (UnityEditor.Build.Reporting.BuildReport)
UnityEditor.BuildPipeline:BuildPlayerInternal (string[],string,string,UnityEditor.BuildTargetGroup,UnityEditor.BuildTarget,int,UnityEditor.BuildOptions,string[])
UnityEditor.BuildPipeline:BuildPlayer (string[],string,string,UnityEditor.BuildTargetGroup,UnityEditor.BuildTarget,int,UnityEditor.BuildOptions,string[])
UnityEditor.BuildPipeline:BuildPlayer (UnityEditor.BuildPlayerOptions)
UnityEditor.BuildPipeline:BuildPlayer (string[],string,UnityEditor.BuildTarget,UnityEditor.BuildOptions)
WeChatWASM.WXConvertCore:Build () (at Assets/WX-WASM-SDK-V2/Editor/WXConvertCore.cs:1130)
WeChatWASM.WXConvertCore:DoExport (bool) (at Assets/WX-WASM-SDK-V2/Editor/WXConvertCore.cs:208)
StableWechatMiniGameExporter:Export () (at Assets/Editor/StableWechatMiniGameExporter.cs:9)

(Filename: Assets/YooAsset/Samples/Extension Sample/Editor/PreprocessBuild/PreprocessBuildCatalog.cs Line: 17)

YooAsset use user settings.
UnityEngine.StackTraceUtility:ExtractStackTrace ()
UnityEngine.DebugLogHandler:LogFormat (UnityEngine.LogType,UnityEngine.Object,string,object[])
UnityEngine.Logger:Log (UnityEngine.LogType,object)
UnityEngine.Debug:Log (object)
YooAsset.YooLogger:Log (string) (at Assets/YooAsset/Runtime/Utility/YooLogger.cs:32)
YooAsset.YooAssetSettingsData:LoadSettingData () (at Assets/YooAsset/Runtime/Settings/YooAssetSettingsData.cs:40)
YooAsset.YooAssetSettingsData:get_Setting () (at Assets/YooAsset/Runtime/Settings/YooAssetSettingsData.cs:22)
YooAsset.YooAssetSettingsData:GetYooDefaultBuildinRoot () (at Assets/YooAsset/Runtime/Settings/YooAssetSettingsData.cs:196)
YooAsset.PreprocessBuildCatalog:OnPreprocessBuild (UnityEditor.Build.Reporting.BuildReport) (at Assets/YooAsset/Samples/Extension Sample/Editor/PreprocessBuild/PreprocessBuildCatalog.cs:19)
UnityEditor.Build.BuildPipelineInterfaces/<>c__DisplayClass16_0:<OnBuildPreProcess>b__1 (UnityEditor.Build.IPreprocessBuildWithReport)
UnityEditor.Build.BuildPipelineInterfaces:InvokeCallbackInterfacesPair<UnityEditor.Build.IPreprocessBuild, UnityEditor.Build.IPreprocessBuildWithReport> (System.Collections.Generic.List`1<UnityEditor.Build.IPreprocessBuild>,System.Action`1<UnityEditor.Build.IPreprocessBuild>,System.Collections.Generic.List`1<UnityEditor.Build.IPreprocessBuildWithReport>,System.Action`1<UnityEditor.Build.IPreprocessBuildWithReport>,bool)
UnityEditor.Build.BuildPipelineInterfaces:OnBuildPreProcess (UnityEditor.Build.Reporting.BuildReport)
UnityEditor.BuildPipeline:BuildPlayerInternal (string[],string,string,UnityEditor.BuildTargetGroup,UnityEditor.BuildTarget,int,UnityEditor.BuildOptions,string[])
UnityEditor.BuildPipeline:BuildPlayer (string[],string,string,UnityEditor.BuildTargetGroup,UnityEditor.BuildTarget,int,UnityEditor.BuildOptions,string[])
UnityEditor.BuildPipeline:BuildPlayer (UnityEditor.BuildPlayerOptions)
UnityEditor.BuildPipeline:BuildPlayer (string[],string,UnityEditor.BuildTarget,UnityEditor.BuildOptions)
WeChatWASM.WXConvertCore:Build () (at Assets/WX-WASM-SDK-V2/Editor/WXConvertCore.cs:1130)
WeChatWASM.WXConvertCore:DoExport (bool) (at Assets/WX-WASM-SDK-V2/Editor/WXConvertCore.cs:208)
StableWechatMiniGameExporter:Export () (at Assets/Editor/StableWechatMiniGameExporter.cs:9)

(Filename: Assets/YooAsset/Runtime/Settings/YooAssetSettingsData.cs Line: 40)

Asset Pipeline Refresh (id=272e0ffb5bb12d34688366f110dad21d): Total: 0.022 seconds - Initiated by RefreshV2(NoUpdateAssetOptions)
Succeed to save catalog file : C:\Users\slimboiliu\PartyBlock-Stable-WebGLBuild\Assets\StreamingAssets\yoo\DefaultPackage/BuildinCatalog.bytes
UnityEngine.StackTraceUtility:ExtractStackTrace ()
UnityEngine.DebugLogHandler:LogFormat (UnityEngine.LogType,UnityEngine.Object,string,object[])
UnityEngine.Logger:Log (UnityEngine.LogType,object)
UnityEngine.Debug:Log (object)
YooAsset.CatalogTools:CreateCatalogFile (YooAsset.IManifestRestoreServices,string,string) (at Assets/YooAsset/Runtime/FileSystem/DefaultBuildinFileSystem/CatalogTools.cs:113)
YooAsset.PreprocessBuildCatalog:OnPreprocessBuild (UnityEditor.Build.Reporting.BuildReport) (at Assets/YooAsset/Samples/Extension Sample/Editor/PreprocessBuild/PreprocessBuildCatalog.cs:35)
UnityEditor.Build.BuildPipelineInterfaces/<>c__DisplayClass16_0:<OnBuildPreProcess>b__1 (UnityEditor.Build.IPreprocessBuildWithReport)
UnityEditor.Build.BuildPipelineInterfaces:InvokeCallbackInterfacesPair<UnityEditor.Build.IPreprocessBuild, UnityEditor.Build.IPreprocessBuildWithReport> (System.Collections.Generic.List`1<UnityEditor.Build.IPreprocessBuild>,System.Action`1<UnityEditor.Build.IPreprocessBuild>,System.Collections.Generic.List`1<UnityEditor.Build.IPreprocessBuildWithReport>,System.Action`1<UnityEditor.Build.IPreprocessBuildWithReport>,bool)
UnityEditor.Build.BuildPipelineInterfaces:OnBuildPreProcess (UnityEditor.Build.Reporting.BuildReport)
UnityEditor.BuildPipeline:BuildPlayerInternal (string[],string,string,UnityEditor.BuildTargetGroup,UnityEditor.BuildTarget,int,UnityEditor.BuildOptions,string[])
UnityEditor.BuildPipeline:BuildPlayer (string[],string,string,UnityEditor.BuildTargetGroup,UnityEditor.BuildTarget,int,UnityEditor.BuildOptions,string[])
UnityEditor.BuildPipeline:BuildPlayer (UnityEditor.BuildPlayerOptions)
UnityEditor.BuildPipeline:BuildPlayer (string[],string,UnityEditor.BuildTarget,UnityEditor.BuildOptions)
WeChatWASM.WXConvertCore:Build () (at Assets/WX-WASM-SDK-V2/Editor/WXConvertCore.cs:1130)
WeChatWASM.WXConvertCore:DoExport (bool) (at Assets/WX-WASM-SDK-V2/Editor/WXConvertCore.cs:208)
StableWechatMiniGameExporter:Export () (at Assets/Editor/StableWechatMiniGameExporter.cs:9)

(Filename: Assets/YooAsset/Runtime/FileSystem/DefaultBuildinFileSystem/CatalogTools.cs Line: 113)

Start importing ProjectSettings/ProjectSettings.asset using Guid(00000000000000004000000000000000) Importer(-1,00000000000000000000000000000000) [PhysX] Initialized MultithreadedTaskDispatcher with 16 workers.
 -> (artifact id: 'fe97d383b3ef6f4a57ad2aa40fea976e') in 0.006734 seconds
Start importing Assets/Settings/Very Low_PipelineAsset.asset using Guid(005d920f6b021a442896a0a11b143791) Importer(-1,00000000000000000000000000000000) [PhysX] Initialized MultithreadedTaskDispatcher with 16 workers.
 -> (artifact id: '9736225eb3d87633f7a65da06f8ec701') in 0.005832 seconds
Start importing Assets/Settings/Ultra_PipelineAsset.asset using Guid(30fb57740ebcbaf4db996119baa8bec3) Importer(-1,00000000000000000000000000000000) [PhysX] Initialized MultithreadedTaskDispatcher with 16 workers.
 -> (artifact id: '15f6456dba554e75f7f1fc8bbde57550') in 0.005257 seconds
Start importing Assets/Settings/Low_PipelineAsset.asset using Guid(194834ecf1bb63247b8041153fdcdd55) Importer(-1,00000000000000000000000000000000) [PhysX] Initialized MultithreadedTaskDispatcher with 16 workers.
 -> (artifact id: '6a9914b7c66f37db632061ce5b708dbd') in 0.005973 seconds
Start importing Assets/Settings/Very High_PipelineAsset.asset using Guid(ab644279103837b4f89de480574b9798) Importer(-1,00000000000000000000000000000000) [PhysX] Initialized MultithreadedTaskDispatcher with 16 workers.
 -> (artifact id: 'd3add21ddede4d7f47dea61e49c9da29') in 0.005651 seconds
Start importing Assets/Settings/High_PipelineAsset.asset using Guid(0c97d6af7e4590a46a3d58afab77f117) Importer(-1,00000000000000000000000000000000) [PhysX] Initialized MultithreadedTaskDispatcher with 16 workers.
 -> (artifact id: '722f96a99011132cba43451d1e92b3a1') in 0.004611 seconds
Start importing Assets/Settings/Medium_PipelineAsset.asset using Guid(9fdbade6d2c2b1448895a90ad4aff79b) Importer(-1,00000000000000000000000000000000) [PhysX] Initialized MultithreadedTaskDispatcher with 16 workers.
 -> (artifact id: 'e2edec58bba32f550a7b364e4de0716a') in 0.004464 seconds
Refreshing native plugins compatible for Editor in 127.29 ms, found 12 plugins.
Preloading 0 native plugins for Editor in 0.00 ms.
Asset Pipeline Refresh (id=1ccdedd399791184092e42bf4bbdec7e): Total: 0.245 seconds - Initiated by StopAssetImportingV2(NoUpdateAssetOptions)
Starting: F:\Unity2022.3.62f3f1\2022.3.62f3c1\Editor\Data\bee_backend.exe --ipc --defer-dag-verification --dagfile="Library/Bee/2000b0aESkipCompile.dag" --continue-on-failure --profile="Library/Bee/backend1.traceevents" ScriptAssembliesAndTypeDB
WorkingDir: C:/Users/slimboiliu/PartyBlock-Stable-WebGLBuild
Starting: F:\Unity2022.3.62f3f1\2022.3.62f3c1\Editor\Data\Tools\netcorerun\netcorerun.exe "F:\Unity2022.3.62f3f1\2022.3.62f3c1\Editor\Data\Tools\BuildPipeline\ScriptCompilationBuildProgram.exe" "Library/Bee/2000b0aESkipCompile.dag.json" "Library/Bee/2000b0aESkipCompile-inputdata.json" "Library\Bee\buildprogram0.traceevents"
WorkingDir: C:/Users/slimboiliu/PartyBlock-Stable-WebGLBuild
ExitCode: 4 Duration: 0s158ms
[             ] Require frontend run.  Library/Bee/2000b0aESkipCompile.dag couldn't be loaded
ExitCode: 0 Duration: 0s707ms
Starting: F:\Unity2022.3.62f3f1\2022.3.62f3c1\Editor\Data\bee_backend.exe --ipc --defer-dag-verification --dagfile="Library/Bee/2000b0aESkipCompile.dag" --continue-on-failure --dagfilejson="Library\Bee\2000b0aESkipCompile.dag.json" --profile="Library/Bee/backend2.traceevents" ScriptAssembliesAndTypeDB
WorkingDir: C:/Users/slimboiliu/PartyBlock-Stable-WebGLBuild
ExitCode: 0 Duration: 0s212ms
Finished compiling graph: 5 nodes, 7 flattened edges (7 ToBuild, 0 ToUse), maximum node priority 5
[2/4        0s] WriteResponseFile Library/Bee/artifacts/rsp/6097564273297756792.rsp
*** Tundra build success (0.08 seconds), 1 items updated, 4 evaluated
Asset Pipeline Refresh (id=820a0a350156ee2488ae92d2218d90ab): Total: 0.016 seconds - Initiated by RefreshV2(NoUpdateAssetOptions)
[ScriptCompilation] Requested script compilation because: Recompiling scripts for player build.
BuildPlayer: start building target 20
Duplicate assembly 'Newtonsoft.Json.dll' with different versions detected, using 'Packages/com.unity.nuget.newtonsoft-json/Runtime/AOT/Newtonsoft.Json.dll, AssemblyName=Newtonsoft.Json, Version=13.0.0.0, Culture=neutral, PublicKeyToken=30ad4fe6b2a6aeed' and ignoring 'Assets/Plugins/Newtonsoft.Json.dll, AssemblyName=Newtonsoft.Json, Version=6.0.0.0, Culture=neutral, PublicKeyToken=30ad4fe6b2a6aeed'.Starting: F:\Unity2022.3.62f3f1\2022.3.62f3c1\Editor\Data\bee_backend.exe --ipc --defer-dag-verification --dagfile="Library/Bee/2000b0aP.dag" --continue-on-failure --profile="Library/Bee/backend1.traceevents" ScriptAssembliesAndTypeDB
WorkingDir: C:/Users/slimboiliu/PartyBlock-Stable-WebGLBuild
Duplicate assembly 'Newtonsoft.Json.dll' with different versions detected, using 'Packages/com.unity.nuget.newtonsoft-json/Runtime/Newtonsoft.Json.dll, AssemblyName=Newtonsoft.Json, Version=13.0.0.0, Culture=neutral, PublicKeyToken=30ad4fe6b2a6aeed' and ignoring 'Assets/Plugins/Newtonsoft.Json.dll, AssemblyName=Newtonsoft.Json, Version=6.0.0.0, Culture=neutral, PublicKeyToken=30ad4fe6b2a6aeed'.ExitCode: 4 Duration: 0s140ms
[             ] Require frontend run.  Library/Bee/2000b0aP.dag couldn't be loaded
Duplicate assembly 'Newtonsoft.Json.dll' with different versions detected, using 'Packages/com.unity.nuget.newtonsoft-json/Runtime/AOT/Newtonsoft.Json.dll, AssemblyName=Newtonsoft.Json, Version=13.0.0.0, Culture=neutral, PublicKeyToken=30ad4fe6b2a6aeed' and ignoring 'Assets/Plugins/Newtonsoft.Json.dll, AssemblyName=Newtonsoft.Json, Version=6.0.0.0, Culture=neutral, PublicKeyToken=30ad4fe6b2a6aeed'.Duplicate assembly 'Newtonsoft.Json.dll' with different versions detected, using 'Packages/com.unity.nuget.newtonsoft-json/Runtime/AOT/Newtonsoft.Json.dll, AssemblyName=Newtonsoft.Json, Version=13.0.0.0, Culture=neutral, PublicKeyToken=30ad4fe6b2a6aeed' and ignoring 'Assets/Plugins/Newtonsoft.Json.dll, AssemblyName=Newtonsoft.Json, Version=6.0.0.0, Culture=neutral, PublicKeyToken=30ad4fe6b2a6aeed'.Starting: F:\Unity2022.3.62f3f1\2022.3.62f3c1\Editor\Data\Tools\netcorerun\netcorerun.exe "F:\Unity2022.3.62f3f1\2022.3.62f3c1\Editor\Data\Tools\BuildPipeline\ScriptCompilationBuildProgram.exe" "Library/Bee/2000b0aP.dag.json" "Library/Bee/2000b0aP-inputdata.json" "Library\Bee\buildprogram0.traceevents"
WorkingDir: C:/Users/slimboiliu/PartyBlock-Stable-WebGLBuild
ExitCode: 0 Duration: 0s894ms
Starting: F:\Unity2022.3.62f3f1\2022.3.62f3c1\Editor\Data\bee_backend.exe --ipc --defer-dag-verification --dagfile="Library/Bee/2000b0aP.dag" --continue-on-failure --dagfilejson="Library\Bee\2000b0aP.dag.json" --profile="Library/Bee/backend2.traceevents" ScriptAssembliesAndTypeDB
WorkingDir: C:/Users/slimboiliu/PartyBlock-Stable-WebGLBuild
TcpProtobufSession - receive error
TcpProtobufClient - Transport error errorcode: 2, details: 系统找不到指定的文件。

ExitCode: 0 Duration: 32s
Finished compiling graph: 582 nodes, 5775 flattened edges (4721 ToBuild, 82 ToUse), maximum node priority 299
[  1/581    0s] WriteText Library/Bee/artifacts/WebGL_CodeGen/UnityEngine.TestRunner.rsp2
[  2/581    0s] WriteText Library/Bee/artifacts/WebGL_CodeGen/UnityEngine.TestRunner.UnityAdditionalFile.txt
[  3/581    0s] MovedFromExtractor Library/Bee/artifacts/mvdfrm/UnityEditor.UIBuilderModule.dll_7EADEA8531B05CAB.mvfrm
[  4/581    0s] MovedFromExtractor Library/Bee/artifacts/mvdfrm/UnityEditor.TextCoreTextEngineModule.dll_1B94501AA43B46DB.mvfrm
[  5/581    0s] MovedFromExtractor Library/Bee/artifacts/mvdfrm/UnityEditor.QuickSearchModule.dll_9055CE6FABC5EFF9.mvfrm
[  6/581    1s] MovedFromExtractor Library/Bee/artifacts/mvdfrm/UnityEditor.dll_1D107C1BE9413446.mvfrm
[  7/581    1s] MovedFromExtractor Library/Bee/artifacts/mvdfrm/UnityEditor.SceneTemplateModule.dll_50C75DF8C2C2D79A.mvfrm
[  8/581    1s] MovedFromExtractor Library/Bee/artifacts/mvdfrm/UnityEditor.TextCoreFontEngineModule.dll_D3AC19A914B78DBD.mvfrm
[  9/581    1s] MovedFromExtractor Library/Bee/artifacts/mvdfrm/UnityEditor.UnityConnectModule.dll_49176842F0582955.mvfrm
[ 10/581    1s] MovedFromExtractor Library/Bee/artifacts/mvdfrm/UnityEditor.UIElementsModule.dll_DCA6573D2EE22BFB.mvfrm
[ 11/581    1s] MovedFromExtractor Library/Bee/artifacts/mvdfrm/UnityEditor.GraphViewModule.dll_2A253D68BEF7E377.mvfrm
[ 12/581    1s] MovedFromExtractor Library/Bee/artifacts/mvdfrm/UnityEngine.GridModule.dll_3819999C5FFEEC41.mvfrm
[ 13/581    1s] MovedFromExtractor Library/Bee/artifacts/mvdfrm/UnityEditor.SceneViewModule.dll_68D52070B41AB085.mvfrm
[ 14/581    1s] MovedFromExtractor Library/Bee/artifacts/mvdfrm/UnityEditor.UIElementsSamplesModule.dll_E011DE282EEC6E22.mvfrm
[ 15/581    1s] MovedFromExtractor Library/Bee/artifacts/mvdfrm/UnityEngine.WebGLModule.dll_788924EFE5B9138E.mvfrm
[ 16/581    1s] MovedFromExtractor Library/Bee/artifacts/mvdfrm/UnityEditor.EditorToolbarModule.dll_2D27ED3AC3D62D62.mvfrm
[ 17/581    1s] MovedFromExtractor Library/Bee/artifacts/mvdfrm/UnityEditor.PresetsUIModule.dll_E58B764AC1503B7C.mvfrm
[ 18/581    1s] MovedFromExtractor Library/Bee/artifacts/mvdfrm/UnityEditor.DiagnosticsModule.dll_05464D6252EEF3A0.mvfrm
[ 19/581    0s] MovedFromExtractor Library/Bee/artifacts/mvdfrm/UnityEngine.AccessibilityModule.dll_836CC98FC338FF37.mvfrm
[ 20/581    0s] MovedFromExtractor Library/Bee/artifacts/mvdfrm/UnityEngine.AIModule.dll_B82BAF9629780B93.mvfrm
[ 21/581    0s] MovedFromExtractor Library/Bee/artifacts/mvdfrm/UnityEngine.GIModule.dll_5067F8A3C526F3AD.mvfrm
[ 22/581    0s] MovedFromExtractor Library/Bee/artifacts/mvdfrm/UnityEngine.AudioModule.dll_2770828858AB49CF.mvfrm
[ 23/581    0s] MovedFromExtractor Library/Bee/artifacts/mvdfrm/UnityEditor.DeviceSimulatorModule.dll_62E4F826D84785D2.mvfrm
[ 24/581    0s] MovedFromExtractor Library/Bee/artifacts/mvdfrm/UnityEngine.AndroidJNIModule.dll_5AEF401078019AD1.mvfrm
[ 25/581    0s] MovedFromExtractor Library/Bee/artifacts/mvdfrm/UnityEngine.AssetBundleModule.dll_D43F01610E2CA4EB.mvfrm
[ 26/581    0s] MovedFromExtractor Library/Bee/artifacts/mvdfrm/UnityEngine.ContentLoadModule.dll_6D555AA1DCAF4CD8.mvfrm
[ 27/581    0s] MovedFromExtractor Library/Bee/artifacts/mvdfrm/UnityEngine.ClothModule.dll_8E58DF8332C828B3.mvfrm
[ 28/581    0s] MovedFromExtractor Library/Bee/artifacts/mvdfrm/UnityEngine.AnimationModule.dll_F8AAB9919954B81D.mvfrm
[ 29/581    0s] MovedFromExtractor Library/Bee/artifacts/mvdfrm/UnityEditor.Graphs.dll_E4CC0C509FD99651.mvfrm
[ 30/581    0s] MovedFromExtractor Library/Bee/artifacts/mvdfrm/UnityEngine.DirectorModule.dll_EE1B3C7F00F6E6E7.mvfrm
[ 31/581    1s] MovedFromExtractor Library/Bee/artifacts/mvdfrm/UnityEngine.CoreModule.dll_5AA87DAE47AA564A.mvfrm
[ 32/581    0s] MovedFromExtractor Library/Bee/artifacts/mvdfrm/UnityEngine.CrashReportingModule.dll_298F4A0B6B40BC22.mvfrm
[ 33/581    1s] MovedFromExtractor Library/Bee/artifacts/mvdfrm/UnityEditor.CoreModule.dll_3787AA5B9FA4EB1F.mvfrm
[ 34/581    0s] MovedFromExtractor Library/Bee/artifacts/mvdfrm/UnityEngine.dll_4FB4C2F447B4C12B.mvfrm
[ 35/581    0s] MovedFromExtractor Library/Bee/artifacts/mvdfrm/UnityEngine.DSPGraphModule.dll_F36C9DE87357B808.mvfrm
[ 36/581    1s] MovedFromExtractor Library/Bee/artifacts/mvdfrm/UnityEditor.WebGL.Extensions.dll_3854C7B1692A7301.mvfrm
[ 37/581    0s] MovedFromExtractor Library/Bee/artifacts/mvdfrm/UnityEngine.VehiclesModule.dll_65DE35FE7B20B682.mvfrm
[ 38/581    0s] MovedFromExtractor Library/Bee/artifacts/mvdfrm/UnityEngine.WindModule.dll_D0F758D6D8E0D4B3.mvfrm
[ 39/581    0s] MovedFromExtractor Library/Bee/artifacts/mvdfrm/UnityEngine.VFXModule.dll_4C154A97167E6EC1.mvfrm
[ 40/581    1s] MovedFromExtractor Library/Bee/artifacts/mvdfrm/UnityEditor.WindowsStandalone.Extensions.dll_C4CA9D5AA7C4DF71.mvfrm
[ 41/581    1s] MovedFromExtractor Library/Bee/artifacts/mvdfrm/UnityEngine.VRModule.dll_06717449277996B7.mvfrm
[ 42/581    1s] MovedFromExtractor Library/Bee/artifacts/mvdfrm/UnityEngine.XRModule.dll_3930374DB0B3E415.mvfrm
[ 43/581    1s] MovedFromExtractor Library/Bee/artifacts/mvdfrm/UnityEngine.VideoModule.dll_4C7A06F31B3D6574.mvfrm
[ 44/581    0s] MovedFromExtractor Library/Bee/artifacts/mvdfrm/UnityEngine.UnityWebRequestWWWModule.dll_64B610C9A6F8C212.mvfrm
[ 45/581    0s] MovedFromExtractor Library/Bee/artifacts/mvdfrm/UnityEngine.GameCenterModule.dll_853C8A2B3E428BC2.mvfrm
[ 46/581    0s] MovedFromExtractor Library/Bee/artifacts/mvdfrm/UnityEngine.UnityWebRequestTextureModule.dll_A7073D6A1CDFC396.mvfrm
[ 47/581    0s] MovedFromExtractor Library/Bee/artifacts/mvdfrm/UnityEngine.UnityWebRequestAudioModule.dll_3C0E75E6A7617FA1.mvfrm
[ 48/581    0s] MovedFromExtractor Library/Bee/artifacts/mvdfrm/UnityEngine.UnityCurlModule.dll_2BC75AC30968AA0A.mvfrm
[ 49/581    0s] MovedFromExtractor Library/Bee/artifacts/mvdfrm/UnityEngine.UnityWebRequestModule.dll_E622BFF2D51BE5C9.mvfrm
[ 50/581    0s] MovedFromExtractor Library/Bee/artifacts/mvdfrm/UnityEngine.UnityWebRequestAssetBundleModule.dll_6941476B69751D7D.mvfrm
[ 51/581    0s] MovedFromExtractor Library/Bee/artifacts/mvdfrm/UnityEngine.UnityTestProtocolModule.dll_9BD4941A88E7C378.mvfrm
[ 52/581    0s] MovedFromExtractor Library/Bee/artifacts/mvdfrm/UnityEngine.TilemapModule.dll_A3838AFC095AFE77.mvfrm
[ 53/581    0s] MovedFromExtractor Library/Bee/artifacts/mvdfrm/UnityEngine.UIModule.dll_B39F4DC385BF113F.mvfrm
[ 54/581    0s] MovedFromExtractor Library/Bee/artifacts/mvdfrm/UnityEngine.UmbraModule.dll_A2452EA0E5D1F542.mvfrm
[ 55/581    0s] MovedFromExtractor Library/Bee/artifacts/mvdfrm/UnityEngine.UnityConnectModule.dll_3676EC51EAE02A00.mvfrm
[ 56/581    0s] MovedFromExtractor Library/Bee/artifacts/mvdfrm/UnityEngine.UnityAnalyticsModule.dll_9C410421857999AC.mvfrm
[ 57/581    0s] MovedFromExtractor Library/Bee/artifacts/mvdfrm/UnityEngine.UIElementsModule.dll_DD54C48531264546.mvfrm
[ 58/581    1s] MovedFromExtractor Library/Bee/artifacts/mvdfrm/UnityEngine.UnityAnalyticsCommonModule.dll_5F50DF4C3ADF5367.mvfrm
[ 59/581    0s] MovedFromExtractor Library/Bee/artifacts/mvdfrm/UnityEngine.TextRenderingModule.dll_26AB725B8E180C18.mvfrm
[ 60/581    0s] MovedFromExtractor Library/Bee/artifacts/mvdfrm/UnityEngine.TLSModule.dll_CB36B22840110554.mvfrm
[ 61/581    0s] MovedFromExtractor Library/Bee/artifacts/mvdfrm/UnityEngine.TextCoreTextEngineModule.dll_99F3CB6DB73905A6.mvfrm
[ 62/581    0s] MovedFromExtractor Library/Bee/artifacts/mvdfrm/UnityEngine.TextCoreFontEngineModule.dll_520B94FC27B54C88.mvfrm
[ 63/581    0s] MovedFromExtractor Library/Bee/artifacts/mvdfrm/UnityEngine.TerrainModule.dll_0487237AF19E1D6E.mvfrm
[ 64/581    0s] MovedFromExtractor Library/Bee/artifacts/mvdfrm/UnityEngine.TerrainPhysicsModule.dll_7D1C3C2AF295423D.mvfrm
[ 65/581    1s] MovedFromExtractor Library/Bee/artifacts/mvdfrm/UnityEngine.SubsystemsModule.dll_D916631D2DFA094F.mvfrm
[ 66/581    0s] MovedFromExtractor Library/Bee/artifacts/mvdfrm/UnityEngine.SharedInternalsModule.dll_5894F71E4155469A.mvfrm
[ 67/581    0s] MovedFromExtractor Library/Bee/artifacts/mvdfrm/UnityEngine.PropertiesModule.dll_B277C969B12DEFFE.mvfrm
[ 68/581    1s] MovedFromExtractor Library/Bee/artifacts/mvdfrm/UnityEngine.SubstanceModule.dll_89EABB2B342F6D69.mvfrm
[ 69/581    1s] MovedFromExtractor Library/Bee/artifacts/mvdfrm/UnityEngine.StreamingModule.dll_AD3FA6E1E8DC6F5B.mvfrm
[ 70/581    0s] MovedFromExtractor Library/Bee/artifacts/mvdfrm/UnityEngine.ScreenCaptureModule.dll_FD6C0050D6E08C23.mvfrm
[ 71/581    0s] WriteText Library/Bee/artifacts/WebGL_CodeGen/UnityEngine.TestRunner.dll.mvfrm.rsp
[ 72/581    0s] WriteText Library/Bee/artifacts/WebGL_CodeGen/UnityEngine.TestRunner.rsp
[ 73/581    0s] WriteText Library/Bee/artifacts/2000b0aP.dag/UnityEngine.UI.UnityAdditionalFile.txt
[ 74/581    0s] MovedFromExtractor Library/Bee/artifacts/mvdfrm/UnityEngine.SpriteShapeModule.dll_EDA02EBBC3CEDCF5.mvfrm
[ 75/581    0s] WriteText Library/Bee/artifacts/2000b0aP.dag/UnityEngine.UI.rsp2
[ 76/581    0s] WriteText Library/Bee/artifacts/WebGL_CodeGen/UnityEngine.UI.rsp2
[ 77/581    0s] WriteText Library/Bee/artifacts/WebGL_CodeGen/UnityEngine.UI.UnityAdditionalFile.txt
[ 78/581    0s] MovedFromExtractor Library/Bee/artifacts/mvdfrm/UnityEngine.ProfilerModule.dll_206175B59A506DF4.mvfrm
[ 79/581    0s] MovedFromExtractor Library/Bee/artifacts/mvdfrm/UnityEngine.RuntimeInitializeOnLoadManagerInitializerModule.dll_1D3CFC353009847B.mvfrm
[ 80/581    0s] WriteText Library/Bee/artifacts/WebGL_CodeGen/UnityEditor.TestRunner.rsp2
[ 81/581    0s] WriteText Library/Bee/artifacts/WebGL_CodeGen/UnityEditor.TestRunner.UnityAdditionalFile.txt
[ 82/581    1s] MovedFromExtractor Library/Bee/artifacts/mvdfrm/UnityEngine.SpriteMaskModule.dll_6E68FCBB5FB2213C.mvfrm
[ 83/581    0s] MovedFromExtractor Library/Bee/artifacts/mvdfrm/UnityEngine.Physics2DModule.dll_4550A9823A51AFB2.mvfrm
[ 84/581    0s] MovedFromExtractor Library/Bee/artifacts/mvdfrm/UnityEngine.LocalizationModule.dll_0700A7AB395BEF14.mvfrm
[ 85/581    0s] MovedFromExtractor Library/Bee/artifacts/mvdfrm/UnityEngine.ParticleSystemModule.dll_7CA19357D95247B0.mvfrm
[ 86/581    1s] MovedFromExtractor Library/Bee/artifacts/mvdfrm/UnityEngine.PhysicsModule.dll_EA40A80C1BDFD480.mvfrm
[ 87/581    0s] MovedFromExtractor Library/Bee/artifacts/mvdfrm/UnityEngine.JSONSerializeModule.dll_E38452CBC2745FC1.mvfrm
[ 88/581    0s] MovedFromExtractor Library/Bee/artifacts/mvdfrm/UnityEngine.PerformanceReportingModule.dll_C412220820F6B509.mvfrm
[ 89/581    0s] MovedFromExtractor Library/Bee/artifacts/mvdfrm/Unity.VisualScripting.Antlr3.Runtime.dll_FBC62C826EB2B4B0.mvfrm
[ 90/581    0s] MovedFromExtractor Library/Bee/artifacts/mvdfrm/UnityEngine.InputLegacyModule.dll_65841C7FA61E5ADC.mvfrm
[ 91/581    0s] MovedFromExtractor Library/Bee/artifacts/mvdfrm/UnityEngine.HotReloadModule.dll_79F377977487D39F.mvfrm
[ 92/581    0s] MovedFromExtractor Library/Bee/artifacts/mvdfrm/UnityEngine.InputModule.dll_8DE64A38CEE36E73.mvfrm
[ 93/581    0s] MovedFromExtractor Library/Bee/artifacts/mvdfrm/UnityEngine.IMGUIModule.dll_5FD021EF1EDCDDB0.mvfrm
[ 94/581    0s] MovedFromExtractor Library/Bee/artifacts/mvdfrm/UnityEngine.ImageConversionModule.dll_D483B848CA274B4A.mvfrm
[ 95/581    0s] MovedFromExtractor Library/Bee/artifacts/mvdfrm/Unity.FontABTool.dll_D3745EB4DA4B6B64.mvfrm
[ 96/581    0s] MovedFromExtractor Library/Bee/artifacts/mvdfrm/Unity.Collections.LowLevel.ILSupport.dll_2E40CE80E145E521.mvfrm
[ 97/581    0s] MovedFromExtractor Library/Bee/artifacts/mvdfrm/UnityEngine.ParticleSystemModule.dll_70B5C95A1A2183F4.mvfrm
[ 98/581    0s] MovedFromExtractor Library/Bee/artifacts/mvdfrm/UnityEngine.LocalizationModule.dll_2B30398A43404AD8.mvfrm
[ 99/581    0s] MovedFromExtractor Library/Bee/artifacts/mvdfrm/UnityEngine.JSONSerializeModule.dll_A3FFDCD9ADEC15BD.mvfrm
[100/581    0s] MovedFromExtractor Library/Bee/artifacts/mvdfrm/UnityEngine.ImageConversionModule.dll_5AAE79587E6BD8C6.mvfrm
[101/581    0s] MovedFromExtractor Library/Bee/artifacts/mvdfrm/UnityEngine.IMGUIModule.dll_117C4F47BA1495AC.mvfrm
[102/581    0s] MovedFromExtractor Library/Bee/artifacts/mvdfrm/UnityEngine.HotReloadModule.dll_E47814C33017AA9B.mvfrm
[103/581    0s] MovedFromExtractor Library/Bee/artifacts/mvdfrm/UnityEngine.InputModule.dll_3F9277916A1B266F.mvfrm
[104/581    0s] MovedFromExtractor Library/Bee/artifacts/mvdfrm/UnityEngine.GridModule.dll_1CC0F134144A6605.mvfrm
[105/581    0s] MovedFromExtractor Library/Bee/artifacts/mvdfrm/UnityEngine.DSPGraphModule.dll_F8502BF7042982CC.mvfrm
[106/581    0s] MovedFromExtractor Library/Bee/artifacts/mvdfrm/UnityEngine.InputLegacyModule.dll_0FA4844006392958.mvfrm
[107/581    0s] MovedFromExtractor Library/Bee/artifacts/mvdfrm/UnityEngine.GIModule.dll_F828B653FC26DCF1.mvfrm
[108/581    0s] MovedFromExtractorCombine Library/Bee/artifacts/WebGL_CodeGen/UnityEngine.TestRunner.dll.mvfrm
[109/581    0s] MovedFromExtractor Library/Bee/artifacts/mvdfrm/UnityEngine.dll_49F3B87467E29C27.mvfrm
[110/581    0s] MovedFromExtractor Library/Bee/artifacts/mvdfrm/UnityEngine.DirectorModule.dll_F2FECA8D91C8B1AB.mvfrm
[111/581    1s] MovedFromExtractor Library/Bee/artifacts/mvdfrm/UnityEngine.GameCenterModule.dll_E0F1140AC1931706.mvfrm
[112/581    1s] MovedFromExtractor Library/Bee/artifacts/mvdfrm/UnityEngine.CrashReportingModule.dll_1DA3800DAC0FF866.mvfrm
[113/581    1s] MovedFromExtractor Library/Bee/artifacts/mvdfrm/UnityEngine.CoreModule.dll_3F4FD545FBF5D00E.mvfrm
[114/581    1s] MovedFromExtractor Library/Bee/artifacts/mvdfrm/UnityEngine.ContentLoadModule.dll_1775C2623CCA1B54.mvfrm
[115/581    1s] MovedFromExtractor Library/Bee/artifacts/mvdfrm/UnityEngine.ClothModule.dll_40050CDBCDFFE0AF.mvfrm
[116/581    0s] MovedFromExtractor Library/Bee/artifacts/mvdfrm/UnityEngine.AudioModule.dll_D91CAFE0F3E301CB.mvfrm
[117/581    0s] MovedFromExtractor Library/Bee/artifacts/mvdfrm/UnityEngine.AndroidJNIModule.dll_B6A3C9EFFB522615.mvfrm
[118/581    0s] MovedFromExtractor Library/Bee/artifacts/mvdfrm/UnityEngine.AnimationModule.dll_632F56BD54E48F19.mvfrm
[119/581    0s] MovedFromExtractor Library/Bee/artifacts/mvdfrm/UnityEngine.AccessibilityModule.dll_43E8539DAEB0B533.mvfrm
[120/581    0s] MovedFromExtractor Library/Bee/artifacts/mvdfrm/UnityEngine.AIModule.dll_5FEC6D466077F4D7.mvfrm
[121/581    1s] MovedFromExtractor Library/Bee/artifacts/mvdfrm/UnityEngine.AssetBundleModule.dll_7E5F69216E477367.mvfrm
[122/581    0s] MovedFromExtractor Library/Bee/artifacts/mvdfrm/UnityEngine.UIModule.dll_5B600B73BCBEFA83.mvfrm
[123/581    1s] MovedFromExtractor Library/Bee/artifacts/mvdfrm/UnityEngine.WindModule.dll_B59EB06E8D2C4E77.mvfrm
[124/581    0s] MovedFromExtractor Library/Bee/artifacts/mvdfrm/UnityEngine.VideoModule.dll_FE26344BB6751D70.mvfrm
[125/581    1s] MovedFromExtractor Library/Bee/artifacts/mvdfrm/UnityEngine.XRModule.dll_E0F0F4FDE7B3CD59.mvfrm
[126/581    1s] MovedFromExtractor Library/Bee/artifacts/mvdfrm/UnityEngine.VRModule.dll_AE3231F95E797FFB.mvfrm
[127/581    1s] MovedFromExtractor Library/Bee/artifacts/mvdfrm/UnityEngine.VFXModule.dll_48E6C4BBEF6CFF3D.mvfrm
[128/581    0s] MovedFromExtractor Library/Bee/artifacts/mvdfrm/UnityEngine.UnityWebRequestWWWModule.dll_923C1F68CCEAEF56.mvfrm
[129/581    1s] MovedFromExtractor Library/Bee/artifacts/mvdfrm/UnityEngine.VehiclesModule.dll_6AC1C40D0BF28146.mvfrm
[130/581    1s] MovedFromExtractor Library/Bee/artifacts/mvdfrm/UnityEngine.UnityWebRequestTextureModule.dll_4BAC107076A921DA.mvfrm
[131/581    0s] MovedFromExtractor Library/Bee/artifacts/mvdfrm/UnityEngine.UnityConnectModule.dll_5AA67E30F4C485C4.mvfrm
[132/581    0s] MovedFromExtractor Library/Bee/artifacts/mvdfrm/UnityEngine.UnityTestProtocolModule.dll_405AB1BBB9C71874.mvfrm
[133/581    0s] MovedFromExtractor Library/Bee/artifacts/mvdfrm/UnityEngine.UnityCurlModule.dll_964BF7EEC4F88106.mvfrm
[134/581    0s] MovedFromExtractor Library/Bee/artifacts/mvdfrm/UnityEngine.UnityWebRequestAudioModule.dll_8D26FBD3C14FBD65.mvfrm
[135/581    0s] MovedFromExtractor Library/Bee/artifacts/mvdfrm/UnityEngine.UnityAnalyticsModule.dll_90553A23C648D5F0.mvfrm
[136/581    0s] MovedFromExtractor Library/Bee/artifacts/mvdfrm/UnityEngine.UnityWebRequestAssetBundleModule.dll_C48AD29CB0D9ECC1.mvfrm
[137/581    1s] MovedFromExtractor Library/Bee/artifacts/mvdfrm/UnityEngine.UnityWebRequestModule.dll_6C4D810289607345.mvfrm
[138/581    1s] Csc Library/Bee/artifacts/WebGL_CodeGen/UnityEngine.TestRunner.dll (+2 others)
[139/581    1s] MovedFromExtractor Library/Bee/artifacts/mvdfrm/UnityEngine.UnityAnalyticsCommonModule.dll_B069653954CD912B.mvfrm
[140/581    1s] MovedFromExtractor Library/Bee/artifacts/mvdfrm/UnityEngine.UmbraModule.dll_53F15BF98109AD3E.mvfrm
[141/581    0s] MovedFromExtractor Library/Bee/artifacts/mvdfrm/UnityEngine.TextRenderingModule.dll_E726FC69798FC214.mvfrm
[142/581    0s] MovedFromExtractor Library/Bee/artifacts/mvdfrm/UnityEngine.TextCoreTextEngineModule.dll_C779DA0CDD2B32EA.mvfrm
[143/581    1s] MovedFromExtractor Library/Bee/artifacts/mvdfrm/UnityEngine.TilemapModule.dll_2B94594A5853CDF3.mvfrm
[144/581    0s] MovedFromExtractor Library/Bee/artifacts/mvdfrm/UnityEngine.SubstanceModule.dll_F46F5856EFBF4465.mvfrm
[145/581    1s] MovedFromExtractor Library/Bee/artifacts/mvdfrm/UnityEngine.TLSModule.dll_C8082C4D18FF95D0.mvfrm
[146/581    0s] MovedFromExtractor Library/Bee/artifacts/mvdfrm/UnityEngine.TerrainPhysicsModule.dll_7130722D33647E81.mvfrm
[147/581    0s] MovedFromExtractor Library/Bee/artifacts/mvdfrm/UnityEngine.SubsystemsModule.dll_34CAECFCB14A9493.mvfrm
[148/581    1s] MovedFromExtractor Library/Bee/artifacts/mvdfrm/UnityEngine.TextCoreFontEngineModule.dll_7F91A39B4DA779CC.mvfrm
[149/581    1s] MovedFromExtractor Library/Bee/artifacts/mvdfrm/UnityEngine.TerrainModule.dll_8C97F1C94096ECEA.mvfrm
[150/581    1s] MovedFromExtractor Library/Bee/artifacts/mvdfrm/UnityEngine.UIElementsModule.dll_39094E64B476D08A.mvfrm
[151/581    1s] MovedFromExtractor Library/Bee/artifacts/mvdfrm/UnityEngine.StreamingModule.dll_17C4440DA46C4657.mvfrm
[152/581    1s] MovedFromExtractor Library/Bee/artifacts/mvdfrm/UnityEngine.SpriteShapeModule.dll_97C0967C23E9AB71.mvfrm
[153/581    1s] MovedFromExtractor Library/Bee/artifacts/mvdfrm/UnityEngine.SpriteMaskModule.dll_CA1D869AE302AC80.mvfrm
[154/581    1s] MovedFromExtractor Library/Bee/artifacts/mvdfrm/UnityEngine.ScreenCaptureModule.dll_BDE78A5EC258421F.mvfrm
[155/581    1s] MovedFromExtractor Library/Bee/artifacts/mvdfrm/UnityEngine.SharedInternalsModule.dll_DEBFB82DF599D416.mvfrm
[156/581    1s] MovedFromExtractor Library/Bee/artifacts/mvdfrm/UnityEngine.RuntimeInitializeOnLoadManagerInitializerModule.dll_4628498E19515377.mvfrm
[157/581    0s] MovedFromExtractor Library/Bee/artifacts/mvdfrm/UnityEngine.Physics2DModule.dll_AFD546ADF5E186AE.mvfrm
[158/581    0s] MovedFromExtractor Library/Bee/artifacts/mvdfrm/UnityEngine.PhysicsModule.dll_7251765A6AD8A3FC.mvfrm
[159/581    1s] MovedFromExtractor Library/Bee/artifacts/mvdfrm/UnityEngine.PropertiesModule.dll_0E2C5349347E7B42.mvfrm
[160/581    0s] MovedFromExtractor Library/Bee/artifacts/mvdfrm/UnityEngine.ProfilerModule.dll_254503C42B2238B8.mvfrm
[161/581    0s] WriteText Library/Bee/artifacts/WebGL_CodeGen/UnityEngine.UI.dll.mvfrm.rsp
[162/581    0s] WriteText Library/Bee/artifacts/WebGL_CodeGen/UnityEngine.UI.rsp
[163/581    0s] WriteText Library/Bee/artifacts/WebGL_CodeGen/UnityEditor.TestRunner.dll.mvfrm.rsp
[164/581    0s] WriteText Library/Bee/artifacts/WebGL_CodeGen/UnityEditor.UI.UnityAdditionalFile.txt
[165/581    0s] WriteText Library/Bee/artifacts/WebGL_CodeGen/UnityEditor.UI.rsp2
[166/581    0s] WriteText Library/Bee/artifacts/WebGL_CodeGen/UnityEditor.TestRunner.rsp
[167/581    0s] WriteText Library/Bee/artifacts/2000b0aP.dag/UnityEngine.UI.dll.mvfrm.rsp
[168/581    0s] WriteText Library/Bee/artifacts/WebGL_CodeGen/UnityEditor.UI.rsp
[169/581    0s] WriteText Library/Bee/artifacts/2000b0aP.dag/UnityEngine.UI.rsp
[170/581    0s] WriteText Library/Bee/artifacts/WebGL_CodeGen/Unity.Burst.rsp2
[171/581    0s] WriteText Library/Bee/artifacts/WebGL_CodeGen/UnityEditor.UI.dll.mvfrm.rsp
[172/581    0s] WriteText Library/Bee/artifacts/WebGL_CodeGen/Unity.Burst.UnityAdditionalFile.txt
[173/581    0s] WriteText Library/Bee/artifacts/WebGL_CodeGen/Unity.Burst.dll.mvfrm.rsp
[174/581    0s] WriteText Library/Bee/artifacts/WebGL_CodeGen/Unity.Burst.rsp
[175/581    0s] WriteText Library/Bee/artifacts/WebGL_CodeGen/Unity.Burst.CodeGen.UnityAdditionalFile.txt
[176/581    0s] WriteText Library/Bee/artifacts/WebGL_CodeGen/Unity.Burst.CodeGen.rsp2
[177/581    0s] WriteText Library/Bee/artifacts/2000b0aP.dag/Unity.RenderPipelines.Core.Runtime.UnityAdditionalFile.txt
[178/581    0s] WriteText Library/Bee/artifacts/2000b0aP.dag/Unity.RenderPipelines.Core.Runtime.rsp2
[           1s] Csc Library/Bee/artifacts/WebGL_CodeGen/UnityEngine.TestRunner.dll (+2 others) [CacheWrite 00000000000000000000000000000003]
[179/581    1s] MovedFromExtractor Library/Bee/artifacts/mvdfrm/UnityEngine.PerformanceReportingModule.dll_152AA7F53AE4F2CD.mvfrm
[180/581    1s] MovedFromExtractor Library/Bee/artifacts/mvdfrm/Unity.Plastic.Antlr3.Runtime.dll_E09CC82FEF75E5B7.mvfrm
[181/581    1s] MovedFromExtractor Library/Bee/artifacts/mvdfrm/Unity.Plastic.Newtonsoft.Json.dll_9148C07F9746948E.mvfrm
[182/581    0s] MovedFromExtractor Library/Bee/artifacts/mvdfrm/Unity.VisualScripting.YamlDotNet.dll_4A5905A13DE9A491.mvfrm
[183/581    0s] WriteText Library/Bee/artifacts/WebGL_CodeGen/Unity.Burst.CodeGen.dll.mvfrm.rsp
[184/581    1s] MovedFromExtractor Library/Bee/artifacts/mvdfrm/Unity.VisualScripting.TextureAssets.dll_E1772EF4FEB70289.mvfrm
[185/581    0s] WriteText Library/Bee/artifacts/2000b0aP.dag/Unity.RenderPipelines.Core.Runtime.dll.mvfrm.rsp
[186/581    0s] WriteText Library/Bee/artifacts/WebGL_CodeGen/Unity.Burst.CodeGen.rsp
[187/581    0s] WriteText Library/Bee/artifacts/2000b0aP.dag/Unity.RenderPipelines.Core.Runtime.rsp
[188/581    0s] WriteText Library/Bee/artifacts/2000b0aP.dag/Unity.VisualScripting.Core.UnityAdditionalFile.txt
[189/581    0s] WriteText Library/Bee/artifacts/2000b0aP.dag/Unity.VisualScripting.Core.rsp2
[190/581    0s] WriteText Library/Bee/artifacts/2000b0aP.dag/Unity.Burst.rsp2
[191/581    0s] WriteText Library/Bee/artifacts/2000b0aP.dag/Unity.Burst.UnityAdditionalFile.txt
[192/581    0s] WriteText Library/Bee/artifacts/2000b0aP.dag/Unity.Mathematics.UnityAdditionalFile.txt
[193/581    0s] WriteText Library/Bee/artifacts/2000b0aP.dag/Unity.Mathematics.rsp2
[194/581    0s] WriteText Library/Bee/artifacts/2000b0aP.dag/Unity.VisualScripting.Core.dll.mvfrm.rsp
[195/581    0s] WriteText Library/Bee/artifacts/2000b0aP.dag/Unity.RenderPipelines.Universal.Config.Runtime.rsp2
[196/581    0s] WriteText Library/Bee/artifacts/2000b0aP.dag/Unity.RenderPipeline.Universal.ShaderLibrary.UnityAdditionalFile.txt
[197/581    0s] WriteText Library/Bee/artifacts/2000b0aP.dag/Unity.VisualScripting.Core.rsp
[198/581    0s] WriteText Library/Bee/artifacts/2000b0aP.dag/Unity.RenderPipeline.Universal.ShaderLibrary.rsp2
[199/581    0s] WriteText Library/Bee/artifacts/2000b0aP.dag/Unity.RenderPipelines.Universal.2D.Internal.UnityAdditionalFile.txt
[200/581    0s] WriteText Library/Bee/artifacts/2000b0aP.dag/Unity.RenderPipelines.Universal.2D.Internal.rsp2
[201/581    0s] WriteText Library/Bee/artifacts/2000b0aP.dag/Unity.RenderPipelines.Universal.Config.Runtime.UnityAdditionalFile.txt
[202/581    0s] WriteText Library/Bee/artifacts/2000b0aP.dag/UniTask.rsp2
[203/581    0s] WriteText Library/Bee/artifacts/2000b0aP.dag/UniTask.UnityAdditionalFile.txt
[204/581    0s] WriteText Library/Bee/artifacts/2000b0aP.dag/Unity.Burst.dll.mvfrm.rsp
[205/581    0s] WriteText Library/Bee/artifacts/2000b0aP.dag/Unity.Mathematics.dll.mvfrm.rsp
[206/581    0s] WriteText Library/Bee/artifacts/2000b0aP.dag/Unity.Burst.rsp
[207/581    0s] WriteText Library/Bee/artifacts/2000b0aP.dag/Unity.Mathematics.rsp
[208/581    0s] WriteText Library/Bee/artifacts/2000b0aP.dag/Unity.RenderPipelines.Universal.Config.Runtime.dll.mvfrm.rsp
[209/581    0s] WriteText Library/Bee/artifacts/2000b0aP.dag/Unity.RenderPipeline.Universal.ShaderLibrary.dll.mvfrm.rsp
[210/581    0s] WriteText Library/Bee/artifacts/2000b0aP.dag/Unity.RenderPipelines.Universal.2D.Internal.dll.mvfrm.rsp
[211/581    0s] WriteText Library/Bee/artifacts/2000b0aP.dag/Unity.RenderPipelines.Universal.Config.Runtime.rsp
[212/581    0s] WriteText Library/Bee/artifacts/2000b0aP.dag/Unity.RenderPipeline.Universal.ShaderLibrary.rsp
[213/581    0s] WriteText Library/Bee/artifacts/2000b0aP.dag/Unity.RenderPipelines.Universal.2D.Internal.rsp
[214/581    0s] WriteText Library/Bee/artifacts/2000b0aP.dag/Unity.VisualScripting.Flow.UnityAdditionalFile.txt
[215/581    0s] WriteText Library/Bee/artifacts/2000b0aP.dag/Unity.VisualScripting.Flow.rsp2
[216/581    0s] WriteText Library/Bee/artifacts/2000b0aP.dag/UniTask.dll.mvfrm.rsp
[217/581    0s] WriteText Library/Bee/artifacts/2000b0aP.dag/UniTask.rsp
[218/581    0s] WriteText Library/Bee/artifacts/2000b0aP.dag/Unity.VisualScripting.Flow.dll.mvfrm.rsp
[219/581    0s] WriteText Library/Bee/artifacts/2000b0aP.dag/Unity.Timeline.rsp2
[220/581    0s] WriteText Library/Bee/artifacts/2000b0aP.dag/Unity.Timeline.UnityAdditionalFile.txt
[221/581    0s] WriteText Library/Bee/artifacts/2000b0aP.dag/Unity.RenderPipelines.Universal.Runtime.rsp2
[222/581    0s] WriteText Library/Bee/artifacts/2000b0aP.dag/Unity.TextMeshPro.UnityAdditionalFile.txt
[223/581    0s] WriteText Library/Bee/artifacts/2000b0aP.dag/Unity.TextMeshPro.rsp2
[224/581    0s] WriteText Library/Bee/artifacts/2000b0aP.dag/Unity.RenderPipelines.Universal.Runtime.UnityAdditionalFile.txt
[225/581    0s] WriteText Library/Bee/artifacts/2000b0aP.dag/Unity.VisualScripting.Flow.rsp
[226/581    0s] WriteResponseFile Library/Bee/artifacts/rsp/4747638433968585886.rsp
[227/581    0s] WriteText Library/Bee/artifacts/2000b0aP.dag/YooAsset.UnityAdditionalFile.txt
[228/581    0s] WriteText Library/Bee/artifacts/2000b0aP.dag/YooAsset.rsp2
[229/581    0s] WriteText Library/Bee/artifacts/2000b0aP.dag/Unity.Timeline.dll.mvfrm.rsp
[230/581    0s] WriteText Library/Bee/artifacts/2000b0aP.dag/Unity.RenderPipelines.Universal.Runtime.dll.mvfrm.rsp
[231/581    0s] WriteText Library/Bee/artifacts/2000b0aP.dag/Unity.Timeline.rsp
[232/581    0s] WriteText Library/Bee/artifacts/2000b0aP.dag/Unity.TextMeshPro.dll.mvfrm.rsp
[233/581    0s] WriteText Library/Bee/artifacts/2000b0aP.dag/Unity.TextMeshPro.rsp
[234/581    0s] WriteText Library/Bee/artifacts/2000b0aP.dag/Unity.RenderPipelines.Universal.Runtime.rsp
[235/581    0s] WriteText Library/Bee/artifacts/2000b0aP.dag/Wx.rsp2
[236/581    0s] WriteText Library/Bee/artifacts/2000b0aP.dag/Wx.UnityAdditionalFile.txt
[237/581    1s] MovedFromExtractor Library/Bee/artifacts/mvdfrm/UnityEngine.NVIDIAModule.dll_E6F345CFBD9D97F6.mvfrm
[238/581    0s] WriteText Library/Bee/artifacts/2000b0aP.dag/UnityWebSocket.Runtime.rsp2
[239/581    0s] WriteText Library/Bee/artifacts/2000b0aP.dag/Unity.RenderPipelines.Universal.Shaders.rsp2
[240/581    0s] WriteText Library/Bee/artifacts/2000b0aP.dag/Unity.VisualScripting.State.UnityAdditionalFile.txt
[241/581    0s] WriteText Library/Bee/artifacts/2000b0aP.dag/Unity.MemoryProfiler.UnityAdditionalFile.txt
[242/581    0s] WriteText Library/Bee/artifacts/2000b0aP.dag/Unity.VisualScripting.State.rsp2
[243/581    0s] WriteText Library/Bee/artifacts/2000b0aP.dag/Unity.Collections.UnityAdditionalFile.txt
[244/581    0s] WriteText Library/Bee/artifacts/2000b0aP.dag/Unity.Collections.rsp2
[245/581    0s] WriteText Library/Bee/artifacts/2000b0aP.dag/UnityWebSocket.Runtime.UnityAdditionalFile.txt
[246/581    0s] WriteText Library/Bee/artifacts/2000b0aP.dag/Unity.RenderPipelines.Universal.Shaders.UnityAdditionalFile.txt
[247/581    0s] WriteText Library/Bee/artifacts/2000b0aP.dag/Unity.ScriptableBuildPipeline.UnityAdditionalFile.txt
[248/581    0s] WriteText Library/Bee/artifacts/2000b0aP.dag/Unity.ScriptableBuildPipeline.rsp2
[249/581    0s] WriteText Library/Bee/artifacts/2000b0aP.dag/Unity.RenderPipelines.ShaderGraph.ShaderGraphLibrary.UnityAdditionalFile.txt
[250/581    0s] WriteText Library/Bee/artifacts/2000b0aP.dag/Unity.RenderPipelines.ShaderGraph.ShaderGraphLibrary.rsp2
[251/581    0s] WriteText Library/Bee/artifacts/2000b0aP.dag/Unity.RenderPipelines.Core.ShaderLibrary.rsp2
[252/581    0s] WriteText Library/Bee/artifacts/2000b0aP.dag/Unity.RenderPipelines.Core.ShaderLibrary.UnityAdditionalFile.txt
[253/581    0s] WriteText Library/Bee/artifacts/2000b0aP.dag/Unity.Profiling.Core.rsp2
[254/581    0s] WriteText Library/Bee/artifacts/2000b0aP.dag/Unity.Profiling.Core.UnityAdditionalFile.txt
[255/581    1s] MovedFromExtractor Library/Bee/artifacts/mvdfrm/UnityEngine.VirtualTexturingModule.dll_F71DC7999823C868.mvfrm
[256/581    0s] WriteText Library/Bee/artifacts/2000b0aP.dag/Unity.MemoryProfiler.rsp2
[257/581    0s] WriteText Library/Bee/artifacts/2000b0aP.dag/YooAsset.dll.mvfrm.rsp
[258/581    0s] WriteText Library/Bee/artifacts/2000b0aP.dag/YooAsset.rsp
[259/581    0s] WriteText Library/Bee/artifacts/2000b0aP.dag/Wx.dll.mvfrm.rsp
[260/581    0s] WriteText Library/Bee/artifacts/2000b0aP.dag/Unity.ScriptableBuildPipeline.dll.mvfrm.rsp
[261/581    0s] WriteText Library/Bee/artifacts/2000b0aP.dag/UnityWebSocket.Runtime.dll.mvfrm.rsp
[262/581    0s] WriteText Library/Bee/artifacts/2000b0aP.dag/Unity.RenderPipelines.Universal.Shaders.dll.mvfrm.rsp
[263/581    0s] WriteText Library/Bee/artifacts/2000b0aP.dag/Unity.RenderPipelines.ShaderGraph.ShaderGraphLibrary.dll.mvfrm.rsp
[264/581    0s] WriteText Library/Bee/artifacts/2000b0aP.dag/Unity.VisualScripting.State.dll.mvfrm.rsp
[265/581    0s] WriteText Library/Bee/artifacts/2000b0aP.dag/Unity.Collections.dll.mvfrm.rsp
[266/581    0s] WriteText Library/Bee/artifacts/2000b0aP.dag/Unity.Profiling.Core.dll.mvfrm.rsp
[267/581    0s] WriteText Library/Bee/artifacts/2000b0aP.dag/Unity.RenderPipelines.Core.ShaderLibrary.dll.mvfrm.rsp
[268/581    0s] WriteText Library/Bee/artifacts/2000b0aP.dag/Unity.MemoryProfiler.dll.mvfrm.rsp
[269/581    0s] WriteText Library/Bee/artifacts/2000b0aP.dag/Wx.rsp
[270/581    0s] WriteText Library/Bee/artifacts/2000b0aP.dag/Unity.ScriptableBuildPipeline.rsp
[271/581    0s] WriteText Library/Bee/artifacts/2000b0aP.dag/Unity.RenderPipelines.Universal.Shaders.rsp
[272/581    0s] WriteText Library/Bee/artifacts/2000b0aP.dag/UnityWebSocket.Runtime.rsp
[273/581    0s] WriteText Library/Bee/artifacts/2000b0aP.dag/Unity.RenderPipelines.ShaderGraph.ShaderGraphLibrary.rsp
[274/581    0s] WriteText Library/Bee/artifacts/2000b0aP.dag/Unity.Collections.rsp
[275/581    0s] WriteText Library/Bee/artifacts/2000b0aP.dag/Unity.Profiling.Core.rsp
[276/581    0s] WriteText Library/Bee/artifacts/2000b0aP.dag/Unity.MemoryProfiler.rsp
[277/581    0s] WriteText Library/Bee/artifacts/2000b0aP.dag/Unity.VisualScripting.State.rsp
[278/581    0s] WriteText Library/Bee/artifacts/2000b0aP.dag/Unity.RenderPipelines.Core.ShaderLibrary.rsp
[279/581    0s] WriteText Library/Bee/artifacts/2000b0aP.dag/UniTask.DOTween.rsp2
[280/581    0s] WriteText Library/Bee/artifacts/2000b0aP.dag/UniTask.Linq.rsp2
[281/581    0s] WriteText Library/Bee/artifacts/2000b0aP.dag/UniTask.Linq.UnityAdditionalFile.txt
[282/581    0s] WriteText Library/Bee/artifacts/2000b0aP.dag/YooAsset.RuntimeExtension.rsp2
[283/581    0s] WriteText Library/Bee/artifacts/2000b0aP.dag/UniTask.DOTween.UnityAdditionalFile.txt
[284/581    0s] WriteText Library/Bee/artifacts/2000b0aP.dag/UniTask.Addressables.UnityAdditionalFile.txt
[285/581    0s] WriteText Library/Bee/artifacts/2000b0aP.dag/YooAsset.MiniGame.UnityAdditionalFile.txt
[286/581    0s] WriteText Library/Bee/artifacts/2000b0aP.dag/Cinemachine.UnityAdditionalFile.txt
[287/581    0s] WriteText Library/Bee/artifacts/2000b0aP.dag/YooAsset.RuntimeExtension.UnityAdditionalFile.txt
[288/581    0s] WriteText Library/Bee/artifacts/2000b0aP.dag/YooAsset.MiniGame.rsp2
[289/581    0s] WriteText Library/Bee/artifacts/2000b0aP.dag/Cinemachine.rsp2
[290/581    0s] WriteText Library/Bee/artifacts/2000b0aP.dag/AllIn1SpriteShaderAssembly.rsp2
[291/581    0s] WriteText Library/Bee/artifacts/2000b0aP.dag/AllIn1SpriteShaderAssembly.UnityAdditionalFile.txt
[292/581    0s] WriteText Library/Bee/artifacts/2000b0aP.dag/UniTask.TextMeshPro.rsp2
[293/581    0s] WriteText Library/Bee/artifacts/2000b0aP.dag/UniTask.TextMeshPro.UnityAdditionalFile.txt
[294/581    0s] WriteText Library/Bee/artifacts/2000b0aP.dag/UniTask.Addressables.rsp2
[295/581    0s] WriteText Library/Bee/artifacts/2000b0aP.dag/UniTask.Linq.dll.mvfrm.rsp
[296/581    0s] WriteText Library/Bee/artifacts/2000b0aP.dag/YooAsset.RuntimeExtension.dll.mvfrm.rsp
[297/581    0s] WriteText Library/Bee/artifacts/2000b0aP.dag/AllIn1SpriteShaderAssembly.dll.mvfrm.rsp
[298/581    0s] WriteText Library/Bee/artifacts/2000b0aP.dag/UniTask.TextMeshPro.dll.mvfrm.rsp
[299/581    0s] WriteText Library/Bee/artifacts/2000b0aP.dag/YooAsset.MiniGame.dll.mvfrm.rsp
[300/581    0s] WriteText Library/Bee/artifacts/2000b0aP.dag/Cinemachine.dll.mvfrm.rsp
[301/581    0s] WriteText Library/Bee/artifacts/2000b0aP.dag/UniTask.Addressables.dll.mvfrm.rsp
[302/581    0s] WriteText Library/Bee/artifacts/2000b0aP.dag/UniTask.DOTween.dll.mvfrm.rsp
[303/581    0s] WriteText Library/Bee/artifacts/2000b0aP.dag/YooAsset.RuntimeExtension.rsp
[304/581    0s] WriteText Library/Bee/artifacts/2000b0aP.dag/UniTask.DOTween.rsp
[305/581    0s] WriteText Library/Bee/artifacts/2000b0aP.dag/UniTask.Linq.rsp
[306/581    0s] WriteText Library/Bee/artifacts/2000b0aP.dag/AllIn1SpriteShaderAssembly.rsp
[307/581    0s] WriteText Library/Bee/artifacts/2000b0aP.dag/UniTask.TextMeshPro.rsp
[308/581    0s] WriteText Library/Bee/artifacts/2000b0aP.dag/UniTask.Addressables.rsp
[309/581    0s] WriteText Library/Bee/artifacts/2000b0aP.dag/Cinemachine.rsp
[310/581    0s] WriteText Library/Bee/artifacts/2000b0aP.dag/YooAsset.MiniGame.rsp
[311/581    0s] WriteText Library/Bee/artifacts/2000b0aP.dag/Assembly-CSharp-firstpass.UnityAdditionalFile.txt
[312/581    1s] MovedFromExtractor Library/Bee/artifacts/mvdfrm/Unity.VisualScripting.IonicZip.dll_840FAE5C8A141D5B.mvfrm
[313/581    0s] WriteText Library/Bee/artifacts/2000b0aP.dag/Assembly-CSharp-firstpass.rsp2
[314/581    0s] WriteText Library/Bee/artifacts/2000b0aP.dag/Assembly-CSharp-firstpass.dll.mvfrm.rsp
[315/581    0s] WriteText Library/Bee/artifacts/2000b0aP.dag/Assembly-CSharp.dll.mvfrm.rsp
[316/581    0s] WriteText Library/Bee/artifacts/2000b0aP.dag/Assembly-CSharp-firstpass.rsp
[317/581    0s] WriteText Library/Bee/artifacts/2000b0aP.dag/Assembly-CSharp.rsp2
[318/581    0s] WriteText Library/Bee/artifacts/2000b0aP.dag/Assembly-CSharp.UnityAdditionalFile.txt
[319/581    0s] WriteText Library/Bee/artifacts/2000b0aP.dag/UnityEngine.TestRunner.UnityAdditionalFile.txt
[320/581    0s] WriteText Library/Bee/artifacts/2000b0aP.dag/UnityEngine.TestRunner.rsp2
[321/581    0s] WriteText Library/Bee/artifacts/2000b0aP.dag/UnityEngine.TestRunner.dll.mvfrm.rsp
[322/581    0s] WriteText Library/Bee/artifacts/2000b0aP.dag/Assembly-CSharp.rsp
[323/581    0s] WriteResponseFile Library/Bee/artifacts/rsp/6523281821513643048.rsp
[324/581    0s] WriteResponseFile Library/Bee/artifacts/rsp/7966604518754443062.rsp
[325/581    0s] WriteResponseFile Library/Bee/artifacts/rsp/17557911889583058977.rsp
[326/581    0s] WriteResponseFile Library/Bee/artifacts/rsp/10418313210502436336.rsp
[327/581    0s] WriteResponseFile Library/Bee/artifacts/rsp/389538948102208595.rsp
[328/581    0s] WriteResponseFile Library/Bee/artifacts/rsp/10507677030994084199.rsp
[329/581    0s] WriteResponseFile Library/Bee/artifacts/rsp/14206929645351975393.rsp
[330/581    0s] WriteResponseFile Library/Bee/artifacts/rsp/4938292039107531071.rsp
[331/581    0s] WriteText Library/Bee/artifacts/2000b0aP.dag/UnityEngine.TestRunner.rsp
[332/581    0s] WriteResponseFile Library/Bee/artifacts/rsp/13660495368273781783.rsp
[333/581    0s] WriteResponseFile Library/Bee/artifacts/rsp/17607099336688819861.rsp
[334/581    0s] WriteResponseFile Library/Bee/artifacts/rsp/9098309449903072650.rsp
[335/581    0s] WriteResponseFile Library/Bee/artifacts/rsp/14346281287393642328.rsp
[336/581    0s] WriteResponseFile Library/Bee/artifacts/rsp/17860015010817844233.rsp
[337/581    0s] WriteResponseFile Library/Bee/artifacts/rsp/9300265791526037252.rsp
[338/581    0s] WriteResponseFile Library/Bee/artifacts/rsp/2469173223754590692.rsp
[339/581    0s] WriteResponseFile Library/Bee/artifacts/rsp/14291002564756485268.rsp
[340/581    0s] WriteResponseFile Library/Bee/artifacts/rsp/14000574944415178833.rsp
[341/581    0s] WriteResponseFile Library/Bee/artifacts/rsp/13427243740027153772.rsp
[342/581    0s] WriteResponseFile Library/Bee/artifacts/rsp/16759020823111900190.rsp
[343/581    0s] WriteResponseFile Library/Bee/artifacts/rsp/16165834745271405603.rsp
[344/581    0s] WriteResponseFile Library/Bee/artifacts/rsp/3271452858328866250.rsp
[345/581    0s] WriteResponseFile Library/Bee/artifacts/rsp/3525753801334133068.rsp
[346/581    0s] WriteResponseFile Library/Bee/artifacts/rsp/9251471307313454047.rsp
[347/581    0s] WriteResponseFile Library/Bee/artifacts/rsp/2918927249304849764.rsp
[348/581    0s] WriteResponseFile Library/Bee/artifacts/rsp/13376468468605335706.rsp
[349/581    0s] WriteResponseFile Library/Bee/artifacts/rsp/10750065314021974860.rsp
[350/581    0s] WriteResponseFile Library/Bee/artifacts/rsp/6793693901135823372.rsp
[351/581    0s] WriteResponseFile Library/Bee/artifacts/rsp/13030008326788126071.rsp
[352/581    0s] WriteResponseFile Library/Bee/artifacts/rsp/2315929835890287570.rsp
[353/581    0s] WriteResponseFile Library/Bee/artifacts/rsp/5536806956087129967.rsp
[354/581    0s] WriteResponseFile Library/Bee/artifacts/rsp/2549252784825872615.rsp
[355/581    0s] WriteResponseFile Library/Bee/artifacts/rsp/16128341334150940517.rsp
[356/581    0s] WriteResponseFile Library/Bee/artifacts/rsp/876503123624824144.rsp
[357/581    0s] WriteResponseFile Library/Bee/artifacts/rsp/1794804360637394099.rsp
[358/581    0s] WriteResponseFile Library/Bee/artifacts/rsp/4785370087603955865.rsp
[359/581    0s] MovedFromExtractor Library/Bee/artifacts/mvdfrm/Unity.Burst.Cecil.dll_42E116EB0234A8D8.mvfrm
[360/581    0s] MovedFromExtractor Library/Bee/artifacts/mvdfrm/Unity.CompilationPipeline.Common.dll_5D4CF042F7BFF9ED.mvfrm
[361/581    0s] MovedFromExtractor Library/Bee/artifacts/mvdfrm/Unity.Burst.Cecil.Mdb.dll_A9FCAC3B680B6215.mvfrm
[362/581    0s] MovedFromExtractor Library/Bee/artifacts/mvdfrm/UnityEngine.ARModule.dll_719E749986956A5C.mvfrm
[363/581    0s] MovedFromExtractor Library/Bee/artifacts/mvdfrm/UnityEngine.ClusterInputModule.dll_C8B3DD58A1DFFC1B.mvfrm
[364/581    0s] MovedFromExtractor Library/Bee/artifacts/mvdfrm/Unity.Burst.Unsafe.dll_9114B60CAAEDAE3B.mvfrm
[365/581    0s] MovedFromExtractor Library/Bee/artifacts/mvdfrm/UnityEngine.ClusterRendererModule.dll_6891BA9848029356.mvfrm
[366/581    0s] MovedFromExtractor Library/Bee/artifacts/mvdfrm/UnityEngine.TestRunner.ref.dll_02915EF73A76CDE5.mvfrm
[367/581    0s] MovedFromExtractorCombine Library/Bee/artifacts/2000b0aP.dag/UnityEngine.UI.dll.mvfrm
[368/581    0s] MovedFromExtractor Library/Bee/artifacts/mvdfrm/Unity.Burst.Cecil.Rocks.dll_757AC0409981C6B8.mvfrm
[369/581    0s] MovedFromExtractorCombine Library/Bee/artifacts/WebGL_CodeGen/UnityEngine.UI.dll.mvfrm
[370/581    0s] MovedFromExtractor Library/Bee/artifacts/mvdfrm/Unity.Burst.Cecil.Pdb.dll_C14F24AAE6C06398.mvfrm
[371/581    0s] MovedFromExtractorCombine Library/Bee/artifacts/2000b0aP.dag/UnityEngine.TestRunner.dll.mvfrm
[372/581    0s] MovedFromExtractorCombine Library/Bee/artifacts/WebGL_CodeGen/UnityEditor.TestRunner.dll.mvfrm
[373/581    0s] Csc Library/Bee/artifacts/2000b0aP.dag/UnityEngine.UI.dll (+2 others)
[374/581    0s] Csc Library/Bee/artifacts/2000b0aP.dag/UnityEngine.TestRunner.dll (+2 others)
[375/581    1s] Csc Library/Bee/artifacts/WebGL_CodeGen/UnityEngine.UI.dll (+2 others)
[376/581    0s] Csc Library/Bee/artifacts/WebGL_CodeGen/UnityEditor.TestRunner.dll (+2 others)
[           0s] Csc Library/Bee/artifacts/WebGL_CodeGen/UnityEngine.UI.dll (+2 others) [CacheWrite 00000000000000000000000000000003]
[           0s] Csc Library/Bee/artifacts/2000b0aP.dag/UnityEngine.TestRunner.dll (+2 others) [CacheWrite 00000000000000000000000000000003]
[377/581    0s] CopyFiles Library/Bee/PlayerScriptAssemblies/UnityEngine.TestRunner.dll
[378/581    0s] CopyFiles Library/Bee/PlayerScriptAssemblies/UnityEngine.TestRunner.pdb
[           1s] Csc Library/Bee/artifacts/2000b0aP.dag/UnityEngine.UI.dll (+2 others) [CacheWrite 00000000000000000000000000000003]
[           0s] Csc Library/Bee/artifacts/WebGL_CodeGen/UnityEditor.TestRunner.dll (+2 others) [CacheWrite 00000000000000000000000000000003]
[379/581    0s] MovedFromExtractor Library/Bee/artifacts/mvdfrm/UnityEngine.UI.ref.dll_6C1073D56147DE5F.mvfrm
[380/581    0s] MovedFromExtractor Library/Bee/artifacts/mvdfrm/UnityEngine.UI.ref.dll_24ED6633257E4A27.mvfrm
[381/581    0s] MovedFromExtractor Library/Bee/artifacts/mvdfrm/UnityEditor.TestRunner.ref.dll_367314490EB36FFA.mvfrm
[382/581    0s] MovedFromExtractorCombine Library/Bee/artifacts/2000b0aP.dag/UniTask.dll.mvfrm
[383/581    0s] MovedFromExtractorCombine Library/Bee/artifacts/2000b0aP.dag/UnityWebSocket.Runtime.dll.mvfrm
[384/581    0s] MovedFromExtractorCombine Library/Bee/artifacts/2000b0aP.dag/Unity.ScriptableBuildPipeline.dll.mvfrm
[385/581    0s] MovedFromExtractorCombine Library/Bee/artifacts/2000b0aP.dag/Unity.Timeline.dll.mvfrm
[386/581    0s] MovedFromExtractorCombine Library/Bee/artifacts/2000b0aP.dag/YooAsset.dll.mvfrm
[387/581    0s] MovedFromExtractorCombine Library/Bee/artifacts/2000b0aP.dag/Unity.MemoryProfiler.dll.mvfrm
[388/581    0s] MovedFromExtractorCombine Library/Bee/artifacts/2000b0aP.dag/Unity.TextMeshPro.dll.mvfrm
[389/581    1s] MovedFromExtractorCombine Library/Bee/artifacts/2000b0aP.dag/Unity.Profiling.Core.dll.mvfrm
[390/581    1s] MovedFromExtractorCombine Library/Bee/artifacts/2000b0aP.dag/Unity.Burst.dll.mvfrm
[391/581    1s] MovedFromExtractorCombine Library/Bee/artifacts/2000b0aP.dag/Wx.dll.mvfrm
[392/581    1s] MovedFromExtractorCombine Library/Bee/artifacts/2000b0aP.dag/Unity.Mathematics.dll.mvfrm
[393/581    1s] MovedFromExtractorCombine Library/Bee/artifacts/2000b0aP.dag/Unity.RenderPipelines.ShaderGraph.ShaderGraphLibrary.dll.mvfrm
[394/581    1s] MovedFromExtractorCombine Library/Bee/artifacts/2000b0aP.dag/Unity.RenderPipelines.Core.Runtime.dll.mvfrm
[395/581    1s] MovedFromExtractorCombine Library/Bee/artifacts/2000b0aP.dag/Unity.VisualScripting.Core.dll.mvfrm
[396/581    1s] MovedFromExtractorCombine Library/Bee/artifacts/2000b0aP.dag/Unity.RenderPipelines.Universal.2D.Internal.dll.mvfrm
[397/581    0s] MovedFromExtractorCombine Library/Bee/artifacts/WebGL_CodeGen/UnityEditor.UI.dll.mvfrm
[398/581    0s] MovedFromExtractorCombine Library/Bee/artifacts/2000b0aP.dag/Unity.RenderPipelines.Universal.Shaders.dll.mvfrm
[399/581    0s] MovedFromExtractorCombine Library/Bee/artifacts/2000b0aP.dag/Unity.RenderPipelines.Core.ShaderLibrary.dll.mvfrm
[400/581    1s] Csc Library/Bee/artifacts/2000b0aP.dag/Unity.MemoryProfiler.dll (+2 others)
[401/581    1s] Csc Library/Bee/artifacts/2000b0aP.dag/YooAsset.dll (+2 others)
Assets\YooAsset\Runtime\FileSystem\BundleResult\VirtualBundleResult\Operation\VirtualBundleLoadSceneOperation.cs(20,24): warning CS0414: The field 'VirtualBundleLoadSceneOperation._steps' is assigned but its value is never used

Assets\YooAsset\Runtime\FileSystem\BundleResult\VirtualBundleResult\Operation\VirtualBundleLoadAssetOperation.cs(17,24): warning CS0414: The field 'VirtualBundleLoadAssetOperation._steps' is assigned but its value is never used

Assets\YooAsset\Runtime\FileSystem\BundleResult\VirtualBundleResult\Operation\VirtualBundleLoadAllAssetsOperation.cs(18,24): warning CS0414: The field 'VirtualBundleLoadAllAssetsOperation._steps' is assigned but its value is never used

Assets\YooAsset\Runtime\FileSystem\BundleResult\VirtualBundleResult\Operation\VirtualBundleLoadSubAssetsOperation.cs(18,24): warning CS0414: The field 'VirtualBundleLoadSubAssetsOperation._steps' is assigned but its value is never used
[402/581    1s] Csc Library/Bee/artifacts/2000b0aP.dag/Unity.Profiling.Core.dll (+2 others)
[403/581    2s] Csc Library/Bee/artifacts/2000b0aP.dag/Unity.Timeline.dll (+2 others)
[           1s] Csc Library/Bee/artifacts/2000b0aP.dag/Unity.MemoryProfiler.dll (+2 others) [CacheWrite 00000000000000000000000000000003]
[404/581    2s] Csc Library/Bee/artifacts/2000b0aP.dag/Unity.ScriptableBuildPipeline.dll (+2 others)
[405/581    3s] Csc Library/Bee/artifacts/2000b0aP.dag/UniTask.dll (+2 others)
[406/581    2s] Csc Library/Bee/artifacts/2000b0aP.dag/Unity.RenderPipelines.ShaderGraph.ShaderGraphLibrary.dll (+2 others)
[407/581    2s] Csc Library/Bee/artifacts/2000b0aP.dag/Unity.RenderPipelines.Universal.Shaders.dll (+2 others)
[408/581    3s] Csc Library/Bee/artifacts/2000b0aP.dag/Unity.Burst.dll (+2 others)
[409/581    3s] Csc Library/Bee/artifacts/WebGL_CodeGen/UnityEditor.UI.dll (+2 others)
[410/581    3s] Csc Library/Bee/artifacts/2000b0aP.dag/Unity.TextMeshPro.dll (+2 others)
[411/581    3s] Csc Library/Bee/artifacts/2000b0aP.dag/Unity.RenderPipelines.Core.ShaderLibrary.dll (+2 others)
[412/581    3s] Csc Library/Bee/artifacts/2000b0aP.dag/Unity.RenderPipelines.Universal.2D.Internal.dll (+2 others)
[413/581    2s] Csc Library/Bee/artifacts/2000b0aP.dag/UnityWebSocket.Runtime.dll (+2 others)
[414/581    3s] Csc Library/Bee/artifacts/2000b0aP.dag/Unity.RenderPipelines.Core.Runtime.dll (+2 others)
[           1s] Csc Library/Bee/artifacts/2000b0aP.dag/Unity.Profiling.Core.dll (+2 others) [CacheWrite 00000000000000000000000000000003]
[415/581    1s] MovedFromExtractorCombine Library/Bee/artifacts/2000b0aP.dag/AllIn1SpriteShaderAssembly.dll.mvfrm
[416/581    3s] Csc Library/Bee/artifacts/2000b0aP.dag/Unity.VisualScripting.Core.dll (+2 others)
[417/581    1s] Csc Library/Bee/artifacts/2000b0aP.dag/Wx.dll (+2 others)
[418/581    1s] MovedFromExtractorCombine Library/Bee/artifacts/2000b0aP.dag/UniTask.Addressables.dll.mvfrm
[           1s] Csc Library/Bee/artifacts/2000b0aP.dag/Unity.RenderPipelines.Universal.Shaders.dll (+2 others) [CacheWrite 00000000000000000000000000000003]
[419/581    1s] MovedFromExtractorCombine Library/Bee/artifacts/2000b0aP.dag/YooAsset.RuntimeExtension.dll.mvfrm
[420/581    0s] MovedFromExtractorCombine Library/Bee/artifacts/2000b0aP.dag/YooAsset.MiniGame.dll.mvfrm
[           1s] Csc Library/Bee/artifacts/2000b0aP.dag/Unity.RenderPipelines.Core.ShaderLibrary.dll (+2 others) [CacheWrite 00000000000000000000000000000003]
[           1s] Csc Library/Bee/artifacts/2000b0aP.dag/Unity.RenderPipelines.ShaderGraph.ShaderGraphLibrary.dll (+2 others) [CacheWrite 00000000000000000000000000000003]
[           2s] Csc Library/Bee/artifacts/2000b0aP.dag/Unity.ScriptableBuildPipeline.dll (+2 others) [CacheWrite 00000000000000000000000000000003]
[           1s] Csc Library/Bee/artifacts/2000b0aP.dag/Unity.Burst.dll (+2 others) [CacheWrite 00000000000000000000000000000003]
[           2s] Csc Library/Bee/artifacts/2000b0aP.dag/Unity.Timeline.dll (+2 others) [CacheWrite 00000000000000000000000000000003]
[           1s] Csc Library/Bee/artifacts/WebGL_CodeGen/UnityEditor.UI.dll (+2 others) [CacheWrite 00000000000000000000000000000003]
[           1s] Csc Library/Bee/artifacts/2000b0aP.dag/Unity.RenderPipelines.Universal.2D.Internal.dll (+2 others) [CacheWrite 00000000000000000000000000000003]
[           1s] Csc Library/Bee/artifacts/2000b0aP.dag/Unity.RenderPipelines.Core.Runtime.dll (+2 others) [CacheWrite 00000000000000000000000000000003]
[421/581    0s] MovedFromExtractorCombine Library/Bee/artifacts/2000b0aP.dag/UniTask.DOTween.dll.mvfrm
[           1s] Csc Library/Bee/artifacts/2000b0aP.dag/Unity.TextMeshPro.dll (+2 others) [CacheWrite 00000000000000000000000000000003]
[422/581    0s] MovedFromExtractorCombine Library/Bee/artifacts/2000b0aP.dag/UniTask.Linq.dll.mvfrm
[423/581    5s] Csc Library/Bee/artifacts/2000b0aP.dag/Unity.Mathematics.dll (+2 others)
Failure while invoking caching client: Csc Library/Bee/artifacts/2000b0aP.dag/Unity.VisualScripting.Core.dll (+2 others)
move_path failed: No error



[           1s] Csc Library/Bee/artifacts/2000b0aP.dag/Unity.VisualScripting.Core.dll (+2 others) [CacheWrite 00000000000000000000000000000003]
[424/581    0s] MovedFromExtractor Library/Bee/artifacts/mvdfrm/Unity.RenderPipelines.Universal.Shaders.ref.dll_CDADC81D5BCC0431.mvfrm
[425/581    0s] MovedFromExtractor Library/Bee/artifacts/mvdfrm/UnityEditor.UI.ref.dll_68878FD81F5C21BC.mvfrm
[426/581    0s] Csc Library/Bee/artifacts/2000b0aP.dag/YooAsset.RuntimeExtension.dll (+2 others)
[427/581    0s] MovedFromExtractor Library/Bee/artifacts/mvdfrm/Unity.RenderPipelines.Core.ShaderLibrary.ref.dll_EB297EF8BD816A77.mvfrm
[428/581    0s] MovedFromExtractor Library/Bee/artifacts/mvdfrm/Unity.ScriptableBuildPipeline.ref.dll_417E37648EC84D84.mvfrm
[429/581    0s] MovedFromExtractor Library/Bee/artifacts/mvdfrm/Unity.Burst.ref.dll_96C9F3316A8E30B9.mvfrm
[430/581    0s] MovedFromExtractor Library/Bee/artifacts/mvdfrm/Unity.RenderPipelines.ShaderGraph.ShaderGraphLibrary.ref.dll_9C0D228E2ACB43B7.mvfrm
[431/581    1s] Csc Library/Bee/artifacts/2000b0aP.dag/YooAsset.MiniGame.dll (+2 others)
[432/581    0s] MovedFromExtractor Library/Bee/artifacts/mvdfrm/Unity.RenderPipelines.Universal.2D.Internal.ref.dll_F7B45C649B218AFC.mvfrm
[433/581    1s] MovedFromExtractor Library/Bee/artifacts/mvdfrm/Unity.Timeline.ref.dll_C52EA77D1C2DC08E.mvfrm
[434/581    1s] MovedFromExtractor Library/Bee/artifacts/mvdfrm/Unity.RenderPipelines.Core.Runtime.ref.dll_CB60CAC357F512C9.mvfrm
[435/581    1s] Csc Library/Bee/artifacts/2000b0aP.dag/UniTask.DOTween.dll (+2 others)
[436/581    0s] MovedFromExtractor Library/Bee/artifacts/mvdfrm/Unity.TextMeshPro.ref.dll_62E30C949C33F28C.mvfrm
[437/581    0s] MovedFromExtractor Library/Bee/artifacts/mvdfrm/Unity.VisualScripting.Core.ref.dll_3AC08951D7FF5D33.mvfrm
[438/581    0s] MovedFromExtractor Library/Bee/artifacts/mvdfrm/Unity.Profiling.Core.ref.dll_5E335929A0AE1FF4.mvfrm
[439/581    0s] Csc Library/Bee/artifacts/2000b0aP.dag/UniTask.Addressables.dll (+2 others)
[440/581    0s] MovedFromExtractor Library/Bee/artifacts/mvdfrm/Unity.MemoryProfiler.ref.dll_3208EE8FD374D077.mvfrm
[441/581    0s] MovedFromExtractorCombine Library/Bee/artifacts/WebGL_CodeGen/Unity.Burst.dll.mvfrm
[442/581    0s] MovedFromExtractor Library/Bee/artifacts/mvdfrm/UnityWebSocket.Runtime.ref.dll_DCE6341D2B97BAE0.mvfrm
[443/581    0s] MovedFromExtractorCombine Library/Bee/artifacts/2000b0aP.dag/Unity.RenderPipeline.Universal.ShaderLibrary.dll.mvfrm
[444/581    1s] Csc Library/Bee/artifacts/2000b0aP.dag/AllIn1SpriteShaderAssembly.dll (+2 others)
Assets\Plugins\AllIn1SpriteShader\Scripts\AllIn1Shader.cs(31,22): warning CS0414: The field 'AllIn1Shader.matAssigned' is assigned but its value is never used
[           1s] Csc Library/Bee/artifacts/2000b0aP.dag/Unity.Mathematics.dll (+2 others) [CacheWrite 00000000000000000000000000000003]
[445/581    0s] MovedFromExtractorCombine Library/Bee/artifacts/2000b0aP.dag/UniTask.TextMeshPro.dll.mvfrm
[446/581    0s] MovedFromExtractorCombine Library/Bee/artifacts/2000b0aP.dag/Unity.VisualScripting.Flow.dll.mvfrm
[447/581    0s] MovedFromExtractorCombine Library/Bee/artifacts/2000b0aP.dag/Unity.RenderPipelines.Universal.Config.Runtime.dll.mvfrm
[448/581    0s] MovedFromExtractor Library/Bee/artifacts/mvdfrm/Unity.Mathematics.ref.dll_C72EBE726BBE86FF.mvfrm
[449/581    0s] Csc Library/Bee/artifacts/2000b0aP.dag/Unity.RenderPipeline.Universal.ShaderLibrary.dll (+2 others)
[450/581    0s] Csc Library/Bee/artifacts/2000b0aP.dag/Unity.RenderPipelines.Universal.Config.Runtime.dll (+2 others)
[451/581    0s] Csc Library/Bee/artifacts/2000b0aP.dag/UniTask.TextMeshPro.dll (+2 others)
[452/581    2s] Csc Library/Bee/artifacts/2000b0aP.dag/UniTask.Linq.dll (+2 others)
[453/581    0s] MovedFromExtractorCombine Library/Bee/artifacts/2000b0aP.dag/Unity.Collections.dll.mvfrm
[454/581    1s] Csc Library/Bee/artifacts/WebGL_CodeGen/Unity.Burst.dll (+2 others)
[455/581    1s] Csc Library/Bee/artifacts/2000b0aP.dag/Unity.VisualScripting.Flow.dll (+2 others)
[           1s] Csc Library/Bee/artifacts/2000b0aP.dag/Unity.RenderPipelines.Universal.Config.Runtime.dll (+2 others) [CacheWrite 00000000000000000000000000000003]
[           1s] Csc Library/Bee/artifacts/2000b0aP.dag/Unity.RenderPipeline.Universal.ShaderLibrary.dll (+2 others) [CacheWrite 00000000000000000000000000000003]
[           0s] Csc Library/Bee/artifacts/WebGL_CodeGen/Unity.Burst.dll (+2 others) [CacheWrite 00000000000000000000000000000003]
[456/581    0s] MovedFromExtractor Library/Bee/artifacts/mvdfrm/Unity.RenderPipeline.Universal.ShaderLibrary.ref.dll_CDAA55E54883E2AA.mvfrm
[457/581    0s] MovedFromExtractor Library/Bee/artifacts/mvdfrm/Unity.RenderPipelines.Universal.Config.Runtime.ref.dll_7B71E08FBB6AA73F.mvfrm
[           0s] Csc Library/Bee/artifacts/2000b0aP.dag/Unity.VisualScripting.Flow.dll (+2 others) [CacheWrite 00000000000000000000000000000003]
[458/581    0s] MovedFromExtractorCombine Library/Bee/artifacts/2000b0aP.dag/Unity.RenderPipelines.Universal.Runtime.dll.mvfrm
[459/581    0s] MovedFromExtractor Library/Bee/artifacts/mvdfrm/Unity.Burst.ref.dll_903A8A835E45D671.mvfrm
[460/581    0s] MovedFromExtractor Library/Bee/artifacts/mvdfrm/Unity.VisualScripting.Flow.ref.dll_81D169A85A08D1E2.mvfrm
[461/581    0s] MovedFromExtractorCombine Library/Bee/artifacts/WebGL_CodeGen/Unity.Burst.CodeGen.dll.mvfrm
[462/581    0s] MovedFromExtractorCombine Library/Bee/artifacts/2000b0aP.dag/Unity.VisualScripting.State.dll.mvfrm
[463/581    1s] Csc Library/Bee/artifacts/2000b0aP.dag/Unity.Collections.dll (+2 others)
[464/581    0s] Csc Library/Bee/artifacts/WebGL_CodeGen/Unity.Burst.CodeGen.dll (+2 others)
[465/581    1s] Csc Library/Bee/artifacts/2000b0aP.dag/Unity.RenderPipelines.Universal.Runtime.dll (+2 others)
[466/581    1s] Csc Library/Bee/artifacts/2000b0aP.dag/Unity.VisualScripting.State.dll (+2 others)
[           1s] Csc Library/Bee/artifacts/2000b0aP.dag/Unity.Collections.dll (+2 others) [CacheWrite 00000000000000000000000000000003]
[           0s] Csc Library/Bee/artifacts/WebGL_CodeGen/Unity.Burst.CodeGen.dll (+2 others) [CacheWrite 00000000000000000000000000000003]
[467/581    0s] MovedFromExtractor Library/Bee/artifacts/mvdfrm/Unity.Collections.ref.dll_43AC5767C5E30E7E.mvfrm
[           0s] Csc Library/Bee/artifacts/2000b0aP.dag/Unity.RenderPipelines.Universal.Runtime.dll (+2 others) [CacheWrite 00000000000000000000000000000003]
[           0s] Csc Library/Bee/artifacts/2000b0aP.dag/Unity.VisualScripting.State.dll (+2 others) [CacheWrite 00000000000000000000000000000003]
[468/581    0s] ILPP-Configuration Library/ilpp-configuration.nevergeneratedoutput
[469/581    0s] MovedFromExtractor Library/Bee/artifacts/mvdfrm/Unity.VisualScripting.State.ref.dll_3C5C88F0FB368CB3.mvfrm
[470/581    0s] MovedFromExtractor Library/Bee/artifacts/mvdfrm/Unity.RenderPipelines.Universal.Runtime.ref.dll_8D45B8D41D5D68FB.mvfrm
[471/581    0s] ILPostProcess Library/Bee/artifacts/2000b0aP.dag/post-processed/Unity.MemoryProfiler.dll (+pdb)
Processing assembly Library/Bee/artifacts/2000b0aP.dag/Unity.MemoryProfiler.dll, with 96 defines and 199 references

processors: zzzUnity.Burst.CodeGen.BurstILPostProcessor

running zzzUnity.Burst.CodeGen.BurstILPostProcessor
[472/581    0s] ILPostProcess Library/Bee/artifacts/2000b0aP.dag/post-processed/UniTask.Linq.dll (+pdb)
Processing assembly Library/Bee/artifacts/2000b0aP.dag/UniTask.Linq.dll, with 95 defines and 200 references

processors: zzzUnity.Burst.CodeGen.BurstILPostProcessor

running zzzUnity.Burst.CodeGen.BurstILPostProcessor
[473/581    0s] ILPostProcess Library/Bee/artifacts/2000b0aP.dag/post-processed/Unity.RenderPipelines.Core.ShaderLibrary.dll (+pdb)
Processing assembly Library/Bee/artifacts/2000b0aP.dag/Unity.RenderPipelines.Core.ShaderLibrary.dll, with 95 defines and 199 references

processors: zzzUnity.Burst.CodeGen.BurstILPostProcessor

running zzzUnity.Burst.CodeGen.BurstILPostProcessor
[474/581    0s] ILPostProcess Library/Bee/artifacts/2000b0aP.dag/post-processed/Unity.RenderPipelines.Universal.Config.Runtime.dll (+pdb)
Processing assembly Library/Bee/artifacts/2000b0aP.dag/Unity.RenderPipelines.Universal.Config.Runtime.dll, with 95 defines and 200 references

processors: zzzUnity.Burst.CodeGen.BurstILPostProcessor

running zzzUnity.Burst.CodeGen.BurstILPostProcessor
[475/581    0s] ILPostProcess Library/Bee/artifacts/2000b0aP.dag/post-processed/Unity.RenderPipeline.Universal.ShaderLibrary.dll (+pdb)
Processing assembly Library/Bee/artifacts/2000b0aP.dag/Unity.RenderPipeline.Universal.ShaderLibrary.dll, with 95 defines and 200 references

processors: zzzUnity.Burst.CodeGen.BurstILPostProcessor

running zzzUnity.Burst.CodeGen.BurstILPostProcessor
[476/581    0s] ILPostProcess Library/Bee/artifacts/2000b0aP.dag/post-processed/Unity.Burst.dll (+pdb)
Processing assembly Library/Bee/artifacts/2000b0aP.dag/Unity.Burst.dll, with 95 defines and 188 references

processors: zzzUnity.Burst.CodeGen.BurstILPostProcessor

running zzzUnity.Burst.CodeGen.BurstILPostProcessor
[477/581    0s] ILPostProcess Library/Bee/artifacts/2000b0aP.dag/post-processed/UniTask.dll (+pdb)
Processing assembly Library/Bee/artifacts/2000b0aP.dag/UniTask.dll, with 101 defines and 199 references

processors: zzzUnity.Burst.CodeGen.BurstILPostProcessor

running zzzUnity.Burst.CodeGen.BurstILPostProcessor
[478/581    0s] ILPostProcess Library/Bee/artifacts/2000b0aP.dag/post-processed/UniTask.TextMeshPro.dll (+pdb)
Processing assembly Library/Bee/artifacts/2000b0aP.dag/UniTask.TextMeshPro.dll, with 96 defines and 201 references

processors: zzzUnity.Burst.CodeGen.BurstILPostProcessor

running zzzUnity.Burst.CodeGen.BurstILPostProcessor
[479/581    0s] ILPostProcess Library/Bee/artifacts/2000b0aP.dag/post-processed/UniTask.Addressables.dll (+pdb)
Processing assembly Library/Bee/artifacts/2000b0aP.dag/UniTask.Addressables.dll, with 95 defines and 200 references

processors: zzzUnity.Burst.CodeGen.BurstILPostProcessor

running zzzUnity.Burst.CodeGen.BurstILPostProcessor
[480/581    0s] ILPostProcess Library/Bee/artifacts/2000b0aP.dag/post-processed/Unity.TextMeshPro.dll (+pdb)
Processing assembly Library/Bee/artifacts/2000b0aP.dag/Unity.TextMeshPro.dll, with 96 defines and 199 references

processors: zzzUnity.Burst.CodeGen.BurstILPostProcessor

running zzzUnity.Burst.CodeGen.BurstILPostProcessor
[481/581    0s] ILPostProcess Library/Bee/artifacts/2000b0aP.dag/post-processed/Unity.VisualScripting.Core.dll (+pdb)
Processing assembly Library/Bee/artifacts/2000b0aP.dag/Unity.VisualScripting.Core.dll, with 98 defines and 199 references

processors: zzzUnity.Burst.CodeGen.BurstILPostProcessor

running zzzUnity.Burst.CodeGen.BurstILPostProcessor
[482/581    0s] ILPostProcess Library/Bee/artifacts/2000b0aP.dag/post-processed/Unity.Profiling.Core.dll (+pdb)
Processing assembly Library/Bee/artifacts/2000b0aP.dag/Unity.Profiling.Core.dll, with 95 defines and 199 references

processors: zzzUnity.Burst.CodeGen.BurstILPostProcessor

running zzzUnity.Burst.CodeGen.BurstILPostProcessor
[483/581    0s] ILPostProcess Library/Bee/artifacts/2000b0aP.dag/post-processed/YooAsset.RuntimeExtension.dll (+pdb)
Processing assembly Library/Bee/artifacts/2000b0aP.dag/YooAsset.RuntimeExtension.dll, with 95 defines and 200 references

processors: zzzUnity.Burst.CodeGen.BurstILPostProcessor

running zzzUnity.Burst.CodeGen.BurstILPostProcessor
[484/581    0s] MovedFromExtractorCombine Library/Bee/artifacts/2000b0aP.dag/Cinemachine.dll.mvfrm
[485/581    0s] MovedFromExtractorCombine Library/Bee/artifacts/2000b0aP.dag/Assembly-CSharp-firstpass.dll.mvfrm
[486/581    0s] MovedFromExtractorCombine Library/Bee/artifacts/2000b0aP.dag/Assembly-CSharp.dll.mvfrm
[487/581    0s] ILPostProcess Library/Bee/artifacts/2000b0aP.dag/post-processed/Unity.Mathematics.dll (+pdb)
Processing assembly Library/Bee/artifacts/2000b0aP.dag/Unity.Mathematics.dll, with 95 defines and 199 references

processors: zzzUnity.Burst.CodeGen.BurstILPostProcessor

running zzzUnity.Burst.CodeGen.BurstILPostProcessor
[488/581    0s] ILPostProcess Library/Bee/artifacts/2000b0aP.dag/post-processed/UnityWebSocket.Runtime.dll (+pdb)
Processing assembly Library/Bee/artifacts/2000b0aP.dag/UnityWebSocket.Runtime.dll, with 95 defines and 199 references

processors: zzzUnity.Burst.CodeGen.BurstILPostProcessor

running zzzUnity.Burst.CodeGen.BurstILPostProcessor
[489/581    0s] ILPostProcess Library/Bee/artifacts/2000b0aP.dag/post-processed/Unity.RenderPipelines.Universal.Shaders.dll (+pdb)
Processing assembly Library/Bee/artifacts/2000b0aP.dag/Unity.RenderPipelines.Universal.Shaders.dll, with 95 defines and 199 references

processors: zzzUnity.Burst.CodeGen.BurstILPostProcessor

running zzzUnity.Burst.CodeGen.BurstILPostProcessor
[490/581    0s] ILPostProcess Library/Bee/artifacts/2000b0aP.dag/post-processed/YooAsset.MiniGame.dll (+pdb)
Processing assembly Library/Bee/artifacts/2000b0aP.dag/YooAsset.MiniGame.dll, with 95 defines and 201 references

processors: zzzUnity.Burst.CodeGen.BurstILPostProcessor

running zzzUnity.Burst.CodeGen.BurstILPostProcessor
[491/581    0s] CopyFiles Library/Bee/PlayerScriptAssemblies/YooAsset.MiniGame.dll
[492/581    0s] CopyFiles Library/Bee/PlayerScriptAssemblies/UniTask.Linq.dll
[493/581    0s] CopyFiles Library/Bee/PlayerScriptAssemblies/Unity.RenderPipelines.Universal.Shaders.dll
[494/581    0s] CopyFiles Library/Bee/PlayerScriptAssemblies/Unity.MemoryProfiler.dll
[495/581    0s] CopyFiles Library/Bee/PlayerScriptAssemblies/UnityWebSocket.Runtime.dll
[496/581    0s] CopyFiles Library/Bee/PlayerScriptAssemblies/Unity.Mathematics.dll
[497/581    0s] CopyFiles Library/Bee/PlayerScriptAssemblies/YooAsset.RuntimeExtension.dll
[498/581    0s] CopyFiles Library/Bee/PlayerScriptAssemblies/Unity.Profiling.Core.dll
[499/581    0s] CopyFiles Library/Bee/PlayerScriptAssemblies/Unity.VisualScripting.Core.dll
[500/581    0s] CopyFiles Library/Bee/PlayerScriptAssemblies/Unity.TextMeshPro.dll
[501/581    0s] CopyFiles Library/Bee/PlayerScriptAssemblies/UniTask.Addressables.dll
[502/581    0s] CopyFiles Library/Bee/PlayerScriptAssemblies/UniTask.TextMeshPro.dll
[503/581    0s] CopyFiles Library/Bee/PlayerScriptAssemblies/UniTask.dll
[504/581    0s] CopyFiles Library/Bee/PlayerScriptAssemblies/Unity.Burst.dll
[505/581    0s] CopyFiles Library/Bee/PlayerScriptAssemblies/Unity.RenderPipeline.Universal.ShaderLibrary.dll
[506/581    0s] CopyFiles Library/Bee/PlayerScriptAssemblies/Unity.RenderPipelines.Universal.Config.Runtime.dll
[507/581    0s] CopyFiles Library/Bee/PlayerScriptAssemblies/Unity.RenderPipelines.Core.ShaderLibrary.dll
[508/581    0s] CopyFiles Library/Bee/PlayerScriptAssemblies/YooAsset.MiniGame.pdb
[509/581    0s] CopyFiles Library/Bee/PlayerScriptAssemblies/Unity.RenderPipelines.Universal.Shaders.pdb
[510/581    0s] CopyFiles Library/Bee/PlayerScriptAssemblies/UnityWebSocket.Runtime.pdb
[511/581    0s] CopyFiles Library/Bee/PlayerScriptAssemblies/Unity.Mathematics.pdb
[512/581    0s] CopyFiles Library/Bee/PlayerScriptAssemblies/YooAsset.RuntimeExtension.pdb
[513/581    0s] CopyFiles Library/Bee/PlayerScriptAssemblies/Unity.Profiling.Core.pdb
[514/581    0s] CopyFiles Library/Bee/PlayerScriptAssemblies/Unity.VisualScripting.Core.pdb
[515/581    0s] CopyFiles Library/Bee/PlayerScriptAssemblies/Unity.TextMeshPro.pdb
[516/581    0s] CopyFiles Library/Bee/PlayerScriptAssemblies/UniTask.Addressables.pdb
[517/581    0s] CopyFiles Library/Bee/PlayerScriptAssemblies/UniTask.TextMeshPro.pdb
[518/581    0s] CopyFiles Library/Bee/PlayerScriptAssemblies/UniTask.pdb
[519/581    0s] CopyFiles Library/Bee/PlayerScriptAssemblies/Unity.Burst.pdb
[520/581    0s] CopyFiles Library/Bee/PlayerScriptAssemblies/Unity.RenderPipeline.Universal.ShaderLibrary.pdb
[521/581    0s] CopyFiles Library/Bee/PlayerScriptAssemblies/Unity.RenderPipelines.Universal.Config.Runtime.pdb
[522/581    0s] CopyFiles Library/Bee/PlayerScriptAssemblies/Unity.RenderPipelines.Core.ShaderLibrary.pdb
[523/581    0s] CopyFiles Library/Bee/PlayerScriptAssemblies/UniTask.Linq.pdb
[524/581    0s] CopyFiles Library/Bee/PlayerScriptAssemblies/Unity.MemoryProfiler.pdb
[525/581    0s] ILPostProcess Library/Bee/artifacts/2000b0aP.dag/post-processed/Unity.VisualScripting.State.dll (+pdb)
Processing assembly Library/Bee/artifacts/2000b0aP.dag/Unity.VisualScripting.State.dll, with 95 defines and 201 references

processors: zzzUnity.Burst.CodeGen.BurstILPostProcessor

running zzzUnity.Burst.CodeGen.BurstILPostProcessor
[526/581    0s] ILPostProcess Library/Bee/artifacts/2000b0aP.dag/post-processed/Unity.Timeline.dll (+pdb)
Processing assembly Library/Bee/artifacts/2000b0aP.dag/Unity.Timeline.dll, with 96 defines and 199 references

processors: zzzUnity.Burst.CodeGen.BurstILPostProcessor

running zzzUnity.Burst.CodeGen.BurstILPostProcessor
[527/581    0s] ILPostProcess Library/Bee/artifacts/2000b0aP.dag/post-processed/AllIn1SpriteShaderAssembly.dll (+pdb)
Processing assembly Library/Bee/artifacts/2000b0aP.dag/AllIn1SpriteShaderAssembly.dll, with 95 defines and 199 references

processors: zzzUnity.Burst.CodeGen.BurstILPostProcessor

running zzzUnity.Burst.CodeGen.BurstILPostProcessor
[528/581    0s] CopyFiles Library/Bee/PlayerScriptAssemblies/Unity.VisualScripting.State.dll
[529/581    0s] CopyFiles Library/Bee/PlayerScriptAssemblies/Unity.VisualScripting.State.pdb
[530/581    0s] CopyFiles Library/Bee/PlayerScriptAssemblies/Unity.Timeline.dll
[531/581    0s] CopyFiles Library/Bee/PlayerScriptAssemblies/Unity.Timeline.pdb
[532/581    0s] ILPostProcess Library/Bee/artifacts/2000b0aP.dag/post-processed/Unity.ScriptableBuildPipeline.dll (+pdb)
Processing assembly Library/Bee/artifacts/2000b0aP.dag/Unity.ScriptableBuildPipeline.dll, with 95 defines and 199 references

processors: zzzUnity.Burst.CodeGen.BurstILPostProcessor

running zzzUnity.Burst.CodeGen.BurstILPostProcessor
[533/581    0s] CopyFiles Library/Bee/PlayerScriptAssemblies/AllIn1SpriteShaderAssembly.dll
[534/581    0s] CopyFiles Library/Bee/PlayerScriptAssemblies/AllIn1SpriteShaderAssembly.pdb
[535/581    0s] CopyFiles Library/Bee/PlayerScriptAssemblies/Unity.ScriptableBuildPipeline.pdb
[536/581    0s] CopyFiles Library/Bee/PlayerScriptAssemblies/Unity.ScriptableBuildPipeline.dll
[537/581    1s] ILPostProcess Library/Bee/artifacts/2000b0aP.dag/post-processed/Unity.RenderPipelines.Core.Runtime.dll (+pdb)
Processing assembly Library/Bee/artifacts/2000b0aP.dag/Unity.RenderPipelines.Core.Runtime.dll, with 97 defines and 199 references

processors: zzzUnity.Burst.CodeGen.BurstILPostProcessor

running zzzUnity.Burst.CodeGen.BurstILPostProcessor
[538/581    0s] CopyFiles Library/Bee/PlayerScriptAssemblies/Unity.RenderPipelines.Core.Runtime.dll
[539/581    0s] CopyFiles Library/Bee/PlayerScriptAssemblies/Unity.RenderPipelines.Core.Runtime.pdb
[540/581    2s] ILPostProcess Library/Bee/artifacts/2000b0aP.dag/post-processed/Unity.RenderPipelines.Universal.Runtime.dll (+pdb)
Processing assembly Library/Bee/artifacts/2000b0aP.dag/Unity.RenderPipelines.Universal.Runtime.dll, with 100 defines and 205 references

processors: zzzUnity.Burst.CodeGen.BurstILPostProcessor

running zzzUnity.Burst.CodeGen.BurstILPostProcessor
[541/581    0s] CopyFiles Library/Bee/PlayerScriptAssemblies/Unity.RenderPipelines.Universal.Runtime.pdb
[542/581    0s] CopyFiles Library/Bee/PlayerScriptAssemblies/Unity.RenderPipelines.Universal.Runtime.dll
[543/581    1s] ILPostProcess Library/Bee/artifacts/2000b0aP.dag/post-processed/UniTask.DOTween.dll (+pdb)
Processing assembly Library/Bee/artifacts/2000b0aP.dag/UniTask.DOTween.dll, with 95 defines and 200 references

processors: zzzUnity.Burst.CodeGen.BurstILPostProcessor

running zzzUnity.Burst.CodeGen.BurstILPostProcessor
[544/581    0s] CopyFiles Library/Bee/PlayerScriptAssemblies/UniTask.DOTween.dll
[545/581    0s] CopyFiles Library/Bee/PlayerScriptAssemblies/UniTask.DOTween.pdb
[546/581    1s] Csc Library/Bee/artifacts/2000b0aP.dag/Cinemachine.dll (+2 others)
[547/581    1s] ILPostProcess Library/Bee/artifacts/2000b0aP.dag/post-processed/UnityEngine.UI.dll (+pdb)
Processing assembly Library/Bee/artifacts/2000b0aP.dag/UnityEngine.UI.dll, with 100 defines and 198 references

processors: zzzUnity.Burst.CodeGen.BurstILPostProcessor

running zzzUnity.Burst.CodeGen.BurstILPostProcessor
[548/581    0s] CopyFiles Library/Bee/PlayerScriptAssemblies/UnityEngine.UI.dll
[549/581    0s] CopyFiles Library/Bee/PlayerScriptAssemblies/UnityEngine.UI.pdb
[550/581    1s] ILPostProcess Library/Bee/artifacts/2000b0aP.dag/post-processed/YooAsset.dll (+pdb)
Processing assembly Library/Bee/artifacts/2000b0aP.dag/YooAsset.dll, with 95 defines and 199 references

processors: zzzUnity.Burst.CodeGen.BurstILPostProcessor

running zzzUnity.Burst.CodeGen.BurstILPostProcessor
[551/581    0s] CopyFiles Library/Bee/PlayerScriptAssemblies/YooAsset.dll
[552/581    0s] CopyFiles Library/Bee/PlayerScriptAssemblies/YooAsset.pdb
[553/581    2s] ILPostProcess Library/Bee/artifacts/2000b0aP.dag/post-processed/Unity.Collections.dll (+pdb)
Processing assembly Library/Bee/artifacts/2000b0aP.dag/Unity.Collections.dll, with 95 defines and 201 references

processors: zzzUnity.Burst.CodeGen.BurstILPostProcessor

running zzzUnity.Burst.CodeGen.BurstILPostProcessor
[554/581    0s] CopyFiles Library/Bee/PlayerScriptAssemblies/Unity.Collections.pdb
[555/581    0s] CopyFiles Library/Bee/PlayerScriptAssemblies/Unity.Collections.dll
[556/581    2s] ILPostProcess Library/Bee/artifacts/2000b0aP.dag/post-processed/Unity.RenderPipelines.ShaderGraph.ShaderGraphLibrary.dll (+pdb)
Processing assembly Library/Bee/artifacts/2000b0aP.dag/Unity.RenderPipelines.ShaderGraph.ShaderGraphLibrary.dll, with 95 defines and 199 references

processors: zzzUnity.Burst.CodeGen.BurstILPostProcessor

running zzzUnity.Burst.CodeGen.BurstILPostProcessor
[557/581    1s] ILPostProcess Library/Bee/artifacts/2000b0aP.dag/post-processed/Unity.RenderPipelines.Universal.2D.Internal.dll (+pdb)
Processing assembly Library/Bee/artifacts/2000b0aP.dag/Unity.RenderPipelines.Universal.2D.Internal.dll, with 95 defines and 199 references

processors: zzzUnity.Burst.CodeGen.BurstILPostProcessor

running zzzUnity.Burst.CodeGen.BurstILPostProcessor
[558/581    0s] CopyFiles Library/Bee/PlayerScriptAssemblies/Unity.RenderPipelines.Universal.2D.Internal.dll
[559/581    0s] CopyFiles Library/Bee/PlayerScriptAssemblies/Unity.RenderPipelines.Universal.2D.Internal.pdb
[560/581    0s] CopyFiles Library/Bee/PlayerScriptAssemblies/Unity.RenderPipelines.ShaderGraph.ShaderGraphLibrary.pdb
[561/581    0s] CopyFiles Library/Bee/PlayerScriptAssemblies/Unity.RenderPipelines.ShaderGraph.ShaderGraphLibrary.dll
[562/581    2s] ILPostProcess Library/Bee/artifacts/2000b0aP.dag/post-processed/Wx.dll (+pdb)
Processing assembly Library/Bee/artifacts/2000b0aP.dag/Wx.dll, with 95 defines and 200 references

processors: zzzUnity.Burst.CodeGen.BurstILPostProcessor

running zzzUnity.Burst.CodeGen.BurstILPostProcessor
[563/581    2s] ILPostProcess Library/Bee/artifacts/2000b0aP.dag/post-processed/Unity.VisualScripting.Flow.dll (+pdb)
Processing assembly Library/Bee/artifacts/2000b0aP.dag/Unity.VisualScripting.Flow.dll, with 100 defines and 200 references

processors: zzzUnity.Burst.CodeGen.BurstILPostProcessor

running zzzUnity.Burst.CodeGen.BurstILPostProcessor
[564/581    0s] CopyFiles Library/Bee/PlayerScriptAssemblies/Wx.dll
[565/581    0s] CopyFiles Library/Bee/PlayerScriptAssemblies/Wx.pdb
[566/581    0s] CopyFiles Library/Bee/PlayerScriptAssemblies/Unity.VisualScripting.Flow.dll
[567/581    0s] CopyFiles Library/Bee/PlayerScriptAssemblies/Unity.VisualScripting.Flow.pdb
[           1s] Csc Library/Bee/artifacts/2000b0aP.dag/Cinemachine.dll (+2 others) [CacheWrite 00000000000000000000000000000003]
[568/581    0s] ILPostProcess Library/Bee/artifacts/2000b0aP.dag/post-processed/Cinemachine.dll (+pdb)
Processing assembly Library/Bee/artifacts/2000b0aP.dag/Cinemachine.dll, with 102 defines and 202 references

processors: zzzUnity.Burst.CodeGen.BurstILPostProcessor

running zzzUnity.Burst.CodeGen.BurstILPostProcessor
[569/581    0s] CopyFiles Library/Bee/PlayerScriptAssemblies/Cinemachine.pdb
[570/581    0s] CopyFiles Library/Bee/PlayerScriptAssemblies/Cinemachine.dll
[571/581    0s] Csc Library/Bee/artifacts/2000b0aP.dag/Assembly-CSharp-firstpass.dll (+2 others)
[572/581    0s] ILPostProcess Library/Bee/artifacts/2000b0aP.dag/post-processed/Assembly-CSharp-firstpass.dll (+pdb)
Processing assembly Library/Bee/artifacts/2000b0aP.dag/Assembly-CSharp-firstpass.dll, with 95 defines and 230 references

processors: zzzUnity.Burst.CodeGen.BurstILPostProcessor

running zzzUnity.Burst.CodeGen.BurstILPostProcessor
[573/581    0s] CopyFiles Library/Bee/PlayerScriptAssemblies/Assembly-CSharp-firstpass.pdb
[574/581    0s] CopyFiles Library/Bee/PlayerScriptAssemblies/Assembly-CSharp-firstpass.dll
[575/581    1s] Csc Library/Bee/artifacts/2000b0aP.dag/Assembly-CSharp.dll (+2 others)
Assets\Script\Framework\UIExtend\Common\UIPortraitFitCompont.cs(284,15): warning CS0660: 'CustomAspect' defines operator == or operator != but does not override Object.Equals(object o)

Assets\Script\Framework\UIExtend\Common\UIPortraitFitCompont.cs(284,15): warning CS0661: 'CustomAspect' defines operator == or operator != but does not override Object.GetHashCode()

Assets\Script\Fight\FightChatEventTwo.cs(30,25): warning CS0114: 'FightChatEventTwo.OnClick(int)' hides inherited member 'FightChatEventBase.OnClick(int)'. To make the current member override that implementation, add the override keyword. Otherwise add the new keyword.

Assets\Script\Fight\FightChatEventTwo.cs(50,25): warning CS0114: 'FightChatEventTwo.Exit()' hides inherited member 'FightChatEventBase.Exit()'. To make the current member override that implementation, add the override keyword. Otherwise add the new keyword.

Assets\Script\ChapterScene\ChapterSceneManager.cs(41,9): warning CS0162: Unreachable code detected

Assets\Script\Framework\Event\LTEventCenter.cs(124,14): warning CS0219: The variable 'bCall' is assigned but its value is never used

Assets\Script\Fight\LevelEditor\LevelEditroManager.cs(128,30): warning CS0168: The variable 'e' is declared but never used

Assets\Script\Framework\Core\AntNet\WebSocketObject.Disconnection.cs(52,21): warning CS0414: The field 'WebSocketObject._connectTime' is assigned but its value is never used

Assets\Script\Fight\LevelEditor\LevelEditroManager.cs(28,21): warning CS0414: The field 'LevelEditorManager.selectedX' is assigned but its value is never used

Assets\Script\Manager\LaunchManager.cs(19,23): warning CS0414: The field 'LaunchManager.PlayMode' is assigned but its value is never used

Assets\Script\ChapterScene\ChapterSceneManager.cs(19,19): warning CS0414: The field 'ChapterSceneManager._cameraHight' is assigned but its value is never used

Assets\Script\Fight\LevelEditor\LevelEditroManager.cs(29,21): warning CS0414: The field 'LevelEditorManager.selectedY' is assigned but its value is never used
[576/581    0s] ILPostProcess Library/Bee/artifacts/2000b0aP.dag/post-processed/Assembly-CSharp.dll (+pdb)
Processing assembly Library/Bee/artifacts/2000b0aP.dag/Assembly-CSharp.dll, with 95 defines and 231 references

processors: zzzUnity.Burst.CodeGen.BurstILPostProcessor

running zzzUnity.Burst.CodeGen.BurstILPostProcessor
[577/581    0s] CopyFiles Library/Bee/PlayerScriptAssemblies/Assembly-CSharp.pdb
[578/581    0s] CopyFiles Library/Bee/PlayerScriptAssemblies/Assembly-CSharp.dll
*** Tundra build success (32.48 seconds), 578 items updated, 581 evaluated
Assets\YooAsset\Runtime\FileSystem\BundleResult\VirtualBundleResult\Operation\VirtualBundleLoadSceneOperation.cs(20,24): warning CS0414: The field 'VirtualBundleLoadSceneOperation._steps' is assigned but its value is never used
Assets\YooAsset\Runtime\FileSystem\BundleResult\VirtualBundleResult\Operation\VirtualBundleLoadAssetOperation.cs(17,24): warning CS0414: The field 'VirtualBundleLoadAssetOperation._steps' is assigned but its value is never used
Assets\YooAsset\Runtime\FileSystem\BundleResult\VirtualBundleResult\Operation\VirtualBundleLoadAllAssetsOperation.cs(18,24): warning CS0414: The field 'VirtualBundleLoadAllAssetsOperation._steps' is assigned but its value is never used
Assets\YooAsset\Runtime\FileSystem\BundleResult\VirtualBundleResult\Operation\VirtualBundleLoadSubAssetsOperation.cs(18,24): warning CS0414: The field 'VirtualBundleLoadSubAssetsOperation._steps' is assigned but its value is never used
Assets\Plugins\AllIn1SpriteShader\Scripts\AllIn1Shader.cs(31,22): warning CS0414: The field 'AllIn1Shader.matAssigned' is assigned but its value is never used
Assets\Script\Framework\UIExtend\Common\UIPortraitFitCompont.cs(284,15): warning CS0660: 'CustomAspect' defines operator == or operator != but does not override Object.Equals(object o)
Assets\Script\Framework\UIExtend\Common\UIPortraitFitCompont.cs(284,15): warning CS0661: 'CustomAspect' defines operator == or operator != but does not override Object.GetHashCode()
Assets\Script\Fight\FightChatEventTwo.cs(30,25): warning CS0114: 'FightChatEventTwo.OnClick(int)' hides inherited member 'FightChatEventBase.OnClick(int)'. To make the current member override that implementation, add the override keyword. Otherwise add the new keyword.
Assets\Script\Fight\FightChatEventTwo.cs(50,25): warning CS0114: 'FightChatEventTwo.Exit()' hides inherited member 'FightChatEventBase.Exit()'. To make the current member override that implementation, add the override keyword. Otherwise add the new keyword.
Assets\Script\ChapterScene\ChapterSceneManager.cs(41,9): warning CS0162: Unreachable code detected
Assets\Script\Framework\Event\LTEventCenter.cs(124,14): warning CS0219: The variable 'bCall' is assigned but its value is never used
Assets\Script\Fight\LevelEditor\LevelEditroManager.cs(128,30): warning CS0168: The variable 'e' is declared but never used
Assets\Script\Framework\Core\AntNet\WebSocketObject.Disconnection.cs(52,21): warning CS0414: The field 'WebSocketObject._connectTime' is assigned but its value is never used
Assets\Script\Fight\LevelEditor\LevelEditroManager.cs(28,21): warning CS0414: The field 'LevelEditorManager.selectedX' is assigned but its value is never used
Assets\Script\Manager\LaunchManager.cs(19,23): warning CS0414: The field 'LaunchManager.PlayMode' is assigned but its value is never used
Assets\Script\ChapterScene\ChapterSceneManager.cs(19,19): warning CS0414: The field 'ChapterSceneManager._cameraHight' is assigned but its value is never used
Assets\Script\Fight\LevelEditor\LevelEditroManager.cs(29,21): warning CS0414: The field 'LevelEditorManager.selectedY' is assigned but its value is never used
Duplicate assembly 'Newtonsoft.Json.dll' with different versions detected, using 'Packages/com.unity.nuget.newtonsoft-json/Runtime/AOT/Newtonsoft.Json.dll, Version=13.0.0.0' and ignoring 'Assets/Plugins/Newtonsoft.Json.dll, Version=6.0.0.0'.
Rebuilding Data files because BuildOptions.CleanBuildCache is set.
[Licensing::Client] Successfully resolved entitlement details
Asset Pipeline Refresh (id=7d20b5833af44f54c8248de4252c08bf): Total: 0.140 seconds - Initiated by RefreshV2(NoUpdateAssetOptions)
SpriteAtlasPacking completed in 0.010604 sec
Opening scene 'Assets/LaunchScene/Scenes/Launch.unity'
[PhysX] Initialized MultithreadedTaskDispatcher with 16 workers.
Unloading 4 Unused Serialized files (Serialized files now loaded: 0)
Loaded scene 'Assets/LaunchScene/Scenes/Launch.unity'
	Deserialize:            24.438 ms
	Integration:            651.366 ms
	Integration of assets:  2.011 ms
	Thread Wait Time:       0.083 ms
	Total Operation Time:   677.898 ms
Unloading 282 unused Assets / (1.7 MB). Loaded Objects now: 11763.
Memory consumption went from 206.2 MB to 204.5 MB.
Total: 13.616000 ms (FindLiveObjects: 1.365200 ms CreateObjectMapping: 1.236000 ms MarkObjects: 9.376000 ms  DeleteObjects: 1.637000 ms)

Created GICache directory at C:/Users/slimboiliu/AppData/LocalLow/Unity/Caches/GiCache. Took: 0.010s, timestamps: [94.712 - 94.722]
gi::BakeBackendSwitch: switching bake backend from 3 to 1.
[00:00:00] Builtin Sky manager started.
[00:00:00] Finished 1 Bake Ambient Probe job (0.00s execute, 0.00s integrate, 0.01s wallclock)
[00:00:01] Finished 1 Bake Ambient Probe job (0.00s execute, 0.00s integrate, 0.01s wallclock)
Duplicate assembly 'Newtonsoft.Json.dll' with different versions detected, using 'Packages/com.unity.nuget.newtonsoft-json/Runtime/AOT/Newtonsoft.Json.dll, AssemblyName=Newtonsoft.Json, Version=13.0.0.0, Culture=neutral, PublicKeyToken=30ad4fe6b2a6aeed' and ignoring 'Assets/Plugins/Newtonsoft.Json.dll, AssemblyName=Newtonsoft.Json, Version=6.0.0.0, Culture=neutral, PublicKeyToken=30ad4fe6b2a6aeed'.

Mono dependencies included in the build
Dependency assembly - System.Runtime.Serialization.Json.dll
Dependency assembly - System.Xml.Serialization.dll
Dependency assembly - System.ComponentModel.dll
Dependency assembly - System.Globalization.Extensions.dll
Dependency assembly - LitJson.dll
Dependency assembly - System.Messaging.dll
Dependency assembly - System.Management.dll
Dependency assembly - System.Data.Services.Client.dll
Dependency assembly - Assembly-CSharp-firstpass.dll
Dependency assembly - System.IO.FileSystem.AccessControl.dll
Dependency assembly - System.Web.RegularExpressions.dll
Dependency assembly - System.Data.Services.dll
Dependency assembly - mscorlib.dll
Dependency assembly - System.Reflection.DispatchProxy.dll
Dependency assembly - System.ComponentModel.Primitives.dll
Dependency assembly - System.Runtime.Extensions.dll
Dependency assembly - System.Data.DataSetExtensions.dll
Dependency assembly - System.Xml.ReaderWriter.dll
Dependency assembly - System.Data.Linq.dll
Dependency assembly - System.Web.Extensions.Design.dll
Dependency assembly - System.Xml.dll
Dependency assembly - Unity.RenderPipelines.Core.ShaderLibrary.dll
Dependency assembly - System.Threading.AccessControl.dll
Dependency assembly - System.IO.Compression.ZipFile.dll
Dependency assembly - System.ComponentModel.Composition.dll
Dependency assembly - Unity.RenderPipeline.Universal.ShaderLibrary.dll
Dependency assembly - Unity.Timeline.dll
Dependency assembly - System.Runtime.InteropServices.dll
Dependency assembly - System.ServiceModel.Security.dll
Dependency assembly - System.ServiceModel.Primitives.dll
Dependency assembly - System.Net.Http.WebRequest.dll
Dependency assembly - System.Linq.Queryable.dll
Dependency assembly - System.Drawing.Design.dll
Dependency assembly - System.Drawing.Primitives.dll
Dependency assembly - System.Net.Http.dll
Dependency assembly - System.Security.Cryptography.Pkcs.dll
Dependency assembly - System.Numerics.Vectors.dll
Dependency assembly - System.Diagnostics.Contracts.dll
Dependency assembly - System.Xml.Xsl.Primitives.dll
Dependency assembly - System.Linq.Parallel.dll
Dependency assembly - Wx.dll
Dependency assembly - System.Xml.XDocument.dll
Dependency assembly - System.Runtime.CompilerServices.VisualC.dll
Dependency assembly - Mono.Data.Tds.dll
Dependency assembly - System.Transactions.dll
Dependency assembly - System.Threading.Overlapped.dll
Dependency assembly - System.Security.Claims.dll
Dependency assembly - UniTask.Addressables.dll
Dependency assembly - UnityEngine.UI.dll
Dependency assembly - System.Xaml.dll
Dependency assembly - System.Console.dll
Dependency assembly - System.Globalization.Calendars.dll
Dependency assembly - Microsoft.CSharp.dll
Dependency assembly - System.Web.Services.dll
Dependency assembly - YooAsset.RuntimeExtension.dll
Dependency assembly - Unity.MemoryProfiler.dll
Dependency assembly - System.ServiceProcess.dll
Dependency assembly - Unity.Collections.dll
Dependency assembly - System.Dynamic.Runtime.dll
Dependency assembly - System.Runtime.Serialization.Primitives.dll
Dependency assembly - System.EnterpriseServices.dll
Dependency assembly - System.Diagnostics.StackTrace.dll
Dependency assembly - System.ValueTuple.dll
Dependency assembly - System.Web.DynamicData.dll
Dependency assembly - System.Security.Cryptography.Primitives.dll
Dependency assembly - System.Net.Sockets.dll
Dependency assembly - Unity.FontABTool.dll
Dependency assembly - System.Security.Cryptography.Algorithms.dll
Dependency assembly - Assembly-CSharp.dll
Dependency assembly - System.Security.Cryptography.Cng.dll
Dependency assembly - System.Reflection.dll
Dependency assembly - System.IO.FileSystem.Primitives.dll
Dependency assembly - System.Diagnostics.Process.dll
Dependency assembly - System.Net.Ping.dll
Dependency assembly - System.Collections.Concurrent.dll
Dependency assembly - System.Security.Cryptography.Csp.dll
Dependency assembly - Unity.VisualScripting.State.dll
Dependency assembly - System.Net.Utilities.dll
Dependency assembly - Unity.RenderPipelines.Universal.Config.Runtime.dll
Dependency assembly - System.Text.RegularExpressions.dll
Dependency assembly - Microsoft.Win32.Registry.AccessControl.dll
Dependency assembly - System.Drawing.dll
Dependency assembly - System.Net.Requests.dll
Dependency assembly - System.Net.Security.dll
Dependency assembly - System.ServiceModel.Duplex.dll
Dependency assembly - System.Security.Cryptography.DeriveBytes.dll
Dependency assembly - System.Diagnostics.FileVersionInfo.dll
Dependency assembly - System.Security.Cryptography.Encoding.dll
Dependency assembly - System.Web.Extensions.dll
Dependency assembly - System.Json.dll
Dependency assembly - System.Net.Primitives.dll
Dependency assembly - System.Diagnostics.Tools.dll
Dependency assembly - netstandard.dll
Dependency assembly - clipper_library.dll
Dependency assembly - System.Runtime.InteropServices.WindowsRuntime.dll
Dependency assembly - Unity.ScriptableBuildPipeline.dll
Dependency assembly - System.DirectoryServices.Protocols.dll
Dependency assembly - Unity.TextMeshPro.dll
Dependency assembly - System.Numerics.dll
Dependency assembly - System.Windows.dll
Dependency assembly - System.Security.Cryptography.X509Certificates.dll
Dependency assembly - System.ServiceModel.NetTcp.dll
Dependency assembly - System.ServiceModel.Routing.dll
Dependency assembly - System.Threading.Tasks.Parallel.dll
Dependency assembly - System.Globalization.dll
Dependency assembly - System.IO.FileSystem.dll
Dependency assembly - System.Net.Cache.dll
Dependency assembly - System.Runtime.CompilerServices.Unsafe.dll
Dependency assembly - System.Diagnostics.TextWriterTraceListener.dll
Dependency assembly - System.Diagnostics.TraceEvent.dll
Dependency assembly - System.Net.WebSockets.Client.dll
Dependency assembly - System.Runtime.Serialization.Xml.dll
Dependency assembly - System.ServiceModel.dll
Dependency assembly - System.Design.dll
Dependency assembly - System.Collections.Specialized.dll
Dependency assembly - System.Reflection.TypeExtensions.dll
Dependency assembly - System.ServiceProcess.ServiceController.dll
Dependency assembly - System.Data.Entity.dll
Dependency assembly - DOTween.dll
Dependency assembly - System.Diagnostics.Tracing.dll
Dependency assembly - Unity.VisualScripting.Flow.dll
Dependency assembly - System.Collections.NonGeneric.dll
Dependency assembly - System.Diagnostics.TraceSource.dll
Dependency assembly - System.Runtime.Remoting.dll
Dependency assembly - System.Threading.Tasks.dll
Dependency assembly - System.Reflection.Emit.dll
Dependency assembly - System.Security.Cryptography.ProtectedData.dll
Dependency assembly - System.Security.dll
Dependency assembly - System.ComponentModel.TypeConverter.dll
Dependency assembly - UniTask.TextMeshPro.dll
Dependency assembly - System.Security.AccessControl.dll
Dependency assembly - UniTask.Linq.dll
Dependency assembly - System.ServiceModel.Activation.dll
Dependency assembly - System.Reflection.Emit.ILGeneration.dll
Dependency assembly - System.Security.Cryptography.Encryption.dll
Dependency assembly - wx-runtime.dll
Dependency assembly - System.IO.Pipes.dll
Dependency assembly - System.ServiceModel.Http.dll
Dependency assembly - System.Reflection.Emit.Lightweight.dll
Dependency assembly - System.ServiceModel.Discovery.dll
Dependency assembly - System.ComponentModel.Annotations.dll
Dependency assembly - Unity.Burst.dll
Dependency assembly - System.Runtime.dll
Dependency assembly - System.Security.Cryptography.Hashing.dll
Dependency assembly - System.IO.UnmanagedMemoryStream.dll
Dependency assembly - Microsoft.Win32.Primitives.dll
Dependency assembly - System.IO.MemoryMappedFiles.dll
Dependency assembly - System.IO.Compression.dll
Dependency assembly - Unity.VisualScripting.Core.dll
Dependency assembly - Microsoft.Win32.Registry.dll
Dependency assembly - System.Net.dll
Dependency assembly - System.Data.OracleClient.dll
Dependency assembly - System.Runtime.Numerics.dll
Dependency assembly - System.Security.Cryptography.Hashing.Algorithms.dll
Dependency assembly - System.IO.FileSystem.Watcher.dll
Dependency assembly - System.Diagnostics.Debug.dll
Dependency assembly - System.Core.dll
Dependency assembly - System.Runtime.InteropServices.RuntimeInformation.dll
Dependency assembly - System.Security.Principal.dll
Dependency assembly - System.Linq.Expressions.dll
Dependency assembly - System.Data.dll
Dependency assembly - System.Runtime.Caching.dll
Dependency assembly - Cinemachine.dll
Dependency assembly - ICSharpCode.SharpZipLib.dll
Dependency assembly - System.Net.HttpListener.dll
Dependency assembly - System.Runtime.Serialization.dll
Dependency assembly - Unity.RenderPipelines.Universal.2D.Internal.dll
Dependency assembly - YooAsset.MiniGame.dll
Dependency assembly - Accessibility.dll
Dependency assembly - System.Net.Mail.dll
Dependency assembly - Google.Protobuf.dll
Dependency assembly - Unity.Collections.LowLevel.ILSupport.dll
Dependency assembly - System.Memory.dll
Dependency assembly - System.Threading.dll
Dependency assembly - System.Net.NameResolution.dll
Dependency assembly - System.Security.Cryptography.Encryption.Aes.dll
Dependency assembly - System.Configuration.Install.dll
Dependency assembly - System.ServiceModel.Web.dll
Dependency assembly - System.Net.WebSockets.dll
Dependency assembly - Unity.RenderPipelines.Universal.Runtime.dll
Dependency assembly - System.Security.Cryptography.RSA.dll
Dependency assembly - System.Security.Cryptography.Encryption.ECDsa.dll
Dependency assembly - UnityWebSocket.Runtime.dll
Dependency assembly - System.Buffers.dll
Dependency assembly - System.Security.Cryptography.OpenSsl.dll
Dependency assembly - Mono.Security.dll
Dependency assembly - System.Xml.XPath.XmlDocument.dll
Dependency assembly - Mono.Data.Sqlite.dll
Dependency assembly - System.Data.Common.dll
Dependency assembly - System.Security.SecureString.dll
Dependency assembly - YooAsset.dll
Dependency assembly - System.Xml.Linq.dll
Dependency assembly - System.Runtime.Loader.dll
Dependency assembly - System.Text.Encoding.dll
Dependency assembly - System.Net.NetworkInformation.dll
Dependency assembly - Unity.RenderPipelines.Universal.Shaders.dll
Dependency assembly - System.Runtime.DurableInstancing.dll
Dependency assembly - System.dll
Dependency assembly - System.Threading.Tasks.Extensions.dll
Dependency assembly - System.Windows.Forms.dll
Dependency assembly - Unity.RenderPipelines.Core.Runtime.dll
Dependency assembly - Unity.RenderPipelines.ShaderGraph.ShaderGraphLibrary.dll
Dependency assembly - Unity.Mathematics.dll
Dependency assembly - System.Reflection.Context.dll
Dependency assembly - System.ObjectModel.dll
Dependency assembly - System.IO.FileSystem.DriveInfo.dll
Dependency assembly - System.Linq.dll
Dependency assembly - System.Runtime.Handles.dll
Dependency assembly - System.Runtime.Serialization.Formatters.dll
Dependency assembly - System.ServiceModel.Internals.dll
Dependency assembly - System.Security.Cryptography.Encryption.ECDiffieHellman.dll
Dependency assembly - System.Xml.XPath.dll
Dependency assembly - System.IO.Compression.FileSystem.dll
Dependency assembly - System.IO.IsolatedStorage.dll
Dependency assembly - Unity.Burst.Unsafe.dll
Dependency assembly - System.Net.AuthenticationManager.dll
Dependency assembly - System.ComponentModel.DataAnnotations.dll
Dependency assembly - System.IO.dll
Dependency assembly - System.Resources.ReaderWriter.dll
Dependency assembly - System.Threading.Thread.dll
Dependency assembly - System.Security.Cryptography.RandomNumberGenerator.dll
Dependency assembly - Newtonsoft.Json.dll
Dependency assembly - System.Web.dll
Dependency assembly - System.Windows.Forms.DataVisualization.dll
Dependency assembly - System.Text.Encoding.Extensions.dll
Dependency assembly - System.DirectoryServices.dll
Dependency assembly - System.Xml.XmlDocument.dll
Dependency assembly - System.IdentityModel.dll
Dependency assembly - UniTask.dll
Dependency assembly - System.Collections.dll
Dependency assembly - System.Reflection.Primitives.dll
Dependency assembly - Unity.Profiling.Core.dll
Dependency assembly - System.Net.ServicePoint.dll
Dependency assembly - System.IdentityModel.Selectors.dll
Dependency assembly - System.Text.Encoding.CodePages.dll
Dependency assembly - UniTask.DOTween.dll
Dependency assembly - System.Threading.Timer.dll
Dependency assembly - System.Reflection.Extensions.dll
Dependency assembly - System.Xml.XPath.XDocument.dll
Dependency assembly - System.Web.ApplicationServices.dll
Dependency assembly - Unity.VisualScripting.Antlr3.Runtime.dll
Dependency assembly - System.Configuration.dll
Dependency assembly - System.Threading.ThreadPool.dll
Dependency assembly - System.Runtime.Serialization.Formatters.Soap.dll
Dependency assembly - wx-perf.dll
Dependency assembly - System.Net.WebHeaderCollection.dll
Dependency assembly - AllIn1SpriteShaderAssembly.dll
Dependency assembly - System.AppContext.dll
Dependency assembly - System.Resources.Reader.dll
Dependency assembly - System.Security.Principal.Windows.dll
Dependency assembly - System.Resources.Writer.dll
Dependency assembly - System.Xml.XmlSerializer.dll
Dependency assembly - System.Resources.ResourceManager.dll
Dependency assembly - System.ComponentModel.EventBasedAsync.dll
Dependency assembly - System.Data.SqlClient.dll

[PhysX] Initialized MultithreadedTaskDispatcher with 16 workers.
Unloading 555 Unused Serialized files (Serialized files now loaded: 0)
Unloading 3783 unused Assets / (6.5 MB). Loaded Objects now: 7762.
Memory consumption went from 252.4 MB to 246.0 MB.
Total: 20.829700 ms (FindLiveObjects: 1.204200 ms CreateObjectMapping: 1.408500 ms MarkObjects: 9.168700 ms  DeleteObjects: 9.046300 ms)

[EnlightenBakeManager] m_Clear = false;
Unloading 0 Unused Serialized files (Serialized files now loaded: 0)
Unloading 0 unused Assets / (0 B). Loaded Objects now: 7762.
Memory consumption went from 245.9 MB to 245.9 MB.
Total: 11.010500 ms (FindLiveObjects: 1.219700 ms CreateObjectMapping: 0.886800 ms MarkObjects: 8.880600 ms  DeleteObjects: 0.020700 ms)

[PhysX] Initialized MultithreadedTaskDispatcher with 16 workers.
Unloading 1 Unused Serialized files (Serialized files now loaded: 0)
Unloading 167 unused Assets / (132.5 MB). Loaded Objects now: 7762.
Memory consumption went from 328.9 MB to 196.5 MB.
Total: 33.593500 ms (FindLiveObjects: 0.749100 ms CreateObjectMapping: 0.949900 ms MarkObjects: 11.635700 ms  DeleteObjects: 20.256100 ms)

Compiling shader "Hidden/Universal Render Pipeline/Sampling" pass "BoxDownsample" (vp)
TcpProtobufSession - receive error
TcpProtobufClient - Transport error errorcode: 2, details: 系统找不到指定的文件。

    Full variant space:         1
    After settings filtering:   1
    After built-in stripping:   1
    After scriptable stripping: 1
    Processed in 5.98 seconds
    starting compilation...
    finished in 0.00 seconds. Local cache hits 1 (0.00s CPU time), remote cache hits 0 (0.00s CPU time), compiled 0 variants (0.00s CPU time), skipped 0 variants
    Prepared data for serialisation in 0.00s
Serialized binary data for shader Hidden/Universal Render Pipeline/Sampling in 0.00s
    gles3 (total internal programs: 1, unique: 1)
Compiling shader "Hidden/Universal Render Pipeline/Stop NaN" pass "Stop NaN" (vp)
    Full variant space:         1
    After settings filtering:   1
    After built-in stripping:   1
    After scriptable stripping: 1
    Processed in 0.00 seconds
    starting compilation...
    finished in 0.00 seconds. Local cache hits 1 (0.00s CPU time), remote cache hits 0 (0.00s CPU time), compiled 0 variants (0.00s CPU time), skipped 0 variants
    Prepared data for serialisation in 0.00s
Serialized binary data for shader Hidden/Universal Render Pipeline/Stop NaN in 0.00s
    gles3 (total internal programs: 1, unique: 1)
Compiling shader "Hidden/Universal Render Pipeline/TemporalAA" pass "TemporalAA - Accumulate - Quality Very Low" (vp)
    Full variant space:         2
    After settings filtering:   2
    After built-in stripping:   2
    After scriptable stripping: 2
    Processed in 0.00 seconds
    starting compilation...
    finished in 0.00 seconds. Local cache hits 2 (0.00s CPU time), remote cache hits 0 (0.00s CPU time), compiled 0 variants (0.00s CPU time), skipped 0 variants
    Prepared data for serialisation in 0.00s
Compiling shader "Hidden/Universal Render Pipeline/TemporalAA" pass "TemporalAA - Accumulate - Quality Low" (vp)
    Full variant space:         2
    After settings filtering:   2
    After built-in stripping:   2
    After scriptable stripping: 2
    Processed in 0.00 seconds
    starting compilation...
    finished in 0.00 seconds. Local cache hits 2 (0.00s CPU time), remote cache hits 0 (0.00s CPU time), compiled 0 variants (0.00s CPU time), skipped 0 variants
    Prepared data for serialisation in 0.00s
Compiling shader "Hidden/Universal Render Pipeline/TemporalAA" pass "TemporalAA - Accumulate - Quality Medium" (vp)
    Full variant space:         2
    After settings filtering:   2
    After built-in stripping:   2
    After scriptable stripping: 2
    Processed in 0.00 seconds
    starting compilation...
    finished in 0.00 seconds. Local cache hits 2 (0.00s CPU time), remote cache hits 0 (0.00s CPU time), compiled 0 variants (0.00s CPU time), skipped 0 variants
    Prepared data for serialisation in 0.00s
Compiling shader "Hidden/Universal Render Pipeline/TemporalAA" pass "TemporalAA - Accumulate - Quality High" (vp)
    Full variant space:         2
    After settings filtering:   2
    After built-in stripping:   2
    After scriptable stripping: 2
    Processed in 0.00 seconds
    starting compilation...
    finished in 0.00 seconds. Local cache hits 2 (0.00s CPU time), remote cache hits 0 (0.00s CPU time), compiled 0 variants (0.00s CPU time), skipped 0 variants
    Prepared data for serialisation in 0.00s
Compiling shader "Hidden/Universal Render Pipeline/TemporalAA" pass "TemporalAA - Accumulate - Quality Very High" (vp)
    Full variant space:         4
    After settings filtering:   4
    After built-in stripping:   4
    After scriptable stripping: 4
    Processed in 0.00 seconds
    starting compilation...
    finished in 0.00 seconds. Local cache hits 4 (0.00s CPU time), remote cache hits 0 (0.00s CPU time), compiled 0 variants (0.00s CPU time), skipped 0 variants
    Prepared data for serialisation in 0.00s
Compiling shader "Hidden/Universal Render Pipeline/TemporalAA" pass "TemporalAA - Copy History" (vp)
    Full variant space:         2
    After settings filtering:   2
    After built-in stripping:   2
    After scriptable stripping: 2
    Processed in 0.00 seconds
    starting compilation...
    finished in 0.00 seconds. Local cache hits 2 (0.00s CPU time), remote cache hits 0 (0.00s CPU time), compiled 0 variants (0.00s CPU time), skipped 0 variants
    Prepared data for serialisation in 0.00s
Serialized binary data for shader Hidden/Universal Render Pipeline/TemporalAA in 0.00s
    gles3 (total internal programs: 14, unique: 14)
Compiling shader "Hidden/Universal Render Pipeline/CameraMotionBlur" pass "Camera Motion Blur - Low Quality" (vp)
    Full variant space:         1
    After settings filtering:   1
    After built-in stripping:   1
    After scriptable stripping: 1
    Processed in 0.00 seconds
    starting compilation...
    finished in 0.00 seconds. Local cache hits 1 (0.00s CPU time), remote cache hits 0 (0.00s CPU time), compiled 0 variants (0.00s CPU time), skipped 0 variants
    Prepared data for serialisation in 0.00s
Compiling shader "Hidden/Universal Render Pipeline/CameraMotionBlur" pass "Camera Motion Blur - Medium Quality" (vp)
    Full variant space:         1
    After settings filtering:   1
    After built-in stripping:   1
    After scriptable stripping: 1
    Processed in 0.00 seconds
    starting compilation...
    finished in 0.00 seconds. Local cache hits 1 (0.00s CPU time), remote cache hits 0 (0.00s CPU time), compiled 0 variants (0.00s CPU time), skipped 0 variants
    Prepared data for serialisation in 0.00s
Compiling shader "Hidden/Universal Render Pipeline/CameraMotionBlur" pass "Camera Motion Blur - High Quality" (vp)
    Full variant space:         1
    After settings filtering:   1
    After built-in stripping:   1
    After scriptable stripping: 1
    Processed in 0.00 seconds
    starting compilation...
    finished in 0.00 seconds. Local cache hits 1 (0.00s CPU time), remote cache hits 0 (0.00s CPU time), compiled 0 variants (0.00s CPU time), skipped 0 variants
    Prepared data for serialisation in 0.00s
Serialized binary data for shader Hidden/Universal Render Pipeline/CameraMotionBlur in 0.00s
    gles3 (total internal programs: 3, unique: 3)
Compiling shader "Hidden/TerrainEngine/Details/UniversalPipeline/BillboardWavingDoublePass" pass "" (vp)
    Full variant space:         61440
    After settings filtering:   768
    After built-in stripping:   6
    After scriptable stripping: 5
    Processed in 0.00 seconds
    starting compilation...
    finished in 0.00 seconds. Local cache hits 5 (0.00s CPU time), remote cache hits 0 (0.00s CPU time), compiled 0 variants (0.00s CPU time), skipped 0 variants
    Prepared data for serialisation in 0.00s
Compiling shader "Hidden/TerrainEngine/Details/UniversalPipeline/BillboardWavingDoublePass" pass "DepthOnly" (vp)
    Full variant space:         2
    After settings filtering:   2
    After built-in stripping:   1
    After scriptable stripping: 1
    Processed in 0.00 seconds
    starting compilation...
    finished in 0.00 seconds. Local cache hits 1 (0.00s CPU time), remote cache hits 0 (0.00s CPU time), compiled 0 variants (0.00s CPU time), skipped 0 variants
    Prepared data for serialisation in 0.00s
Compiling shader "Hidden/TerrainEngine/Details/UniversalPipeline/BillboardWavingDoublePass" pass "DepthNormals" (vp)
    Full variant space:         2
    After settings filtering:   2
    After built-in stripping:   1
    After scriptable stripping: 1
    Processed in 0.00 seconds
    starting compilation...
    finished in 0.00 seconds. Local cache hits 1 (0.00s CPU time), remote cache hits 0 (0.00s CPU time), compiled 0 variants (0.00s CPU time), skipped 0 variants
    Prepared data for serialisation in 0.00s
Serialized binary data for shader Hidden/TerrainEngine/Details/UniversalPipeline/BillboardWavingDoublePass in 0.00s
    gles3 (total internal programs: 7, unique: 7)
Compiling shader "Hidden/Universal Render Pipeline/BokehDepthOfField" pass "Bokeh Depth Of Field CoC" (vp)
    Full variant space:         2
    After settings filtering:   1
    After built-in stripping:   1
    After scriptable stripping: 1
    Processed in 0.00 seconds
    starting compilation...
    finished in 0.00 seconds. Local cache hits 1 (0.00s CPU time), remote cache hits 0 (0.00s CPU time), compiled 0 variants (0.00s CPU time), skipped 0 variants
    Prepared data for serialisation in 0.00s
Compiling shader "Hidden/Universal Render Pipeline/BokehDepthOfField" pass "Bokeh Depth Of Field Prefilter" (vp)
    Full variant space:         2
    After settings filtering:   1
    After built-in stripping:   1
    After scriptable stripping: 1
    Processed in 0.00 seconds
    starting compilation...
    finished in 0.00 seconds. Local cache hits 1 (0.00s CPU time), remote cache hits 0 (0.00s CPU time), compiled 0 variants (0.00s CPU time), skipped 0 variants
    Prepared data for serialisation in 0.00s
Compiling shader "Hidden/Universal Render Pipeline/BokehDepthOfField" pass "Bokeh Depth Of Field Blur" (vp)
    Full variant space:         2
    After settings filtering:   1
    After built-in stripping:   1
    After scriptable stripping: 1
    Processed in 0.00 seconds
    starting compilation...
    finished in 0.00 seconds. Local cache hits 1 (0.00s CPU time), remote cache hits 0 (0.00s CPU time), compiled 0 variants (0.00s CPU time), skipped 0 variants
    Prepared data for serialisation in 0.00s
Compiling shader "Hidden/Universal Render Pipeline/BokehDepthOfField" pass "Bokeh Depth Of Field Post Blur" (vp)
    Full variant space:         2
    After settings filtering:   1
    After built-in stripping:   1
    After scriptable stripping: 1
    Processed in 0.00 seconds
    starting compilation...
    finished in 0.00 seconds. Local cache hits 1 (0.00s CPU time), remote cache hits 0 (0.00s CPU time), compiled 0 variants (0.00s CPU time), skipped 0 variants
    Prepared data for serialisation in 0.00s
Compiling shader "Hidden/Universal Render Pipeline/BokehDepthOfField" pass "Bokeh Depth Of Field Composite" (vp)
    Full variant space:         2
    After settings filtering:   1
    After built-in stripping:   1
    After scriptable stripping: 1
    Processed in 0.00 seconds
    starting compilation...
    finished in 0.00 seconds. Local cache hits 1 (0.00s CPU time), remote cache hits 0 (0.00s CPU time), compiled 0 variants (0.00s CPU time), skipped 0 variants
    Prepared data for serialisation in 0.00s
Compiling shader "Hidden/Universal Render Pipeline/BokehDepthOfField" pass "Bokeh Depth Of Field CoC" (vp)
    Full variant space:         2
    After settings filtering:   1
    After built-in stripping:   1
    After scriptable stripping: 1
    Processed in 0.00 seconds
    starting compilation...
    finished in 0.00 seconds. Local cache hits 1 (0.00s CPU time), remote cache hits 0 (0.00s CPU time), compiled 0 variants (0.00s CPU time), skipped 0 variants
    Prepared data for serialisation in 0.00s
Compiling shader "Hidden/Universal Render Pipeline/BokehDepthOfField" pass "Bokeh Depth Of Field Prefilter" (vp)
    Full variant space:         2
    After settings filtering:   1
    After built-in stripping:   1
    After scriptable stripping: 1
    Processed in 0.00 seconds
    starting compilation...
    finished in 0.00 seconds. Local cache hits 1 (0.00s CPU time), remote cache hits 0 (0.00s CPU time), compiled 0 variants (0.00s CPU time), skipped 0 variants
    Prepared data for serialisation in 0.00s
Compiling shader "Hidden/Universal Render Pipeline/BokehDepthOfField" pass "Bokeh Depth Of Field Blur" (vp)
    Full variant space:         2
    After settings filtering:   1
    After built-in stripping:   1
    After scriptable stripping: 1
    Processed in 0.00 seconds
    starting compilation...
    finished in 0.00 seconds. Local cache hits 1 (0.00s CPU time), remote cache hits 0 (0.00s CPU time), compiled 0 variants (0.00s CPU time), skipped 0 variants
    Prepared data for serialisation in 0.00s
Compiling shader "Hidden/Universal Render Pipeline/BokehDepthOfField" pass "Bokeh Depth Of Field Post Blur" (vp)
    Full variant space:         2
    After settings filtering:   1
    After built-in stripping:   1
    After scriptable stripping: 1
    Processed in 0.00 seconds
    starting compilation...
    finished in 0.00 seconds. Local cache hits 1 (0.00s CPU time), remote cache hits 0 (0.00s CPU time), compiled 0 variants (0.00s CPU time), skipped 0 variants
    Prepared data for serialisation in 0.00s
Compiling shader "Hidden/Universal Render Pipeline/BokehDepthOfField" pass "Bokeh Depth Of Field Composite" (vp)
    Full variant space:         2
    After settings filtering:   1
    After built-in stripping:   1
    After scriptable stripping: 1
    Processed in 0.00 seconds
    starting compilation...
    finished in 0.00 seconds. Local cache hits 1 (0.00s CPU time), remote cache hits 0 (0.00s CPU time), compiled 0 variants (0.00s CPU time), skipped 0 variants
    Prepared data for serialisation in 0.00s
Serialized binary data for shader Hidden/Universal Render Pipeline/BokehDepthOfField in 0.00s
    gles3 (total internal programs: 10, unique: 10)
Compiling shader "Hidden/Core/FallbackError" pass "" (vp)
    Full variant space:         4
    After settings filtering:   4
    After built-in stripping:   1
    After scriptable stripping: 1
    Processed in 0.00 seconds
    starting compilation...
    finished in 0.00 seconds. Local cache hits 1 (0.00s CPU time), remote cache hits 0 (0.00s CPU time), compiled 0 variants (0.00s CPU time), skipped 0 variants
    Prepared data for serialisation in 0.00s
Serialized binary data for shader Hidden/Core/FallbackError in 0.00s
    gles3 (total internal programs: 1, unique: 1)
Compiling shader "Hidden/Universal Render Pipeline/XR/XROcclusionMesh" pass "" (vp)
    Full variant space:         2
    After settings filtering:   1
    After built-in stripping:   1
    After scriptable stripping: 1
    Processed in 0.00 seconds
    starting compilation...
    finished in 0.00 seconds. Local cache hits 1 (0.00s CPU time), remote cache hits 0 (0.00s CPU time), compiled 0 variants (0.00s CPU time), skipped 0 variants
    Prepared data for serialisation in 0.00s
Serialized binary data for shader Hidden/Universal Render Pipeline/XR/XROcclusionMesh in 0.00s
    gles3 (total internal programs: 1, unique: 1)
Compiling shader "Hidden/Universal Render Pipeline/Edge Adaptive Spatial Upsampling" pass "EASU" (vp)
    Full variant space:         1
    After settings filtering:   1
    After built-in stripping:   1
    After scriptable stripping: 1
    Processed in 0.00 seconds
    starting compilation...
    finished in 0.00 seconds. Local cache hits 1 (0.00s CPU time), remote cache hits 0 (0.00s CPU time), compiled 0 variants (0.00s CPU time), skipped 0 variants
    Prepared data for serialisation in 0.00s
Serialized binary data for shader Hidden/Universal Render Pipeline/Edge Adaptive Spatial Upsampling in 0.00s
    gles3 (total internal programs: 1, unique: 1)
Compiling shader "Hidden/Universal/HDRDebugView" pass "" (vp)
    Full variant space:         4
    After settings filtering:   1
    After built-in stripping:   1
    After scriptable stripping: 1
    Processed in 0.00 seconds
    starting compilation...
    finished in 0.00 seconds. Local cache hits 1 (0.00s CPU time), remote cache hits 0 (0.00s CPU time), compiled 0 variants (0.00s CPU time), skipped 0 variants
    Prepared data for serialisation in 0.00s
Compiling shader "Hidden/Universal/HDRDebugView" pass "" (vp)
    Full variant space:         4
    After settings filtering:   1
    After built-in stripping:   1
    After scriptable stripping: 1
    Processed in 0.00 seconds
    starting compilation...
    finished in 0.00 seconds. Local cache hits 1 (0.00s CPU time), remote cache hits 0 (0.00s CPU time), compiled 0 variants (0.00s CPU time), skipped 0 variants
    Prepared data for serialisation in 0.00s
Serialized binary data for shader Hidden/Universal/HDRDebugView in 0.00s
    gles3 (total internal programs: 2, unique: 2)
Compiling shader "Hidden/Universal Render Pipeline/GaussianDepthOfField" pass "Gaussian Depth Of Field CoC" (vp)
    Full variant space:         1
    After settings filtering:   1
    After built-in stripping:   1
    After scriptable stripping: 1
    Processed in 0.00 seconds
    starting compilation...
    finished in 0.00 seconds. Local cache hits 1 (0.00s CPU time), remote cache hits 0 (0.00s CPU time), compiled 0 variants (0.00s CPU time), skipped 0 variants
    Prepared data for serialisation in 0.00s
Compiling shader "Hidden/Universal Render Pipeline/GaussianDepthOfField" pass "Gaussian Depth Of Field Prefilter" (vp)
    Full variant space:         2
    After settings filtering:   2
    After built-in stripping:   2
    After scriptable stripping: 2
    Processed in 0.00 seconds
    starting compilation...
    finished in 0.00 seconds. Local cache hits 2 (0.00s CPU time), remote cache hits 0 (0.00s CPU time), compiled 0 variants (0.00s CPU time), skipped 0 variants
    Prepared data for serialisation in 0.00s
Compiling shader "Hidden/Universal Render Pipeline/GaussianDepthOfField" pass "Gaussian Depth Of Field Blur Horizontal" (vp)
    Full variant space:         1
    After settings filtering:   1
    After built-in stripping:   1
    After scriptable stripping: 1
    Processed in 0.00 seconds
    starting compilation...
    finished in 0.00 seconds. Local cache hits 1 (0.00s CPU time), remote cache hits 0 (0.00s CPU time), compiled 0 variants (0.00s CPU time), skipped 0 variants
    Prepared data for serialisation in 0.00s
Compiling shader "Hidden/Universal Render Pipeline/GaussianDepthOfField" pass "Gaussian Depth Of Field Blur Vertical" (vp)
    Full variant space:         1
    After settings filtering:   1
    After built-in stripping:   1
    After scriptable stripping: 1
    Processed in 0.00 seconds
    starting compilation...
    finished in 0.00 seconds. Local cache hits 1 (0.00s CPU time), remote cache hits 0 (0.00s CPU time), compiled 0 variants (0.00s CPU time), skipped 0 variants
    Prepared data for serialisation in 0.00s
Compiling shader "Hidden/Universal Render Pipeline/GaussianDepthOfField" pass "Gaussian Depth Of Field Composite" (vp)
    Full variant space:         2
    After settings filtering:   2
    After built-in stripping:   2
    After scriptable stripping: 2
    Processed in 0.00 seconds
    starting compilation...
    finished in 0.00 seconds. Local cache hits 2 (0.00s CPU time), remote cache hits 0 (0.00s CPU time), compiled 0 variants (0.00s CPU time), skipped 0 variants
    Prepared data for serialisation in 0.00s
Serialized binary data for shader Hidden/Universal Render Pipeline/GaussianDepthOfField in 0.00s
    gles3 (total internal programs: 7, unique: 7)
Compiling shader "Hidden/Universal Render Pipeline/Bloom" pass "Bloom Prefilter" (vp)
    Full variant space:         4
    After settings filtering:   4
    After built-in stripping:   4
    After scriptable stripping: 4
    Processed in 0.00 seconds
    starting compilation...
    finished in 0.00 seconds. Local cache hits 4 (0.00s CPU time), remote cache hits 0 (0.00s CPU time), compiled 0 variants (0.00s CPU time), skipped 0 variants
    Prepared data for serialisation in 0.00s
Compiling shader "Hidden/Universal Render Pipeline/Bloom" pass "Bloom Blur Horizontal" (vp)
    Full variant space:         2
    After settings filtering:   2
    After built-in stripping:   2
    After scriptable stripping: 2
    Processed in 0.00 seconds
    starting compilation...
    finished in 0.00 seconds. Local cache hits 2 (0.00s CPU time), remote cache hits 0 (0.00s CPU time), compiled 0 variants (0.00s CPU time), skipped 0 variants
    Prepared data for serialisation in 0.00s
Compiling shader "Hidden/Universal Render Pipeline/Bloom" pass "Bloom Blur Vertical" (vp)
    Full variant space:         2
    After settings filtering:   2
    After built-in stripping:   2
    After scriptable stripping: 2
    Processed in 0.00 seconds
    starting compilation...
    finished in 0.00 seconds. Local cache hits 2 (0.00s CPU time), remote cache hits 0 (0.00s CPU time), compiled 0 variants (0.00s CPU time), skipped 0 variants
    Prepared data for serialisation in 0.00s
Compiling shader "Hidden/Universal Render Pipeline/Bloom" pass "Bloom Upsample" (vp)
    Full variant space:         4
    After settings filtering:   4
    After built-in stripping:   4
    After scriptable stripping: 4
    Processed in 0.00 seconds
    starting compilation...
    finished in 0.00 seconds. Local cache hits 4 (0.00s CPU time), remote cache hits 0 (0.00s CPU time), compiled 0 variants (0.00s CPU time), skipped 0 variants
    Prepared data for serialisation in 0.00s
Serialized binary data for shader Hidden/Universal Render Pipeline/Bloom in 0.00s
    gles3 (total internal programs: 12, unique: 12)
Compiling shader "Hidden/Universal Render Pipeline/MaterialError" pass "" (vp)
    Full variant space:         6
    After settings filtering:   6
    After built-in stripping:   1
    After scriptable stripping: 1
    Processed in 0.00 seconds
    starting compilation...
    finished in 0.00 seconds. Local cache hits 1 (0.00s CPU time), remote cache hits 0 (0.00s CPU time), compiled 0 variants (0.00s CPU time), skipped 0 variants
    Prepared data for serialisation in 0.00s
Serialized binary data for shader Hidden/Universal Render Pipeline/MaterialError in 0.00s
    gles3 (total internal programs: 1, unique: 1)
Compiling shader "Hidden/Universal Render Pipeline/SubpixelMorphologicalAntialiasing" pass "" (vp)
    Full variant space:         3
    After settings filtering:   3
    After built-in stripping:   3
    After scriptable stripping: 3
    Processed in 0.00 seconds
    starting compilation...
    finished in 0.00 seconds. Local cache hits 3 (0.00s CPU time), remote cache hits 0 (0.00s CPU time), compiled 0 variants (0.00s CPU time), skipped 0 variants
    Prepared data for serialisation in 0.00s
Compiling shader "Hidden/Universal Render Pipeline/SubpixelMorphologicalAntialiasing" pass "" (vp)
    Full variant space:         3
    After settings filtering:   3
    After built-in stripping:   3
    After scriptable stripping: 3
    Processed in 0.00 seconds
    starting compilation...
    finished in 0.00 seconds. Local cache hits 3 (0.00s CPU time), remote cache hits 0 (0.00s CPU time), compiled 0 variants (0.00s CPU time), skipped 0 variants
    Prepared data for serialisation in 0.00s
Compiling shader "Hidden/Universal Render Pipeline/SubpixelMorphologicalAntialiasing" pass "" (vp)
    Full variant space:         3
    After settings filtering:   3
    After built-in stripping:   3
    After scriptable stripping: 3
    Processed in 0.00 seconds
    starting compilation...
    finished in 0.00 seconds. Local cache hits 3 (0.00s CPU time), remote cache hits 0 (0.00s CPU time), compiled 0 variants (0.00s CPU time), skipped 0 variants
    Prepared data for serialisation in 0.00s
Serialized binary data for shader Hidden/Universal Render Pipeline/SubpixelMorphologicalAntialiasing in 0.00s
    gles3 (total internal programs: 9, unique: 9)
Compiling shader "Hidden/Universal Render Pipeline/LutBuilderLdr" pass "LutBuilderLdr" (vp)
    Full variant space:         1
    After settings filtering:   1
    After built-in stripping:   1
    After scriptable stripping: 1
    Processed in 0.00 seconds
    starting compilation...
    finished in 0.00 seconds. Local cache hits 1 (0.00s CPU time), remote cache hits 0 (0.00s CPU time), compiled 0 variants (0.00s CPU time), skipped 0 variants
    Prepared data for serialisation in 0.00s
Serialized binary data for shader Hidden/Universal Render Pipeline/LutBuilderLdr in 0.00s
    gles3 (total internal programs: 1, unique: 1)
Compiling shader "Hidden/Universal Render Pipeline/LensFlareDataDriven" pass "LensFlareAdditive" (vp)
    Full variant space:         24
    After settings filtering:   24
    After built-in stripping:   24
    After scriptable stripping: 24
    Processed in 0.00 seconds
    starting compilation...
    finished in 0.00 seconds. Local cache hits 24 (0.02s CPU time), remote cache hits 0 (0.00s CPU time), compiled 0 variants (0.00s CPU time), skipped 0 variants
    Prepared data for serialisation in 0.00s
Compiling shader "Hidden/Universal Render Pipeline/LensFlareDataDriven" pass "LensFlareScreen" (vp)
    Full variant space:         24
    After settings filtering:   24
    After built-in stripping:   24
    After scriptable stripping: 24
    Processed in 0.00 seconds
    starting compilation...
    finished in 0.00 seconds. Local cache hits 24 (0.02s CPU time), remote cache hits 0 (0.00s CPU time), compiled 0 variants (0.00s CPU time), skipped 0 variants
    Prepared data for serialisation in 0.00s
Compiling shader "Hidden/Universal Render Pipeline/LensFlareDataDriven" pass "LensFlarePremultiply" (vp)
    Full variant space:         24
    After settings filtering:   24
    After built-in stripping:   24
    After scriptable stripping: 24
    Processed in 0.00 seconds
    starting compilation...
    finished in 0.00 seconds. Local cache hits 24 (0.02s CPU time), remote cache hits 0 (0.00s CPU time), compiled 0 variants (0.00s CPU time), skipped 0 variants
    Prepared data for serialisation in 0.00s
Compiling shader "Hidden/Universal Render Pipeline/LensFlareDataDriven" pass "LensFlareLerp" (vp)
    Full variant space:         24
    After settings filtering:   24
    After built-in stripping:   24
    After scriptable stripping: 24
    Processed in 0.00 seconds
    starting compilation...
    finished in 0.00 seconds. Local cache hits 24 (0.02s CPU time), remote cache hits 0 (0.00s CPU time), compiled 0 variants (0.00s CPU time), skipped 0 variants
    Prepared data for serialisation in 0.00s
Compiling shader "Hidden/Universal Render Pipeline/LensFlareDataDriven" pass "LensFlareOcclusion" (vp)
    Full variant space:         1
    After settings filtering:   1
    After built-in stripping:   1
    After scriptable stripping: 1
    Processed in 0.00 seconds
    starting compilation...
    finished in 0.00 seconds. Local cache hits 1 (0.00s CPU time), remote cache hits 0 (0.00s CPU time), compiled 0 variants (0.00s CPU time), skipped 0 variants
    Prepared data for serialisation in 0.00s
Serialized binary data for shader Hidden/Universal Render Pipeline/LensFlareDataDriven in 0.00s
    gles3 (total internal programs: 97, unique: 25)
Compiling shader "Hidden/Universal Render Pipeline/ObjectMotionVectors" pass "Object Motion Vectors" (vp)
    Full variant space:         4
    After settings filtering:   4
    After built-in stripping:   1
    After scriptable stripping: 1
    Processed in 0.00 seconds
    starting compilation...
    finished in 0.00 seconds. Local cache hits 1 (0.00s CPU time), remote cache hits 0 (0.00s CPU time), compiled 0 variants (0.00s CPU time), skipped 0 variants
    Prepared data for serialisation in 0.00s
Serialized binary data for shader Hidden/Universal Render Pipeline/ObjectMotionVectors in 0.00s
    gles3 (total internal programs: 1, unique: 1)
Compiling shader "Hidden/Universal Render Pipeline/FallbackLoading" pass "" (vp)
    Full variant space:         6
    After settings filtering:   6
    After built-in stripping:   1
    After scriptable stripping: 1
    Processed in 0.00 seconds
    starting compilation...
    finished in 0.00 seconds. Local cache hits 1 (0.00s CPU time), remote cache hits 0 (0.00s CPU time), compiled 0 variants (0.00s CPU time), skipped 0 variants
    Prepared data for serialisation in 0.00s
Serialized binary data for shader Hidden/Universal Render Pipeline/FallbackLoading in 0.00s
    gles3 (total internal programs: 1, unique: 1)
Compiling shader "UI/Default" pass "Default" (vp)
    Full variant space:         2
    After settings filtering:   2
    After built-in stripping:   2
    After scriptable stripping: 2
    Processed in 0.00 seconds
    starting compilation...
    finished in 0.00 seconds. Local cache hits 2 (0.00s CPU time), remote cache hits 0 (0.00s CPU time), compiled 0 variants (0.00s CPU time), skipped 0 variants
    Prepared data for serialisation in 0.00s
Serialized binary data for shader UI/Default in 0.00s
    gles3 (total internal programs: 2, unique: 2)
Compiling shader "Hidden/Universal/CoreBlit" pass "" (vp)
    Full variant space:         4
    After settings filtering:   2
    After built-in stripping:   2
    After scriptable stripping: 2
    Processed in 0.00 seconds
    starting compilation...
    finished in 0.00 seconds. Local cache hits 2 (0.00s CPU time), remote cache hits 0 (0.00s CPU time), compiled 0 variants (0.00s CPU time), skipped 0 variants
    Prepared data for serialisation in 0.00s
Compiling shader "Hidden/Universal/CoreBlit" pass "" (vp)
    Full variant space:         4
    After settings filtering:   2
    After built-in stripping:   2
    After scriptable stripping: 2
    Processed in 0.00 seconds
    starting compilation...
    finished in 0.00 seconds. Local cache hits 2 (0.00s CPU time), remote cache hits 0 (0.00s CPU time), compiled 0 variants (0.00s CPU time), skipped 0 variants
    Prepared data for serialisation in 0.00s
Compiling shader "Hidden/Universal/CoreBlit" pass "" (vp)
    Full variant space:         4
    After settings filtering:   2
    After built-in stripping:   2
    After scriptable stripping: 2
    Processed in 0.00 seconds
    starting compilation...
    finished in 0.00 seconds. Local cache hits 2 (0.00s CPU time), remote cache hits 0 (0.00s CPU time), compiled 0 variants (0.00s CPU time), skipped 0 variants
    Prepared data for serialisation in 0.00s
Compiling shader "Hidden/Universal/CoreBlit" pass "" (vp)
    Full variant space:         4
    After settings filtering:   2
    After built-in stripping:   2
    After scriptable stripping: 2
    Processed in 0.00 seconds
    starting compilation...
    finished in 0.00 seconds. Local cache hits 2 (0.00s CPU time), remote cache hits 0 (0.00s CPU time), compiled 0 variants (0.00s CPU time), skipped 0 variants
    Prepared data for serialisation in 0.00s
Compiling shader "Hidden/Universal/CoreBlit" pass "" (vp)
    Full variant space:         4
    After settings filtering:   2
    After built-in stripping:   2
    After scriptable stripping: 2
    Processed in 0.00 seconds
    starting compilation...
    finished in 0.00 seconds. Local cache hits 2 (0.00s CPU time), remote cache hits 0 (0.00s CPU time), compiled 0 variants (0.00s CPU time), skipped 0 variants
    Prepared data for serialisation in 0.00s
Compiling shader "Hidden/Universal/CoreBlit" pass "" (vp)
    Full variant space:         4
    After settings filtering:   2
    After built-in stripping:   2
    After scriptable stripping: 2
    Processed in 0.00 seconds
    starting compilation...
    finished in 0.00 seconds. Local cache hits 2 (0.00s CPU time), remote cache hits 0 (0.00s CPU time), compiled 0 variants (0.00s CPU time), skipped 0 variants
    Prepared data for serialisation in 0.00s
Compiling shader "Hidden/Universal/CoreBlit" pass "" (vp)
    Full variant space:         4
    After settings filtering:   2
    After built-in stripping:   2
    After scriptable stripping: 2
    Processed in 0.00 seconds
    starting compilation...
    finished in 0.00 seconds. Local cache hits 2 (0.00s CPU time), remote cache hits 0 (0.00s CPU time), compiled 0 variants (0.00s CPU time), skipped 0 variants
    Prepared data for serialisation in 0.00s
Compiling shader "Hidden/Universal/CoreBlit" pass "" (vp)
    Full variant space:         4
    After settings filtering:   2
    After built-in stripping:   2
    After scriptable stripping: 2
    Processed in 0.00 seconds
    starting compilation...
    finished in 0.00 seconds. Local cache hits 2 (0.00s CPU time), remote cache hits 0 (0.00s CPU time), compiled 0 variants (0.00s CPU time), skipped 0 variants
    Prepared data for serialisation in 0.00s
Compiling shader "Hidden/Universal/CoreBlit" pass "" (vp)
    Full variant space:         4
    After settings filtering:   2
    After built-in stripping:   2
    After scriptable stripping: 2
    Processed in 0.00 seconds
    starting compilation...
    finished in 0.00 seconds. Local cache hits 2 (0.00s CPU time), remote cache hits 0 (0.00s CPU time), compiled 0 variants (0.00s CPU time), skipped 0 variants
    Prepared data for serialisation in 0.00s
Compiling shader "Hidden/Universal/CoreBlit" pass "" (vp)
    Full variant space:         4
    After settings filtering:   2
    After built-in stripping:   2
    After scriptable stripping: 2
    Processed in 0.00 seconds
    starting compilation...
    finished in 0.00 seconds. Local cache hits 2 (0.00s CPU time), remote cache hits 0 (0.00s CPU time), compiled 0 variants (0.00s CPU time), skipped 0 variants
    Prepared data for serialisation in 0.00s
Compiling shader "Hidden/Universal/CoreBlit" pass "" (vp)
    Full variant space:         4
    After settings filtering:   2
    After built-in stripping:   2
    After scriptable stripping: 2
    Processed in 0.00 seconds
    starting compilation...
    finished in 0.00 seconds. Local cache hits 2 (0.00s CPU time), remote cache hits 0 (0.00s CPU time), compiled 0 variants (0.00s CPU time), skipped 0 variants
    Prepared data for serialisation in 0.00s
Compiling shader "Hidden/Universal/CoreBlit" pass "" (vp)
    Full variant space:         4
    After settings filtering:   2
    After built-in stripping:   2
    After scriptable stripping: 2
    Processed in 0.00 seconds
    starting compilation...
    finished in 0.00 seconds. Local cache hits 2 (0.00s CPU time), remote cache hits 0 (0.00s CPU time), compiled 0 variants (0.00s CPU time), skipped 0 variants
    Prepared data for serialisation in 0.00s
Compiling shader "Hidden/Universal/CoreBlit" pass "" (vp)
    Full variant space:         4
    After settings filtering:   2
    After built-in stripping:   2
    After scriptable stripping: 2
    Processed in 0.00 seconds
    starting compilation...
    finished in 0.00 seconds. Local cache hits 2 (0.00s CPU time), remote cache hits 0 (0.00s CPU time), compiled 0 variants (0.00s CPU time), skipped 0 variants
    Prepared data for serialisation in 0.00s
Compiling shader "Hidden/Universal/CoreBlit" pass "" (vp)
    Full variant space:         4
    After settings filtering:   2
    After built-in stripping:   2
    After scriptable stripping: 2
    Processed in 0.00 seconds
    starting compilation...
    finished in 0.00 seconds. Local cache hits 2 (0.00s CPU time), remote cache hits 0 (0.00s CPU time), compiled 0 variants (0.00s CPU time), skipped 0 variants
    Prepared data for serialisation in 0.00s
Compiling shader "Hidden/Universal/CoreBlit" pass "" (vp)
    Full variant space:         4
    After settings filtering:   2
    After built-in stripping:   2
    After scriptable stripping: 2
    Processed in 0.00 seconds
    starting compilation...
    finished in 0.00 seconds. Local cache hits 2 (0.00s CPU time), remote cache hits 0 (0.00s CPU time), compiled 0 variants (0.00s CPU time), skipped 0 variants
    Prepared data for serialisation in 0.00s
Compiling shader "Hidden/Universal/CoreBlit" pass "" (vp)
    Full variant space:         4
    After settings filtering:   2
    After built-in stripping:   2
    After scriptable stripping: 2
    Processed in 0.00 seconds
    starting compilation...
    finished in 0.00 seconds. Local cache hits 2 (0.00s CPU time), remote cache hits 0 (0.00s CPU time), compiled 0 variants (0.00s CPU time), skipped 0 variants
    Prepared data for serialisation in 0.00s
Compiling shader "Hidden/Universal/CoreBlit" pass "" (vp)
    Full variant space:         4
    After settings filtering:   2
    After built-in stripping:   2
    After scriptable stripping: 2
    Processed in 0.00 seconds
    starting compilation...
    finished in 0.00 seconds. Local cache hits 2 (0.00s CPU time), remote cache hits 0 (0.00s CPU time), compiled 0 variants (0.00s CPU time), skipped 0 variants
    Prepared data for serialisation in 0.00s
Compiling shader "Hidden/Universal/CoreBlit" pass "" (vp)
    Full variant space:         4
    After settings filtering:   2
    After built-in stripping:   2
    After scriptable stripping: 2
    Processed in 0.00 seconds
    starting compilation...
    finished in 0.00 seconds. Local cache hits 2 (0.00s CPU time), remote cache hits 0 (0.00s CPU time), compiled 0 variants (0.00s CPU time), skipped 0 variants
    Prepared data for serialisation in 0.00s
Compiling shader "Hidden/Universal/CoreBlit" pass "" (vp)
    Full variant space:         4
    After settings filtering:   2
    After built-in stripping:   2
    After scriptable stripping: 2
    Processed in 0.00 seconds
    starting compilation...
    finished in 0.00 seconds. Local cache hits 2 (0.00s CPU time), remote cache hits 0 (0.00s CPU time), compiled 0 variants (0.00s CPU time), skipped 0 variants
    Prepared data for serialisation in 0.00s
Compiling shader "Hidden/Universal/CoreBlit" pass "" (vp)
    Full variant space:         4
    After settings filtering:   2
    After built-in stripping:   2
    After scriptable stripping: 2
    Processed in 0.00 seconds
    starting compilation...
    finished in 0.00 seconds. Local cache hits 2 (0.00s CPU time), remote cache hits 0 (0.00s CPU time), compiled 0 variants (0.00s CPU time), skipped 0 variants
    Prepared data for serialisation in 0.00s
Compiling shader "Hidden/Universal/CoreBlit" pass "" (vp)
    Full variant space:         4
    After settings filtering:   2
    After built-in stripping:   2
    After scriptable stripping: 2
    Processed in 0.00 seconds
    starting compilation...
    finished in 0.00 seconds. Local cache hits 2 (0.00s CPU time), remote cache hits 0 (0.00s CPU time), compiled 0 variants (0.00s CPU time), skipped 0 variants
    Prepared data for serialisation in 0.00s
Compiling shader "Hidden/Universal/CoreBlit" pass "" (vp)
    Full variant space:         8
    After settings filtering:   4
    After built-in stripping:   4
    After scriptable stripping: 4
    Processed in 0.00 seconds
    starting compilation...
    finished in 0.00 seconds. Local cache hits 4 (0.00s CPU time), remote cache hits 0 (0.00s CPU time), compiled 0 variants (0.00s CPU time), skipped 0 variants
    Prepared data for serialisation in 0.00s
Compiling shader "Hidden/Universal/CoreBlit" pass "" (vp)
    Full variant space:         8
    After settings filtering:   4
    After built-in stripping:   4
    After scriptable stripping: 4
    Processed in 0.00 seconds
    starting compilation...
    finished in 0.00 seconds. Local cache hits 4 (0.00s CPU time), remote cache hits 0 (0.00s CPU time), compiled 0 variants (0.00s CPU time), skipped 0 variants
    Prepared data for serialisation in 0.00s
Compiling shader "Hidden/Universal/CoreBlit" pass "BilinearDebugDraw" (vp)
    Full variant space:         16
    After settings filtering:   4
    After built-in stripping:   4
    After scriptable stripping: 4
    Processed in 0.00 seconds
    starting compilation...
    finished in 0.00 seconds. Local cache hits 4 (0.00s CPU time), remote cache hits 0 (0.00s CPU time), compiled 0 variants (0.00s CPU time), skipped 0 variants
    Prepared data for serialisation in 0.00s
Compiling shader "Hidden/Universal/CoreBlit" pass "NearestDebugDraw" (vp)
    Full variant space:         16
    After settings filtering:   4
    After built-in stripping:   4
    After scriptable stripping: 4
    Processed in 0.00 seconds
    starting compilation...
    finished in 0.00 seconds. Local cache hits 4 (0.00s CPU time), remote cache hits 0 (0.00s CPU time), compiled 0 variants (0.00s CPU time), skipped 0 variants
    Prepared data for serialisation in 0.00s
Serialized binary data for shader Hidden/Universal/CoreBlit in 0.00s
    gles3 (total internal programs: 58, unique: 28)
Compiling shader "Hidden/Universal Render Pipeline/PaniniProjection" pass "Panini Projection" (vp)
    Full variant space:         2
    After settings filtering:   2
    After built-in stripping:   2
    After scriptable stripping: 2
    Processed in 0.00 seconds
    starting compilation...
    finished in 0.00 seconds. Local cache hits 2 (0.00s CPU time), remote cache hits 0 (0.00s CPU time), compiled 0 variants (0.00s CPU time), skipped 0 variants
    Prepared data for serialisation in 0.00s
Serialized binary data for shader Hidden/Universal Render Pipeline/PaniniProjection in 0.00s
    gles3 (total internal programs: 2, unique: 2)
Compiling shader "Hidden/Universal/BlitHDROverlay" pass "BilinearDebugDraw" (vp)
    Full variant space:         32
    After settings filtering:   2
    After built-in stripping:   2
    After scriptable stripping: 0
    Processed in 0.00 seconds
    Prepared data for serialisation in 0.00s
Compiling shader "Hidden/Universal/BlitHDROverlay" pass "NearestDebugDraw" (vp)
    Full variant space:         32
    After settings filtering:   2
    After built-in stripping:   2
    After scriptable stripping: 0
    Processed in 0.00 seconds
    Prepared data for serialisation in 0.00s
Serialized binary data for shader Hidden/Universal/BlitHDROverlay in 0.00s
    gles3 (total internal programs: 0, unique: 0)
Compiling shader "Hidden/Universal Render Pipeline/Blit" pass "Blit" (vp)
    Full variant space:         4
    After settings filtering:   2
    After built-in stripping:   2
    After scriptable stripping: 2
    Processed in 0.00 seconds
    starting compilation...
    finished in 0.00 seconds. Local cache hits 2 (0.00s CPU time), remote cache hits 0 (0.00s CPU time), compiled 0 variants (0.00s CPU time), skipped 0 variants
    Prepared data for serialisation in 0.00s
Serialized binary data for shader Hidden/Universal Render Pipeline/Blit in 0.00s
    gles3 (total internal programs: 2, unique: 2)
Compiling shader "Hidden/Universal Render Pipeline/FinalPost" pass "FinalPost" (vp)
    Full variant space:         1280
    After settings filtering:   64
    After built-in stripping:   64
    After scriptable stripping: 48
    Processed in 0.00 seconds
    starting compilation...
    finished in 0.00 seconds. Local cache hits 48 (0.03s CPU time), remote cache hits 0 (0.00s CPU time), compiled 0 variants (0.00s CPU time), skipped 0 variants
    Prepared data for serialisation in 0.00s
Compiling shader "Hidden/Universal Render Pipeline/FinalPost" pass "FinalPost" (vp)
    Full variant space:         1280
    After settings filtering:   64
    After built-in stripping:   64
    After scriptable stripping: 48
    Processed in 0.00 seconds
    starting compilation...
    finished in 0.00 seconds. Local cache hits 48 (0.03s CPU time), remote cache hits 0 (0.00s CPU time), compiled 0 variants (0.00s CPU time), skipped 0 variants
    Prepared data for serialisation in 0.00s
Serialized binary data for shader Hidden/Universal Render Pipeline/FinalPost in 0.00s
    gles3 (total internal programs: 96, unique: 96)
Compiling shader "Hidden/Universal Render Pipeline/CameraMotionVectors" pass "Camera Motion Vectors" (vp)
    Full variant space:         1
    After settings filtering:   1
    After built-in stripping:   1
    After scriptable stripping: 1
    Processed in 0.00 seconds
    starting compilation...
    finished in 0.00 seconds. Local cache hits 1 (0.00s CPU time), remote cache hits 0 (0.00s CPU time), compiled 0 variants (0.00s CPU time), skipped 0 variants
    Prepared data for serialisation in 0.00s
Serialized binary data for shader Hidden/Universal Render Pipeline/CameraMotionVectors in 0.00s
    gles3 (total internal programs: 1, unique: 1)
Compiling shader "Hidden/Universal Render Pipeline/Debug/DebugReplacement" pass "Vertex Attributes" (vp)
    Full variant space:         2
    After settings filtering:   2
    After built-in stripping:   1
    After scriptable stripping: 1
    Processed in 0.00 seconds
    starting compilation...
    finished in 0.00 seconds. Local cache hits 1 (0.00s CPU time), remote cache hits 0 (0.00s CPU time), compiled 0 variants (0.00s CPU time), skipped 0 variants
    Prepared data for serialisation in 0.00s
Serialized binary data for shader Hidden/Universal Render Pipeline/Debug/DebugReplacement in 0.00s
    gles3 (total internal programs: 1, unique: 1)
Compiling shader "Hidden/Universal/CoreBlitColorAndDepth" pass "" (vp)
    Full variant space:         4
    After settings filtering:   2
    After built-in stripping:   2
    After scriptable stripping: 2
    Processed in 0.00 seconds
    starting compilation...
    finished in 0.00 seconds. Local cache hits 2 (0.00s CPU time), remote cache hits 0 (0.00s CPU time), compiled 0 variants (0.00s CPU time), skipped 0 variants
    Prepared data for serialisation in 0.00s
Compiling shader "Hidden/Universal/CoreBlitColorAndDepth" pass "" (vp)
    Full variant space:         4
    After settings filtering:   2
    After built-in stripping:   2
    After scriptable stripping: 2
    Processed in 0.00 seconds
    starting compilation...
    finished in 0.00 seconds. Local cache hits 2 (0.00s CPU time), remote cache hits 0 (0.00s CPU time), compiled 0 variants (0.00s CPU time), skipped 0 variants
    Prepared data for serialisation in 0.00s
Serialized binary data for shader Hidden/Universal/CoreBlitColorAndDepth in 0.00s
    gles3 (total internal programs: 4, unique: 4)
Compiling shader "Hidden/Universal Render Pipeline/XR/XRMirrorView" pass "" (vp)
    Full variant space:         2
    After settings filtering:   1
    After built-in stripping:   1
    After scriptable stripping: 1
    Processed in 0.00 seconds
    starting compilation...
    finished in 0.00 seconds. Local cache hits 1 (0.00s CPU time), remote cache hits 0 (0.00s CPU time), compiled 0 variants (0.00s CPU time), skipped 0 variants
    Prepared data for serialisation in 0.00s
Compiling shader "Hidden/Universal Render Pipeline/XR/XRMirrorView" pass "" (vp)
    Full variant space:         2
    After settings filtering:   1
    After built-in stripping:   1
    After scriptable stripping: 1
    Processed in 0.00 seconds
    starting compilation...
    finished in 0.00 seconds. Local cache hits 1 (0.00s CPU time), remote cache hits 0 (0.00s CPU time), compiled 0 variants (0.00s CPU time), skipped 0 variants
    Prepared data for serialisation in 0.00s
Serialized binary data for shader Hidden/Universal Render Pipeline/XR/XRMirrorView in 0.00s
    gles3 (total internal programs: 2, unique: 2)
Compiling shader "Hidden/Universal Render Pipeline/CopyDepth" pass "CopyDepth" (vp)
    Full variant space:         8
    After settings filtering:   8
    After built-in stripping:   8
    After scriptable stripping: 8
    Processed in 0.00 seconds
    starting compilation...
    finished in 0.00 seconds. Local cache hits 8 (0.01s CPU time), remote cache hits 0 (0.00s CPU time), compiled 0 variants (0.00s CPU time), skipped 0 variants
    Prepared data for serialisation in 0.00s
Serialized binary data for shader Hidden/Universal Render Pipeline/CopyDepth in 0.00s
    gles3 (total internal programs: 8, unique: 8)
Compiling shader "Hidden/TerrainEngine/Details/UniversalPipeline/WavingDoublePass" pass "" (vp)
    Full variant space:         589824
    After settings filtering:   4608
    After built-in stripping:   36
    After scriptable stripping: 10
    Processed in 0.00 seconds
    starting compilation...
    finished in 0.00 seconds. Local cache hits 10 (0.01s CPU time), remote cache hits 0 (0.00s CPU time), compiled 0 variants (0.00s CPU time), skipped 0 variants
    Prepared data for serialisation in 0.00s
Compiling shader "Hidden/TerrainEngine/Details/UniversalPipeline/WavingDoublePass" pass "DepthOnly" (vp)
    Full variant space:         2
    After settings filtering:   2
    After built-in stripping:   1
    After scriptable stripping: 1
    Processed in 0.00 seconds
    starting compilation...
    finished in 0.00 seconds. Local cache hits 1 (0.00s CPU time), remote cache hits 0 (0.00s CPU time), compiled 0 variants (0.00s CPU time), skipped 0 variants
    Prepared data for serialisation in 0.00s
Compiling shader "Hidden/TerrainEngine/Details/UniversalPipeline/WavingDoublePass" pass "DepthNormalsOnly" (vp)
    Full variant space:         4
    After settings filtering:   2
    After built-in stripping:   1
    After scriptable stripping: 1
    Processed in 0.00 seconds
    starting compilation...
    finished in 0.00 seconds. Local cache hits 1 (0.00s CPU time), remote cache hits 0 (0.00s CPU time), compiled 0 variants (0.00s CPU time), skipped 0 variants
    Prepared data for serialisation in 0.00s
Serialized binary data for shader Hidden/TerrainEngine/Details/UniversalPipeline/WavingDoublePass in 0.00s
    gles3 (total internal programs: 12, unique: 12)
Compiling shader "Hidden/Universal Render Pipeline/FallbackError" pass "" (vp)
    Full variant space:         6
    After settings filtering:   6
    After built-in stripping:   1
    After scriptable stripping: 1
    Processed in 0.00 seconds
    starting compilation...
    finished in 0.00 seconds. Local cache hits 1 (0.00s CPU time), remote cache hits 0 (0.00s CPU time), compiled 0 variants (0.00s CPU time), skipped 0 variants
    Prepared data for serialisation in 0.00s
Serialized binary data for shader Hidden/Universal Render Pipeline/FallbackError in 0.00s
    gles3 (total internal programs: 1, unique: 1)
Compiling shader "Hidden/Universal Render Pipeline/UberPost" pass "UberPost" (vp)
    Full variant space:         23040
    After settings filtering:   960
    After built-in stripping:   960
    After scriptable stripping: 720
    Processed in 0.01 seconds
    starting compilation...
    finished in 0.03 seconds. Local cache hits 720 (0.47s CPU time), remote cache hits 0 (0.00s CPU time), compiled 0 variants (0.00s CPU time), skipped 0 variants
    Prepared data for serialisation in 0.01s
Serialized binary data for shader Hidden/Universal Render Pipeline/UberPost in 0.00s
    gles3 (total internal programs: 720, unique: 720)
Compressed shader 'Hidden/Universal Render Pipeline/UberPost' on gles3 from 9.68MB to 0.15MB
Compressed shader 'Hidden/Universal Render Pipeline/UberPost' in 0.04s
Compiling shader "Hidden/Universal Render Pipeline/Scaling Setup" pass "ScalingSetup" (vp)
    Full variant space:         6
    After settings filtering:   3
    After built-in stripping:   3
    After scriptable stripping: 3
    Processed in 0.00 seconds
    starting compilation...
    finished in 0.00 seconds. Local cache hits 3 (0.00s CPU time), remote cache hits 0 (0.00s CPU time), compiled 0 variants (0.00s CPU time), skipped 0 variants
    Prepared data for serialisation in 0.00s
Serialized binary data for shader Hidden/Universal Render Pipeline/Scaling Setup in 0.00s
    gles3 (total internal programs: 3, unique: 3)
    Prepared data for serialisation in 0.00s
    Prepared data for serialisation in 0.00s
    Prepared data for serialisation in 0.00s
    Prepared data for serialisation in 0.00s
    Prepared data for serialisation in 0.00s
    Prepared data for serialisation in 0.00s
    Prepared data for serialisation in 0.00s
    Prepared data for serialisation in 0.00s
Serialized binary data for shader Hidden/Universal Render Pipeline/StencilDeferred in 0.00s
    gles3 (total internal programs: 0, unique: 0)
Compiling shader "Hidden/Universal Render Pipeline/LutBuilderHdr" pass "LutBuilderHdr" (vp)
    Full variant space:         6
    After settings filtering:   3
    After built-in stripping:   3
    After scriptable stripping: 3
    Processed in 0.00 seconds
    starting compilation...
    finished in 0.00 seconds. Local cache hits 3 (0.00s CPU time), remote cache hits 0 (0.00s CPU time), compiled 0 variants (0.00s CPU time), skipped 0 variants
    Prepared data for serialisation in 0.00s
Serialized binary data for shader Hidden/Universal Render Pipeline/LutBuilderHdr in 0.00s
    gles3 (total internal programs: 3, unique: 3)
Compiling shader "Hidden/TerrainEngine/Details/UniversalPipeline/Vertexlit" pass "TerrainDetailVertex" (vp)
    Full variant space:         61440
    After settings filtering:   768
    After built-in stripping:   12
    After scriptable stripping: 10
    Processed in 0.00 seconds
    starting compilation...
    finished in 0.00 seconds. Local cache hits 10 (0.01s CPU time), remote cache hits 0 (0.00s CPU time), compiled 0 variants (0.00s CPU time), skipped 0 variants
    Prepared data for serialisation in 0.00s
Compiling shader "Hidden/TerrainEngine/Details/UniversalPipeline/Vertexlit" pass "TerrainDetailVertex - GBuffer" (vp)
    Full variant space:         1280
    After settings filtering:   80
    After built-in stripping:   20
    After scriptable stripping: 10
    Processed in 0.00 seconds
    starting compilation...
    finished in 0.00 seconds. Local cache hits 10 (0.01s CPU time), remote cache hits 0 (0.00s CPU time), compiled 0 variants (0.00s CPU time), skipped 0 variants
    Prepared data for serialisation in 0.00s
Compiling shader "Hidden/TerrainEngine/Details/UniversalPipeline/Vertexlit" pass "DepthOnly" (vp)
    Full variant space:         2
    After settings filtering:   2
    After built-in stripping:   1
    After scriptable stripping: 1
    Processed in 0.00 seconds
    starting compilation...
    finished in 0.00 seconds. Local cache hits 1 (0.00s CPU time), remote cache hits 0 (0.00s CPU time), compiled 0 variants (0.00s CPU time), skipped 0 variants
    Prepared data for serialisation in 0.00s
Compiling shader "Hidden/TerrainEngine/Details/UniversalPipeline/Vertexlit" pass "DepthNormals" (vp)
    Full variant space:         2
    After settings filtering:   2
    After built-in stripping:   1
    After scriptable stripping: 1
    Processed in 0.00 seconds
    starting compilation...
    finished in 0.00 seconds. Local cache hits 1 (0.00s CPU time), remote cache hits 0 (0.00s CPU time), compiled 0 variants (0.00s CPU time), skipped 0 variants
    Prepared data for serialisation in 0.00s
Serialized binary data for shader Hidden/TerrainEngine/Details/UniversalPipeline/Vertexlit in 0.00s
    gles3 (total internal programs: 22, unique: 22)
Compiling shader "TextMeshPro/Distance Field" pass "" (vp)
    Full variant space:         16
    After settings filtering:   16
    After built-in stripping:   16
    After scriptable stripping: 16
    Processed in 0.00 seconds
    starting compilation...
    finished in 0.00 seconds. Local cache hits 16 (0.01s CPU time), remote cache hits 0 (0.00s CPU time), compiled 0 variants (0.00s CPU time), skipped 0 variants
    Prepared data for serialisation in 0.00s
Serialized binary data for shader TextMeshPro/Distance Field in 0.00s
    gles3 (total internal programs: 16, unique: 16)
Compiling shader "TextMeshPro/Mobile/Distance Field (Surface)" pass "FORWARD" (vp)
    Full variant space:         24
    After settings filtering:   24
    After built-in stripping:   3
    After scriptable stripping: 3
    Processed in 0.00 seconds
    starting compilation...
    finished in 0.00 seconds. Local cache hits 3 (0.00s CPU time), remote cache hits 0 (0.00s CPU time), compiled 0 variants (0.00s CPU time), skipped 0 variants
    Prepared data for serialisation in 0.00s
Compiling shader "TextMeshPro/Mobile/Distance Field (Surface)" pass "Caster" (vp)
    Full variant space:         2
    After settings filtering:   2
    After built-in stripping:   2
    After scriptable stripping: 2
    Processed in 0.00 seconds
    starting compilation...
    finished in 0.00 seconds. Local cache hits 2 (0.00s CPU time), remote cache hits 0 (0.00s CPU time), compiled 0 variants (0.00s CPU time), skipped 0 variants
    Prepared data for serialisation in 0.00s
Serialized binary data for shader TextMeshPro/Mobile/Distance Field (Surface) in 0.00s
    gles3 (total internal programs: 5, unique: 5)
Compiling shader "TextMeshPro/Mobile/Distance Field Overlay" pass "" (vp)
    Full variant space:         4
    After settings filtering:   4
    After built-in stripping:   4
    After scriptable stripping: 4
    Processed in 0.00 seconds
    starting compilation...
    finished in 0.00 seconds. Local cache hits 4 (0.00s CPU time), remote cache hits 0 (0.00s CPU time), compiled 0 variants (0.00s CPU time), skipped 0 variants
    Prepared data for serialisation in 0.00s
Serialized binary data for shader TextMeshPro/Mobile/Distance Field Overlay in 0.00s
    gles3 (total internal programs: 4, unique: 4)
Compiling shader "TextMeshPro/Mobile/Distance Field - Masking" pass "" (vp)
    Full variant space:         4
    After settings filtering:   4
    After built-in stripping:   4
    After scriptable stripping: 4
    Processed in 0.00 seconds
    starting compilation...
    finished in 0.00 seconds. Local cache hits 4 (0.00s CPU time), remote cache hits 0 (0.00s CPU time), compiled 0 variants (0.00s CPU time), skipped 0 variants
    Prepared data for serialisation in 0.00s
Serialized binary data for shader TextMeshPro/Mobile/Distance Field - Masking in 0.00s
    gles3 (total internal programs: 4, unique: 4)
Compiling shader "TextMeshPro/Sprite" pass "Default" (vp)
    Full variant space:         4
    After settings filtering:   4
    After built-in stripping:   4
    After scriptable stripping: 4
    Processed in 0.00 seconds
    starting compilation...
    finished in 0.00 seconds. Local cache hits 4 (0.00s CPU time), remote cache hits 0 (0.00s CPU time), compiled 0 variants (0.00s CPU time), skipped 0 variants
    Prepared data for serialisation in 0.00s
Serialized binary data for shader TextMeshPro/Sprite in 0.00s
    gles3 (total internal programs: 4, unique: 4)
Compiling shader "TextMeshPro/Distance Field (Surface)" pass "FORWARD" (vp)
    Full variant space:         48
    After settings filtering:   48
    After built-in stripping:   6
    After scriptable stripping: 6
    Processed in 0.00 seconds
    starting compilation...
    finished in 0.00 seconds. Local cache hits 6 (0.00s CPU time), remote cache hits 0 (0.00s CPU time), compiled 0 variants (0.00s CPU time), skipped 0 variants
    Prepared data for serialisation in 0.00s
Compiling shader "TextMeshPro/Distance Field (Surface)" pass "FORWARD" (vp)
    Full variant space:         40
    After settings filtering:   40
    After built-in stripping:   10
    After scriptable stripping: 10
    Processed in 0.00 seconds
    starting compilation...
    finished in 0.00 seconds. Local cache hits 10 (0.01s CPU time), remote cache hits 0 (0.00s CPU time), compiled 0 variants (0.00s CPU time), skipped 0 variants
    Prepared data for serialisation in 0.00s
Compiling shader "TextMeshPro/Distance Field (Surface)" pass "Caster" (vp)
    Full variant space:         2
    After settings filtering:   2
    After built-in stripping:   2
    After scriptable stripping: 2
    Processed in 0.00 seconds
    starting compilation...
    finished in 0.00 seconds. Local cache hits 2 (0.00s CPU time), remote cache hits 0 (0.00s CPU time), compiled 0 variants (0.00s CPU time), skipped 0 variants
    Prepared data for serialisation in 0.00s
Serialized binary data for shader TextMeshPro/Distance Field (Surface) in 0.00s
    gles3 (total internal programs: 18, unique: 18)
Compiling shader "TextMeshPro/Mobile/Distance Field" pass "" (vp)
    Full variant space:         16
    After settings filtering:   16
    After built-in stripping:   16
    After scriptable stripping: 16
    Processed in 0.00 seconds
    starting compilation...
    finished in 0.00 seconds. Local cache hits 16 (0.01s CPU time), remote cache hits 0 (0.00s CPU time), compiled 0 variants (0.00s CPU time), skipped 0 variants
    Prepared data for serialisation in 0.00s
Serialized binary data for shader TextMeshPro/Mobile/Distance Field in 0.00s
    gles3 (total internal programs: 16, unique: 16)
Compiling shader "Shader Graphs/2D_Additive" pass "Sprite Unlit" (vp)
    Full variant space:         16
    After settings filtering:   8
    After built-in stripping:   1
    After scriptable stripping: 1
    Processed in 0.00 seconds
    starting compilation...
    finished in 0.00 seconds. Local cache hits 1 (0.00s CPU time), remote cache hits 0 (0.00s CPU time), compiled 0 variants (0.00s CPU time), skipped 0 variants
    Prepared data for serialisation in 0.00s
Compiling shader "Shader Graphs/2D_Additive" pass "Sprite Unlit" (vp)
    Full variant space:         16
    After settings filtering:   8
    After built-in stripping:   1
    After scriptable stripping: 1
    Processed in 0.00 seconds
    starting compilation...
    finished in 0.00 seconds. Local cache hits 1 (0.00s CPU time), remote cache hits 0 (0.00s CPU time), compiled 0 variants (0.00s CPU time), skipped 0 variants
    Prepared data for serialisation in 0.00s
Serialized binary data for shader Shader Graphs/2D_Additive in 0.00s
    gles3 (total internal programs: 2, unique: 1)
Compiling shader "Skybox/Procedural" pass "" (vp)
    Full variant space:         3
    After settings filtering:   3
    After built-in stripping:   3
    After scriptable stripping: 3
    Processed in 0.00 seconds
    starting compilation...
    finished in 0.00 seconds. Local cache hits 3 (0.00s CPU time), remote cache hits 0 (0.00s CPU time), compiled 0 variants (0.00s CPU time), skipped 0 variants
    Prepared data for serialisation in 0.00s
Serialized binary data for shader Skybox/Procedural in 0.00s
    gles3 (total internal programs: 3, unique: 3)
Compiling shader "Particles/Standard Unlit" pass "ShadowCaster" (vp)
    Full variant space:         12
    After settings filtering:   12
    After built-in stripping:   8
    After scriptable stripping: 8
    Processed in 0.00 seconds
    starting compilation...
    finished in 0.00 seconds. Local cache hits 8 (0.00s CPU time), remote cache hits 0 (0.00s CPU time), compiled 0 variants (0.00s CPU time), skipped 0 variants
    Prepared data for serialisation in 0.00s
Compiling shader "Particles/Standard Unlit" pass "" (vp)
    Full variant space:         48
    After settings filtering:   48
    After built-in stripping:   8
    After scriptable stripping: 8
    Processed in 0.00 seconds
    starting compilation...
    finished in 0.00 seconds. Local cache hits 8 (0.00s CPU time), remote cache hits 0 (0.00s CPU time), compiled 0 variants (0.00s CPU time), skipped 0 variants
    Prepared data for serialisation in 0.00s
Serialized binary data for shader Particles/Standard Unlit in 0.00s
    gles3 (total internal programs: 16, unique: 16)
Compiling shader "Mobile/Particles/Additive" pass "" (vp)
    Full variant space:         4
    After settings filtering:   4
    After built-in stripping:   1
    After scriptable stripping: 1
    Processed in 0.00 seconds
    starting compilation...
    finished in 0.00 seconds. Local cache hits 1 (0.00s CPU time), remote cache hits 0 (0.00s CPU time), compiled 0 variants (0.00s CPU time), skipped 0 variants
    Prepared data for serialisation in 0.00s
Serialized binary data for shader Mobile/Particles/Additive in 0.00s
    gles3 (total internal programs: 1, unique: 1)
Compiling shader "Mobile/Particles/Alpha Blended" pass "" (vp)
    Full variant space:         4
    After settings filtering:   4
    After built-in stripping:   1
    After scriptable stripping: 1
    Processed in 0.00 seconds
    starting compilation...
    finished in 0.00 seconds. Local cache hits 1 (0.00s CPU time), remote cache hits 0 (0.00s CPU time), compiled 0 variants (0.00s CPU time), skipped 0 variants
    Prepared data for serialisation in 0.00s
Serialized binary data for shader Mobile/Particles/Alpha Blended in 0.00s
    gles3 (total internal programs: 1, unique: 1)
Compiling shader "2D/CreateShinerMask" pass "0" (vp)
    Full variant space:         1
    After settings filtering:   1
    After built-in stripping:   1
    After scriptable stripping: 1
    Processed in 0.00 seconds
    starting compilation...
    finished in 0.00 seconds. Local cache hits 1 (0.00s CPU time), remote cache hits 0 (0.00s CPU time), compiled 0 variants (0.00s CPU time), skipped 0 variants
    Prepared data for serialisation in 0.00s
Compiling shader "2D/CreateShinerMask" pass "1" (vp)
    Full variant space:         1
    After settings filtering:   1
    After built-in stripping:   1
    After scriptable stripping: 1
    Processed in 0.00 seconds
    starting compilation...
    finished in 0.00 seconds. Local cache hits 1 (0.00s CPU time), remote cache hits 0 (0.00s CPU time), compiled 0 variants (0.00s CPU time), skipped 0 variants
    Prepared data for serialisation in 0.00s
Compiling shader "2D/CreateShinerMask" pass "2" (vp)
    Full variant space:         1
    After settings filtering:   1
    After built-in stripping:   1
    After scriptable stripping: 1
    Processed in 0.00 seconds
    starting compilation...
    finished in 0.00 seconds. Local cache hits 1 (0.00s CPU time), remote cache hits 0 (0.00s CPU time), compiled 0 variants (0.00s CPU time), skipped 0 variants
    Prepared data for serialisation in 0.00s
Compiling shader "2D/CreateShinerMask" pass "3" (vp)
    Full variant space:         1
    After settings filtering:   1
    After built-in stripping:   1
    After scriptable stripping: 1
    Processed in 0.00 seconds
    starting compilation...
    finished in 0.00 seconds. Local cache hits 1 (0.00s CPU time), remote cache hits 0 (0.00s CPU time), compiled 0 variants (0.00s CPU time), skipped 0 variants
    Prepared data for serialisation in 0.00s
Compiling shader "2D/CreateShinerMask" pass "4" (vp)
    Full variant space:         1
    After settings filtering:   1
    After built-in stripping:   1
    After scriptable stripping: 1
    Processed in 0.00 seconds
    starting compilation...
    finished in 0.00 seconds. Local cache hits 1 (0.00s CPU time), remote cache hits 0 (0.00s CPU time), compiled 0 variants (0.00s CPU time), skipped 0 variants
    Prepared data for serialisation in 0.00s
Serialized binary data for shader 2D/CreateShinerMask in 0.00s
    gles3 (total internal programs: 5, unique: 5)
Compiling shader "Hidden/Shader Graph/FallbackError" pass "" (vp)
    Full variant space:         4
    After settings filtering:   4
    After built-in stripping:   1
    After scriptable stripping: 1
    Processed in 0.00 seconds
    starting compilation...
    finished in 0.00 seconds. Local cache hits 1 (0.00s CPU time), remote cache hits 0 (0.00s CPU time), compiled 0 variants (0.00s CPU time), skipped 0 variants
    Prepared data for serialisation in 0.00s
Serialized binary data for shader Hidden/Shader Graph/FallbackError in 0.00s
    gles3 (total internal programs: 1, unique: 1)
Compiling shader "Legacy Shaders/VertexLit" pass "" (vp)
    Full variant space:         12
    After settings filtering:   12
    After built-in stripping:   3
    After scriptable stripping: 3
    Processed in 0.00 seconds
    starting compilation...
    finished in 0.00 seconds. Local cache hits 3 (0.00s CPU time), remote cache hits 0 (0.00s CPU time), compiled 0 variants (0.00s CPU time), skipped 0 variants
    Prepared data for serialisation in 0.00s
Compiling shader "Legacy Shaders/VertexLit" pass "" (vp)
    Full variant space:         4
    After settings filtering:   4
    After built-in stripping:   1
    After scriptable stripping: 1
    Processed in 0.00 seconds
    starting compilation...
    finished in 0.00 seconds. Local cache hits 1 (0.00s CPU time), remote cache hits 0 (0.00s CPU time), compiled 0 variants (0.00s CPU time), skipped 0 variants
    Prepared data for serialisation in 0.00s
Compiling shader "Legacy Shaders/VertexLit" pass "ShadowCaster" (vp)
    Full variant space:         4
    After settings filtering:   4
    After built-in stripping:   2
    After scriptable stripping: 2
    Processed in 0.00 seconds
    starting compilation...
    finished in 0.00 seconds. Local cache hits 2 (0.00s CPU time), remote cache hits 0 (0.00s CPU time), compiled 0 variants (0.00s CPU time), skipped 0 variants
    Prepared data for serialisation in 0.00s
Serialized binary data for shader Legacy Shaders/VertexLit in 0.00s
    gles3 (total internal programs: 6, unique: 6)
Compiling shader "Legacy Shaders/Diffuse" pass "FORWARD" (vp)
    Full variant space:         664
    After settings filtering:   664
    After built-in stripping:   8
    After scriptable stripping: 8
    Processed in 0.00 seconds
    starting compilation...
    finished in 0.00 seconds. Local cache hits 8 (0.01s CPU time), remote cache hits 0 (0.00s CPU time), compiled 0 variants (0.00s CPU time), skipped 0 variants
    Prepared data for serialisation in 0.00s
Compiling shader "Legacy Shaders/Diffuse" pass "FORWARD" (vp)
    Full variant space:         20
    After settings filtering:   20
    After built-in stripping:   5
    After scriptable stripping: 5
    Processed in 0.00 seconds
    starting compilation...
    finished in 0.00 seconds. Local cache hits 5 (0.00s CPU time), remote cache hits 0 (0.00s CPU time), compiled 0 variants (0.00s CPU time), skipped 0 variants
    Prepared data for serialisation in 0.00s
Compiling shader "Legacy Shaders/Diffuse" pass "DEFERRED" (vp)
    Full variant space:         76
    After settings filtering:   76
    After built-in stripping:   4
    After scriptable stripping: 4
    Processed in 0.00 seconds
    starting compilation...
    finished in 0.00 seconds. Local cache hits 4 (0.00s CPU time), remote cache hits 0 (0.00s CPU time), compiled 0 variants (0.00s CPU time), skipped 0 variants
    Prepared data for serialisation in 0.00s
Serialized binary data for shader Legacy Shaders/Diffuse in 0.00s
    gles3 (total internal programs: 17, unique: 17)
Compiling shader "Hidden/Internal-StencilWrite" pass "" (vp)
    Full variant space:         1
    After settings filtering:   1
    After built-in stripping:   1
    After scriptable stripping: 1
    Processed in 0.00 seconds
    starting compilation...
    finished in 0.00 seconds. Local cache hits 1 (0.00s CPU time), remote cache hits 0 (0.00s CPU time), compiled 0 variants (0.00s CPU time), skipped 0 variants
    Prepared data for serialisation in 0.00s
Serialized binary data for shader Hidden/Internal-StencilWrite in 0.00s
    gles3 (total internal programs: 1, unique: 1)
Compiling shader "Hidden/Internal-DepthNormalsTexture" pass "" (vp)
    Full variant space:         1
    After settings filtering:   1
    After built-in stripping:   1
    After scriptable stripping: 1
    Processed in 0.00 seconds
    starting compilation...
    finished in 0.00 seconds. Local cache hits 1 (0.00s CPU time), remote cache hits 0 (0.00s CPU time), compiled 0 variants (0.00s CPU time), skipped 0 variants
    Prepared data for serialisation in 0.00s
Compiling shader "Hidden/Internal-DepthNormalsTexture" pass "" (vp)
    Full variant space:         1
    After settings filtering:   1
    After built-in stripping:   1
    After scriptable stripping: 1
    Processed in 0.00 seconds
    starting compilation...
    finished in 0.00 seconds. Local cache hits 1 (0.00s CPU time), remote cache hits 0 (0.00s CPU time), compiled 0 variants (0.00s CPU time), skipped 0 variants
    Prepared data for serialisation in 0.00s
Compiling shader "Hidden/Internal-DepthNormalsTexture" pass "" (vp)
    Full variant space:         1
    After settings filtering:   1
    After built-in stripping:   1
    After scriptable stripping: 1
    Processed in 0.00 seconds
    starting compilation...
    finished in 0.00 seconds. Local cache hits 1 (0.00s CPU time), remote cache hits 0 (0.00s CPU time), compiled 0 variants (0.00s CPU time), skipped 0 variants
    Prepared data for serialisation in 0.00s
Compiling shader "Hidden/Internal-DepthNormalsTexture" pass "" (vp)
    Full variant space:         1
    After settings filtering:   1
    After built-in stripping:   1
    After scriptable stripping: 1
    Processed in 0.00 seconds
    starting compilation...
    finished in 0.00 seconds. Local cache hits 1 (0.00s CPU time), remote cache hits 0 (0.00s CPU time), compiled 0 variants (0.00s CPU time), skipped 0 variants
    Prepared data for serialisation in 0.00s
Compiling shader "Hidden/Internal-DepthNormalsTexture" pass "" (vp)
    Full variant space:         1
    After settings filtering:   1
    After built-in stripping:   1
    After scriptable stripping: 1
    Processed in 0.00 seconds
    starting compilation...
    finished in 0.00 seconds. Local cache hits 1 (0.00s CPU time), remote cache hits 0 (0.00s CPU time), compiled 0 variants (0.00s CPU time), skipped 0 variants
    Prepared data for serialisation in 0.00s
Compiling shader "Hidden/Internal-DepthNormalsTexture" pass "" (vp)
    Full variant space:         1
    After settings filtering:   1
    After built-in stripping:   1
    After scriptable stripping: 1
    Processed in 0.00 seconds
    starting compilation...
    finished in 0.00 seconds. Local cache hits 1 (0.00s CPU time), remote cache hits 0 (0.00s CPU time), compiled 0 variants (0.00s CPU time), skipped 0 variants
    Prepared data for serialisation in 0.00s
Compiling shader "Hidden/Internal-DepthNormalsTexture" pass "" (vp)
    Full variant space:         1
    After settings filtering:   1
    After built-in stripping:   1
    After scriptable stripping: 1
    Processed in 0.00 seconds
    starting compilation...
    finished in 0.00 seconds. Local cache hits 1 (0.00s CPU time), remote cache hits 0 (0.00s CPU time), compiled 0 variants (0.00s CPU time), skipped 0 variants
    Prepared data for serialisation in 0.00s
Compiling shader "Hidden/Internal-DepthNormalsTexture" pass "" (vp)
    Full variant space:         1
    After settings filtering:   1
    After built-in stripping:   1
    After scriptable stripping: 1
    Processed in 0.00 seconds
    starting compilation...
    finished in 0.00 seconds. Local cache hits 1 (0.00s CPU time), remote cache hits 0 (0.00s CPU time), compiled 0 variants (0.00s CPU time), skipped 0 variants
    Prepared data for serialisation in 0.00s
Compiling shader "Hidden/Internal-DepthNormalsTexture" pass "" (vp)
    Full variant space:         1
    After settings filtering:   1
    After built-in stripping:   1
    After scriptable stripping: 1
    Processed in 0.00 seconds
    starting compilation...
    finished in 0.00 seconds. Local cache hits 1 (0.00s CPU time), remote cache hits 0 (0.00s CPU time), compiled 0 variants (0.00s CPU time), skipped 0 variants
    Prepared data for serialisation in 0.00s
Compiling shader "Hidden/Internal-DepthNormalsTexture" pass "" (vp)
    Full variant space:         1
    After settings filtering:   1
    After built-in stripping:   1
    After scriptable stripping: 1
    Processed in 0.00 seconds
    starting compilation...
    finished in 0.00 seconds. Local cache hits 1 (0.00s CPU time), remote cache hits 0 (0.00s CPU time), compiled 0 variants (0.00s CPU time), skipped 0 variants
    Prepared data for serialisation in 0.00s
Serialized binary data for shader Hidden/Internal-DepthNormalsTexture in 0.00s
    gles3 (total internal programs: 10, unique: 10)
Compiling shader "Hidden/Internal-ScreenSpaceShadows" pass "" (vp)
    Full variant space:         4
    After settings filtering:   4
    After built-in stripping:   4
    After scriptable stripping: 4
    Processed in 0.00 seconds
    starting compilation...
    finished in 0.00 seconds. Local cache hits 4 (0.00s CPU time), remote cache hits 0 (0.00s CPU time), compiled 0 variants (0.00s CPU time), skipped 0 variants
    Prepared data for serialisation in 0.00s
Compiling shader "Hidden/Internal-ScreenSpaceShadows" pass "" (vp)
    Full variant space:         4
    After settings filtering:   4
    After built-in stripping:   4
    After scriptable stripping: 4
    Processed in 0.00 seconds
    starting compilation...
    finished in 0.00 seconds. Local cache hits 4 (0.00s CPU time), remote cache hits 0 (0.00s CPU time), compiled 0 variants (0.00s CPU time), skipped 0 variants
    Prepared data for serialisation in 0.00s
Compiling shader "Hidden/Internal-ScreenSpaceShadows" pass "" (vp)
    Full variant space:         4
    After settings filtering:   4
    After built-in stripping:   4
    After scriptable stripping: 4
    Processed in 0.00 seconds
    starting compilation...
    finished in 0.00 seconds. Local cache hits 4 (0.00s CPU time), remote cache hits 0 (0.00s CPU time), compiled 0 variants (0.00s CPU time), skipped 0 variants
    Prepared data for serialisation in 0.00s
Compiling shader "Hidden/Internal-ScreenSpaceShadows" pass "" (vp)
    Full variant space:         4
    After settings filtering:   4
    After built-in stripping:   4
    After scriptable stripping: 4
    Processed in 0.00 seconds
    starting compilation...
    finished in 0.00 seconds. Local cache hits 4 (0.00s CPU time), remote cache hits 0 (0.00s CPU time), compiled 0 variants (0.00s CPU time), skipped 0 variants
    Prepared data for serialisation in 0.00s
Serialized binary data for shader Hidden/Internal-ScreenSpaceShadows in 0.00s
    gles3 (total internal programs: 16, unique: 16)
Compiling shader "Hidden/Internal-CombineDepthNormals" pass "" (vp)
    Full variant space:         1
    After settings filtering:   1
    After built-in stripping:   1
    After scriptable stripping: 1
    Processed in 0.00 seconds
    starting compilation...
    finished in 0.00 seconds. Local cache hits 1 (0.00s CPU time), remote cache hits 0 (0.00s CPU time), compiled 0 variants (0.00s CPU time), skipped 0 variants
    Prepared data for serialisation in 0.00s
Serialized binary data for shader Hidden/Internal-CombineDepthNormals in 0.00s
    gles3 (total internal programs: 1, unique: 1)
Compiling shader "Hidden/BlitCopy" pass "" (vp)
    Full variant space:         1
    After settings filtering:   1
    After built-in stripping:   1
    After scriptable stripping: 1
    Processed in 0.00 seconds
    starting compilation...
    finished in 0.00 seconds. Local cache hits 1 (0.00s CPU time), remote cache hits 0 (0.00s CPU time), compiled 0 variants (0.00s CPU time), skipped 0 variants
    Prepared data for serialisation in 0.00s
Serialized binary data for shader Hidden/BlitCopy in 0.00s
    gles3 (total internal programs: 1, unique: 1)
Compiling shader "Hidden/BlitCopyDepth" pass "" (vp)
    Full variant space:         1
    After settings filtering:   1
    After built-in stripping:   1
    After scriptable stripping: 1
    Processed in 0.00 seconds
    starting compilation...
    finished in 0.00 seconds. Local cache hits 1 (0.00s CPU time), remote cache hits 0 (0.00s CPU time), compiled 0 variants (0.00s CPU time), skipped 0 variants
    Prepared data for serialisation in 0.00s
Serialized binary data for shader Hidden/BlitCopyDepth in 0.00s
    gles3 (total internal programs: 1, unique: 1)
Compiling shader "Hidden/ConvertTexture" pass "" (vp)
    Full variant space:         1
    After settings filtering:   1
    After built-in stripping:   1
    After scriptable stripping: 1
    Processed in 0.00 seconds
    starting compilation...
    finished in 0.00 seconds. Local cache hits 1 (0.00s CPU time), remote cache hits 0 (0.00s CPU time), compiled 0 variants (0.00s CPU time), skipped 0 variants
    Prepared data for serialisation in 0.00s
Serialized binary data for shader Hidden/ConvertTexture in 0.00s
    gles3 (total internal programs: 1, unique: 1)
Compiling shader "Hidden/Internal-DeferredShading" pass "" (vp)
    Full variant space:         94
    After settings filtering:   94
    After built-in stripping:   26
    After scriptable stripping: 26
    Processed in 0.00 seconds
    starting compilation...
    finished in 0.00 seconds. Local cache hits 26 (0.02s CPU time), remote cache hits 0 (0.00s CPU time), compiled 0 variants (0.00s CPU time), skipped 0 variants
    Prepared data for serialisation in 0.00s
Compiling shader "Hidden/Internal-DeferredShading" pass "" (vp)
    Full variant space:         1
    After settings filtering:   1
    After built-in stripping:   1
    After scriptable stripping: 1
    Processed in 0.00 seconds
    starting compilation...
    finished in 0.00 seconds. Local cache hits 1 (0.00s CPU time), remote cache hits 0 (0.00s CPU time), compiled 0 variants (0.00s CPU time), skipped 0 variants
    Prepared data for serialisation in 0.00s
Serialized binary data for shader Hidden/Internal-DeferredShading in 0.00s
    gles3 (total internal programs: 27, unique: 27)
Compiling shader "Hidden/Internal-DeferredReflections" pass "" (vp)
    Full variant space:         1
    After settings filtering:   1
    After built-in stripping:   1
    After scriptable stripping: 1
    Processed in 0.00 seconds
    starting compilation...
    finished in 0.00 seconds. Local cache hits 1 (0.00s CPU time), remote cache hits 0 (0.00s CPU time), compiled 0 variants (0.00s CPU time), skipped 0 variants
    Prepared data for serialisation in 0.00s
Compiling shader "Hidden/Internal-DeferredReflections" pass "" (vp)
    Full variant space:         2
    After settings filtering:   2
    After built-in stripping:   2
    After scriptable stripping: 2
    Processed in 0.00 seconds
    starting compilation...
    finished in 0.00 seconds. Local cache hits 2 (0.00s CPU time), remote cache hits 0 (0.00s CPU time), compiled 0 variants (0.00s CPU time), skipped 0 variants
    Prepared data for serialisation in 0.00s
Serialized binary data for shader Hidden/Internal-DeferredReflections in 0.00s
    gles3 (total internal programs: 3, unique: 3)
Compiling shader "Hidden/Internal-MotionVectors" pass "" (vp)
    Full variant space:         1
    After settings filtering:   1
    After built-in stripping:   1
    After scriptable stripping: 1
    Processed in 0.00 seconds
    starting compilation...
    finished in 0.00 seconds. Local cache hits 1 (0.00s CPU time), remote cache hits 0 (0.00s CPU time), compiled 0 variants (0.00s CPU time), skipped 0 variants
    Prepared data for serialisation in 0.00s
Compiling shader "Hidden/Internal-MotionVectors" pass "" (vp)
    Full variant space:         1
    After settings filtering:   1
    After built-in stripping:   1
    After scriptable stripping: 1
    Processed in 0.00 seconds
    starting compilation...
    finished in 0.00 seconds. Local cache hits 1 (0.00s CPU time), remote cache hits 0 (0.00s CPU time), compiled 0 variants (0.00s CPU time), skipped 0 variants
    Prepared data for serialisation in 0.00s
Compiling shader "Hidden/Internal-MotionVectors" pass "" (vp)
    Full variant space:         1
    After settings filtering:   1
    After built-in stripping:   1
    After scriptable stripping: 1
    Processed in 0.00 seconds
    starting compilation...
    finished in 0.00 seconds. Local cache hits 1 (0.00s CPU time), remote cache hits 0 (0.00s CPU time), compiled 0 variants (0.00s CPU time), skipped 0 variants
    Prepared data for serialisation in 0.00s
Serialized binary data for shader Hidden/Internal-MotionVectors in 0.00s
    gles3 (total internal programs: 3, unique: 3)
Compiling shader "Hidden/Internal-Flare" pass "" (vp)
    Full variant space:         1
    After settings filtering:   1
    After built-in stripping:   1
    After scriptable stripping: 1
    Processed in 0.00 seconds
    starting compilation...
    finished in 0.00 seconds. Local cache hits 1 (0.00s CPU time), remote cache hits 0 (0.00s CPU time), compiled 0 variants (0.00s CPU time), skipped 0 variants
    Prepared data for serialisation in 0.00s
Serialized binary data for shader Hidden/Internal-Flare in 0.00s
    gles3 (total internal programs: 1, unique: 1)
Compiling shader "Skybox/Cubemap" pass "" (vp)
    Full variant space:         1
    After settings filtering:   1
    After built-in stripping:   1
    After scriptable stripping: 1
    Processed in 0.00 seconds
    starting compilation...
    finished in 0.00 seconds. Local cache hits 1 (0.00s CPU time), remote cache hits 0 (0.00s CPU time), compiled 0 variants (0.00s CPU time), skipped 0 variants
    Prepared data for serialisation in 0.00s
Serialized binary data for shader Skybox/Cubemap in 0.00s
    gles3 (total internal programs: 1, unique: 1)
Compiling shader "Hidden/Internal-Halo" pass "" (vp)
    Full variant space:         4
    After settings filtering:   4
    After built-in stripping:   1
    After scriptable stripping: 1
    Processed in 0.00 seconds
    starting compilation...
    finished in 0.00 seconds. Local cache hits 1 (0.00s CPU time), remote cache hits 0 (0.00s CPU time), compiled 0 variants (0.00s CPU time), skipped 0 variants
    Prepared data for serialisation in 0.00s
Serialized binary data for shader Hidden/Internal-Halo in 0.00s
    gles3 (total internal programs: 1, unique: 1)
Compiling shader "Hidden/BlitCopyWithDepth" pass "" (vp)
    Full variant space:         1
    After settings filtering:   1
    After built-in stripping:   1
    After scriptable stripping: 1
    Processed in 0.00 seconds
    starting compilation...
    finished in 0.00 seconds. Local cache hits 1 (0.00s CPU time), remote cache hits 0 (0.00s CPU time), compiled 0 variants (0.00s CPU time), skipped 0 variants
    Prepared data for serialisation in 0.00s
Serialized binary data for shader Hidden/BlitCopyWithDepth in 0.00s
    gles3 (total internal programs: 1, unique: 1)
Compiling shader "Hidden/BlitToDepth" pass "" (vp)
    Full variant space:         1
    After settings filtering:   1
    After built-in stripping:   1
    After scriptable stripping: 1
    Processed in 0.00 seconds
    starting compilation...
    finished in 0.00 seconds. Local cache hits 1 (0.00s CPU time), remote cache hits 0 (0.00s CPU time), compiled 0 variants (0.00s CPU time), skipped 0 variants
    Prepared data for serialisation in 0.00s
Serialized binary data for shader Hidden/BlitToDepth in 0.00s
    gles3 (total internal programs: 1, unique: 1)
Compiling shader "Hidden/BlitToDepth_MSAA" pass "" (vp)
    Full variant space:         1
    After settings filtering:   1
    After built-in stripping:   1
    After scriptable stripping: 1
    Processed in 0.00 seconds
    starting compilation...
    finished in 0.00 seconds. Local cache hits 1 (0.00s CPU time), remote cache hits 0 (0.00s CPU time), compiled 0 variants (0.00s CPU time), skipped 0 variants
    Prepared data for serialisation in 0.00s
Serialized binary data for shader Hidden/BlitToDepth_MSAA in 0.00s
    gles3 (total internal programs: 1, unique: 1)
Compiling shader "Hidden/BlitCopyHDRTonemap" pass "" (vp)
    Full variant space:         1
    After settings filtering:   1
    After built-in stripping:   1
    After scriptable stripping: 1
    Processed in 0.00 seconds
    starting compilation...
    finished in 0.00 seconds. Local cache hits 1 (0.00s CPU time), remote cache hits 0 (0.00s CPU time), compiled 0 variants (0.00s CPU time), skipped 0 variants
    Prepared data for serialisation in 0.00s
Serialized binary data for shader Hidden/BlitCopyHDRTonemap in 0.00s
    gles3 (total internal programs: 1, unique: 1)
Compiling shader "Hidden/Internal-DebugPattern" pass "Target Color and DepthStencil" (vp)
    Full variant space:         1
    After settings filtering:   1
    After built-in stripping:   1
    After scriptable stripping: 1
    Processed in 0.00 seconds
    starting compilation...
    finished in 0.00 seconds. Local cache hits 1 (0.00s CPU time), remote cache hits 0 (0.00s CPU time), compiled 0 variants (0.00s CPU time), skipped 0 variants
    Prepared data for serialisation in 0.00s
Compiling shader "Hidden/Internal-DebugPattern" pass "Target only Color" (vp)
    Full variant space:         1
    After settings filtering:   1
    After built-in stripping:   1
    After scriptable stripping: 1
    Processed in 0.00 seconds
    starting compilation...
    finished in 0.00 seconds. Local cache hits 1 (0.00s CPU time), remote cache hits 0 (0.00s CPU time), compiled 0 variants (0.00s CPU time), skipped 0 variants
    Prepared data for serialisation in 0.00s
Compiling shader "Hidden/Internal-DebugPattern" pass "Target only DepthStencil" (vp)
    Full variant space:         1
    After settings filtering:   1
    After built-in stripping:   1
    After scriptable stripping: 1
    Processed in 0.00 seconds
    starting compilation...
    finished in 0.00 seconds. Local cache hits 1 (0.00s CPU time), remote cache hits 0 (0.00s CPU time), compiled 0 variants (0.00s CPU time), skipped 0 variants
    Prepared data for serialisation in 0.00s
Serialized binary data for shader Hidden/Internal-DebugPattern in 0.00s
    gles3 (total internal programs: 3, unique: 3)
Compiling shader "Hidden/Internal-GUITextureClip" pass "" (vp)
    Full variant space:         1
    After settings filtering:   1
    After built-in stripping:   1
    After scriptable stripping: 1
    Processed in 0.00 seconds
    starting compilation...
    finished in 0.00 seconds. Local cache hits 1 (0.00s CPU time), remote cache hits 0 (0.00s CPU time), compiled 0 variants (0.00s CPU time), skipped 0 variants
    Prepared data for serialisation in 0.00s
Compiling shader "Hidden/Internal-GUITextureClip" pass "" (vp)
    Full variant space:         1
    After settings filtering:   1
    After built-in stripping:   1
    After scriptable stripping: 1
    Processed in 0.00 seconds
    starting compilation...
    finished in 0.00 seconds. Local cache hits 1 (0.00s CPU time), remote cache hits 0 (0.00s CPU time), compiled 0 variants (0.00s CPU time), skipped 0 variants
    Prepared data for serialisation in 0.00s
Serialized binary data for shader Hidden/Internal-GUITextureClip in 0.00s
    gles3 (total internal programs: 2, unique: 1)
Compiling shader "Hidden/Internal-GUITextureClipText" pass "" (vp)
    Full variant space:         1
    After settings filtering:   1
    After built-in stripping:   1
    After scriptable stripping: 1
    Processed in 0.00 seconds
    starting compilation...
    finished in 0.00 seconds. Local cache hits 1 (0.00s CPU time), remote cache hits 0 (0.00s CPU time), compiled 0 variants (0.00s CPU time), skipped 0 variants
    Prepared data for serialisation in 0.00s
Compiling shader "Hidden/Internal-GUITextureClipText" pass "" (vp)
    Full variant space:         1
    After settings filtering:   1
    After built-in stripping:   1
    After scriptable stripping: 1
    Processed in 0.00 seconds
    starting compilation...
    finished in 0.00 seconds. Local cache hits 1 (0.00s CPU time), remote cache hits 0 (0.00s CPU time), compiled 0 variants (0.00s CPU time), skipped 0 variants
    Prepared data for serialisation in 0.00s
Serialized binary data for shader Hidden/Internal-GUITextureClipText in 0.00s
    gles3 (total internal programs: 2, unique: 1)
Compiling shader "Hidden/Internal-GUITexture" pass "" (vp)
    Full variant space:         1
    After settings filtering:   1
    After built-in stripping:   1
    After scriptable stripping: 1
    Processed in 0.00 seconds
    starting compilation...
    finished in 0.00 seconds. Local cache hits 1 (0.00s CPU time), remote cache hits 0 (0.00s CPU time), compiled 0 variants (0.00s CPU time), skipped 0 variants
    Prepared data for serialisation in 0.00s
Compiling shader "Hidden/Internal-GUITexture" pass "" (vp)
    Full variant space:         1
    After settings filtering:   1
    After built-in stripping:   1
    After scriptable stripping: 1
    Processed in 0.00 seconds
    starting compilation...
    finished in 0.00 seconds. Local cache hits 1 (0.00s CPU time), remote cache hits 0 (0.00s CPU time), compiled 0 variants (0.00s CPU time), skipped 0 variants
    Prepared data for serialisation in 0.00s
Serialized binary data for shader Hidden/Internal-GUITexture in 0.00s
    gles3 (total internal programs: 2, unique: 1)
Compiling shader "Hidden/Internal-GUITextureBlit" pass "" (vp)
    Full variant space:         1
    After settings filtering:   1
    After built-in stripping:   1
    After scriptable stripping: 1
    Processed in 0.00 seconds
    starting compilation...
    finished in 0.00 seconds. Local cache hits 1 (0.00s CPU time), remote cache hits 0 (0.00s CPU time), compiled 0 variants (0.00s CPU time), skipped 0 variants
    Prepared data for serialisation in 0.00s
Compiling shader "Hidden/Internal-GUITextureBlit" pass "" (vp)
    Full variant space:         1
    After settings filtering:   1
    After built-in stripping:   1
    After scriptable stripping: 1
    Processed in 0.00 seconds
    starting compilation...
    finished in 0.00 seconds. Local cache hits 1 (0.00s CPU time), remote cache hits 0 (0.00s CPU time), compiled 0 variants (0.00s CPU time), skipped 0 variants
    Prepared data for serialisation in 0.00s
Serialized binary data for shader Hidden/Internal-GUITextureBlit in 0.00s
    gles3 (total internal programs: 2, unique: 1)
Compiling shader "Hidden/Internal-GUIRoundedRect" pass "" (vp)
    Full variant space:         1
    After settings filtering:   1
    After built-in stripping:   1
    After scriptable stripping: 1
    Processed in 0.00 seconds
    starting compilation...
    finished in 0.00 seconds. Local cache hits 1 (0.00s CPU time), remote cache hits 0 (0.00s CPU time), compiled 0 variants (0.00s CPU time), skipped 0 variants
    Prepared data for serialisation in 0.00s
Compiling shader "Hidden/Internal-GUIRoundedRect" pass "" (vp)
    Full variant space:         1
    After settings filtering:   1
    After built-in stripping:   1
    After scriptable stripping: 1
    Processed in 0.00 seconds
    starting compilation...
    finished in 0.00 seconds. Local cache hits 1 (0.00s CPU time), remote cache hits 0 (0.00s CPU time), compiled 0 variants (0.00s CPU time), skipped 0 variants
    Prepared data for serialisation in 0.00s
Serialized binary data for shader Hidden/Internal-GUIRoundedRect in 0.00s
    gles3 (total internal programs: 2, unique: 1)
Compiling shader "Hidden/Internal-GUIRoundedRectWithColorPerBorder" pass "" (vp)
    Full variant space:         1
    After settings filtering:   1
    After built-in stripping:   1
    After scriptable stripping: 1
    Processed in 0.00 seconds
    starting compilation...
    finished in 0.00 seconds. Local cache hits 1 (0.00s CPU time), remote cache hits 0 (0.00s CPU time), compiled 0 variants (0.00s CPU time), skipped 0 variants
    Prepared data for serialisation in 0.00s
Compiling shader "Hidden/Internal-GUIRoundedRectWithColorPerBorder" pass "" (vp)
    Full variant space:         1
    After settings filtering:   1
    After built-in stripping:   1
    After scriptable stripping: 1
    Processed in 0.00 seconds
    starting compilation...
    finished in 0.00 seconds. Local cache hits 1 (0.00s CPU time), remote cache hits 0 (0.00s CPU time), compiled 0 variants (0.00s CPU time), skipped 0 variants
    Prepared data for serialisation in 0.00s
Serialized binary data for shader Hidden/Internal-GUIRoundedRectWithColorPerBorder in 0.00s
    gles3 (total internal programs: 2, unique: 1)
Compiling shader "Hidden/Internal-UIRDefault" pass "" (vp)
    Full variant space:         1
    After settings filtering:   1
    After built-in stripping:   1
    After scriptable stripping: 1
    Processed in 0.00 seconds
    starting compilation...
    finished in 0.00 seconds. Local cache hits 1 (0.00s CPU time), remote cache hits 0 (0.00s CPU time), compiled 0 variants (0.00s CPU time), skipped 0 variants
    Prepared data for serialisation in 0.00s
Compiling shader "Hidden/Internal-UIRDefault" pass "" (vp)
    Full variant space:         1
    After settings filtering:   1
    After built-in stripping:   1
    After scriptable stripping: 1
    Processed in 0.00 seconds
    starting compilation...
    finished in 0.00 seconds. Local cache hits 1 (0.00s CPU time), remote cache hits 0 (0.00s CPU time), compiled 0 variants (0.00s CPU time), skipped 0 variants
    Prepared data for serialisation in 0.00s
Serialized binary data for shader Hidden/Internal-UIRDefault in 0.00s
    gles3 (total internal programs: 2, unique: 2)
Compiling shader "Hidden/Internal-UIRAtlasBlitCopy" pass "" (vp)
    Full variant space:         1
    After settings filtering:   1
    After built-in stripping:   1
    After scriptable stripping: 1
    Processed in 0.00 seconds
    starting compilation...
    finished in 0.00 seconds. Local cache hits 1 (0.00s CPU time), remote cache hits 0 (0.00s CPU time), compiled 0 variants (0.00s CPU time), skipped 0 variants
    Prepared data for serialisation in 0.00s
Serialized binary data for shader Hidden/Internal-UIRAtlasBlitCopy in 0.00s
    gles3 (total internal programs: 1, unique: 1)
Compiling shader "Hidden/Internal-UIRDefaultWorld" pass "" (vp)
    Full variant space:         1
    After settings filtering:   1
    After built-in stripping:   1
    After scriptable stripping: 1
    Processed in 0.00 seconds
    starting compilation...
    finished in 0.00 seconds. Local cache hits 1 (0.00s CPU time), remote cache hits 0 (0.00s CPU time), compiled 0 variants (0.00s CPU time), skipped 0 variants
    Prepared data for serialisation in 0.00s
Compiling shader "Hidden/Internal-UIRDefaultWorld" pass "" (vp)
    Full variant space:         1
    After settings filtering:   1
    After built-in stripping:   1
    After scriptable stripping: 1
    Processed in 0.00 seconds
    starting compilation...
    finished in 0.00 seconds. Local cache hits 1 (0.00s CPU time), remote cache hits 0 (0.00s CPU time), compiled 0 variants (0.00s CPU time), skipped 0 variants
    Prepared data for serialisation in 0.00s
Serialized binary data for shader Hidden/Internal-UIRDefaultWorld in 0.00s
    gles3 (total internal programs: 2, unique: 2)
Compiling shader "Sprites/Default" pass "" (vp)
    Full variant space:         8
    After settings filtering:   8
    After built-in stripping:   4
    After scriptable stripping: 4
    Processed in 0.00 seconds
    starting compilation...
    finished in 0.00 seconds. Local cache hits 4 (0.00s CPU time), remote cache hits 0 (0.00s CPU time), compiled 0 variants (0.00s CPU time), skipped 0 variants
    Prepared data for serialisation in 0.00s
Serialized binary data for shader Sprites/Default in 0.00s
    gles3 (total internal programs: 4, unique: 4)
Compiling shader "Sprites/Mask" pass "" (vp)
    Full variant space:         4
    After settings filtering:   4
    After built-in stripping:   4
    After scriptable stripping: 4
    Processed in 0.00 seconds
    starting compilation...
    finished in 0.00 seconds. Local cache hits 4 (0.00s CPU time), remote cache hits 0 (0.00s CPU time), compiled 0 variants (0.00s CPU time), skipped 0 variants
    Prepared data for serialisation in 0.00s
Serialized binary data for shader Sprites/Mask in 0.00s
    gles3 (total internal programs: 4, unique: 4)
Compiling shader "Hidden/CubeBlur" pass "" (vp)
    Full variant space:         1
    After settings filtering:   1
    After built-in stripping:   1
    After scriptable stripping: 1
    Processed in 0.00 seconds
    starting compilation...
    finished in 0.00 seconds. Local cache hits 1 (0.00s CPU time), remote cache hits 0 (0.00s CPU time), compiled 0 variants (0.00s CPU time), skipped 0 variants
    Prepared data for serialisation in 0.00s
Compiling shader "Hidden/CubeBlur" pass "" (vp)
    Full variant space:         1
    After settings filtering:   1
    After built-in stripping:   1
    After scriptable stripping: 1
    Processed in 0.00 seconds
    starting compilation...
    finished in 0.00 seconds. Local cache hits 1 (0.00s CPU time), remote cache hits 0 (0.00s CPU time), compiled 0 variants (0.00s CPU time), skipped 0 variants
    Prepared data for serialisation in 0.00s
Serialized binary data for shader Hidden/CubeBlur in 0.00s
    gles3 (total internal programs: 2, unique: 2)
Compiling shader "Hidden/CubeCopy" pass "" (vp)
    Full variant space:         1
    After settings filtering:   1
    After built-in stripping:   1
    After scriptable stripping: 1
    Processed in 0.00 seconds
    starting compilation...
    finished in 0.00 seconds. Local cache hits 1 (0.00s CPU time), remote cache hits 0 (0.00s CPU time), compiled 0 variants (0.00s CPU time), skipped 0 variants
    Prepared data for serialisation in 0.00s
Compiling shader "Hidden/CubeCopy" pass "" (vp)
    Full variant space:         1
    After settings filtering:   1
    After built-in stripping:   1
    After scriptable stripping: 1
    Processed in 0.00 seconds
    starting compilation...
    finished in 0.00 seconds. Local cache hits 1 (0.00s CPU time), remote cache hits 0 (0.00s CPU time), compiled 0 variants (0.00s CPU time), skipped 0 variants
    Prepared data for serialisation in 0.00s
Serialized binary data for shader Hidden/CubeCopy in 0.00s
    gles3 (total internal programs: 2, unique: 1)
Compiling shader "Hidden/CubeBlend" pass "" (vp)
    Full variant space:         1
    After settings filtering:   1
    After built-in stripping:   1
    After scriptable stripping: 1
    Processed in 0.00 seconds
    starting compilation...
    finished in 0.00 seconds. Local cache hits 1 (0.00s CPU time), remote cache hits 0 (0.00s CPU time), compiled 0 variants (0.00s CPU time), skipped 0 variants
    Prepared data for serialisation in 0.00s
Compiling shader "Hidden/CubeBlend" pass "" (vp)
    Full variant space:         1
    After settings filtering:   1
    After built-in stripping:   1
    After scriptable stripping: 1
    Processed in 0.00 seconds
    starting compilation...
    finished in 0.00 seconds. Local cache hits 1 (0.00s CPU time), remote cache hits 0 (0.00s CPU time), compiled 0 variants (0.00s CPU time), skipped 0 variants
    Prepared data for serialisation in 0.00s
Serialized binary data for shader Hidden/CubeBlend in 0.00s
    gles3 (total internal programs: 2, unique: 1)
Compiling shader "Hidden/VR/BlitTexArraySlice" pass "" (vp)
    Full variant space:         1
    After settings filtering:   1
    After built-in stripping:   1
    After scriptable stripping: 1
    Processed in 0.00 seconds
    starting compilation...
    finished in 0.00 seconds. Local cache hits 1 (0.00s CPU time), remote cache hits 0 (0.00s CPU time), compiled 0 variants (0.00s CPU time), skipped 0 variants
    Prepared data for serialisation in 0.00s
Serialized binary data for shader Hidden/VR/BlitTexArraySlice in 0.00s
    gles3 (total internal programs: 1, unique: 1)
Compiling shader "Hidden/Internal-ODSWorldTexture" pass "" (vp)
    Full variant space:         1
    After settings filtering:   1
    After built-in stripping:   1
    After scriptable stripping: 1
    Processed in 0.00 seconds
    starting compilation...
    finished in 0.00 seconds. Local cache hits 1 (0.00s CPU time), remote cache hits 0 (0.00s CPU time), compiled 0 variants (0.00s CPU time), skipped 0 variants
    Prepared data for serialisation in 0.00s
Compiling shader "Hidden/Internal-ODSWorldTexture" pass "" (vp)
    Full variant space:         1
    After settings filtering:   1
    After built-in stripping:   1
    After scriptable stripping: 1
    Processed in 0.00 seconds
    starting compilation...
    finished in 0.00 seconds. Local cache hits 1 (0.00s CPU time), remote cache hits 0 (0.00s CPU time), compiled 0 variants (0.00s CPU time), skipped 0 variants
    Prepared data for serialisation in 0.00s
Compiling shader "Hidden/Internal-ODSWorldTexture" pass "" (vp)
    Full variant space:         1
    After settings filtering:   1
    After built-in stripping:   1
    After scriptable stripping: 1
    Processed in 0.00 seconds
    starting compilation...
    finished in 0.00 seconds. Local cache hits 1 (0.00s CPU time), remote cache hits 0 (0.00s CPU time), compiled 0 variants (0.00s CPU time), skipped 0 variants
    Prepared data for serialisation in 0.00s
Compiling shader "Hidden/Internal-ODSWorldTexture" pass "" (vp)
    Full variant space:         1
    After settings filtering:   1
    After built-in stripping:   1
    After scriptable stripping: 1
    Processed in 0.00 seconds
    starting compilation...
    finished in 0.00 seconds. Local cache hits 1 (0.00s CPU time), remote cache hits 0 (0.00s CPU time), compiled 0 variants (0.00s CPU time), skipped 0 variants
    Prepared data for serialisation in 0.00s
Compiling shader "Hidden/Internal-ODSWorldTexture" pass "" (vp)
    Full variant space:         1
    After settings filtering:   1
    After built-in stripping:   1
    After scriptable stripping: 1
    Processed in 0.00 seconds
    starting compilation...
    finished in 0.00 seconds. Local cache hits 1 (0.00s CPU time), remote cache hits 0 (0.00s CPU time), compiled 0 variants (0.00s CPU time), skipped 0 variants
    Prepared data for serialisation in 0.00s
Compiling shader "Hidden/Internal-ODSWorldTexture" pass "" (vp)
    Full variant space:         1
    After settings filtering:   1
    After built-in stripping:   1
    After scriptable stripping: 1
    Processed in 0.00 seconds
    starting compilation...
    finished in 0.00 seconds. Local cache hits 1 (0.00s CPU time), remote cache hits 0 (0.00s CPU time), compiled 0 variants (0.00s CPU time), skipped 0 variants
    Prepared data for serialisation in 0.00s
Compiling shader "Hidden/Internal-ODSWorldTexture" pass "" (vp)
    Full variant space:         1
    After settings filtering:   1
    After built-in stripping:   1
    After scriptable stripping: 1
    Processed in 0.00 seconds
    starting compilation...
    finished in 0.00 seconds. Local cache hits 1 (0.00s CPU time), remote cache hits 0 (0.00s CPU time), compiled 0 variants (0.00s CPU time), skipped 0 variants
    Prepared data for serialisation in 0.00s
Compiling shader "Hidden/Internal-ODSWorldTexture" pass "" (vp)
    Full variant space:         1
    After settings filtering:   1
    After built-in stripping:   1
    After scriptable stripping: 1
    Processed in 0.00 seconds
    starting compilation...
    finished in 0.00 seconds. Local cache hits 1 (0.00s CPU time), remote cache hits 0 (0.00s CPU time), compiled 0 variants (0.00s CPU time), skipped 0 variants
    Prepared data for serialisation in 0.00s
Compiling shader "Hidden/Internal-ODSWorldTexture" pass "" (vp)
    Full variant space:         1
    After settings filtering:   1
    After built-in stripping:   1
    After scriptable stripping: 1
    Processed in 0.00 seconds
    starting compilation...
    finished in 0.00 seconds. Local cache hits 1 (0.00s CPU time), remote cache hits 0 (0.00s CPU time), compiled 0 variants (0.00s CPU time), skipped 0 variants
    Prepared data for serialisation in 0.00s
Compiling shader "Hidden/Internal-ODSWorldTexture" pass "" (vp)
    Full variant space:         1
    After settings filtering:   1
    After built-in stripping:   1
    After scriptable stripping: 1
    Processed in 0.00 seconds
    starting compilation...
    finished in 0.00 seconds. Local cache hits 1 (0.00s CPU time), remote cache hits 0 (0.00s CPU time), compiled 0 variants (0.00s CPU time), skipped 0 variants
    Prepared data for serialisation in 0.00s
Serialized binary data for shader Hidden/Internal-ODSWorldTexture in 0.00s
    gles3 (total internal programs: 10, unique: 9)
Compiling shader "Hidden/Internal-CubemapToEquirect" pass "" (vp)
    Full variant space:         1
    After settings filtering:   1
    After built-in stripping:   1
    After scriptable stripping: 1
    Processed in 0.00 seconds
    starting compilation...
    finished in 0.00 seconds. Local cache hits 1 (0.00s CPU time), remote cache hits 0 (0.00s CPU time), compiled 0 variants (0.00s CPU time), skipped 0 variants
    Prepared data for serialisation in 0.00s
Serialized binary data for shader Hidden/Internal-CubemapToEquirect in 0.00s
    gles3 (total internal programs: 1, unique: 1)
Compiling shader "Hidden/VR/BlitFromTex2DToTexArraySlice" pass "" (vp)
    Full variant space:         1
    After settings filtering:   1
    After built-in stripping:   1
    After scriptable stripping: 1
    Processed in 0.00 seconds
    starting compilation...
    finished in 0.00 seconds. Local cache hits 1 (0.00s CPU time), remote cache hits 0 (0.00s CPU time), compiled 0 variants (0.00s CPU time), skipped 0 variants
    Prepared data for serialisation in 0.00s
Compiling shader "Hidden/VR/BlitFromTex2DToTexArraySlice" pass "" (vp)
    Full variant space:         1
    After settings filtering:   1
    After built-in stripping:   1
    After scriptable stripping: 1
    Processed in 0.00 seconds
    starting compilation...
    finished in 0.00 seconds. Local cache hits 1 (0.00s CPU time), remote cache hits 0 (0.00s CPU time), compiled 0 variants (0.00s CPU time), skipped 0 variants
    Prepared data for serialisation in 0.00s
Serialized binary data for shader Hidden/VR/BlitFromTex2DToTexArraySlice in 0.00s
    gles3 (total internal programs: 2, unique: 2)
Compiling shader "Hidden/TextCore/Distance Field SSD" pass "" (vp)
    Full variant space:         1
    After settings filtering:   1
    After built-in stripping:   1
    After scriptable stripping: 1
    Processed in 0.00 seconds
    starting compilation...
    finished in 0.00 seconds. Local cache hits 1 (0.00s CPU time), remote cache hits 0 (0.00s CPU time), compiled 0 variants (0.00s CPU time), skipped 0 variants
    Prepared data for serialisation in 0.00s
Serialized binary data for shader Hidden/TextCore/Distance Field SSD in 0.00s
    gles3 (total internal programs: 1, unique: 1)
Compiling shader "UI/Default" pass "Default" (vp)
    Full variant space:         2
    After settings filtering:   2
    After built-in stripping:   2
    After scriptable stripping: 2
    Processed in 0.00 seconds
    starting compilation...
    finished in 0.00 seconds. Local cache hits 2 (0.00s CPU time), remote cache hits 0 (0.00s CPU time), compiled 0 variants (0.00s CPU time), skipped 0 variants
    Prepared data for serialisation in 0.00s
Serialized binary data for shader UI/Default in 0.00s
    gles3 (total internal programs: 2, unique: 2)

***Player size statistics***
Level 0 'Assets/LaunchScene/Scenes/Launch.unity' uses 5.9 MB compressed / 16.0 MB uncompressed.
Total compressed size 5.9 MB. Total uncompressed size 16.0 MB.
Starting: F:\Unity2022.3.62f3f1\2022.3.62f3c1\Editor\Data\bee_backend.exe --ipc --dagfile="Library/Bee/Player9b72cf7a.dag" --profile="Library/Bee/backend1.traceevents" Player
WorkingDir: C:/Users/slimboiliu/PartyBlock-Stable-WebGLBuild
Starting: F:\Unity2022.3.62f3f1\2022.3.62f3c1\Editor\Data\Tools\netcorerun\netcorerun.exe "F:\Unity2022.3.62f3f1\2022.3.62f3c1\Editor\Data\PlaybackEngines\WebGLSupport\WebGLPlayerBuildProgram.exe" "F:/Unity2022.3.62f3f1/2022.3.62f3c1/Editor/Data/PlaybackEngines/WebGLSupport/Bee;F:/Unity2022.3.62f3f1/2022.3.62f3c1/Editor/Data/Tools/BuildPipeline" "Library/Bee/Player9b72cf7a.dag.json" "Library/Bee/Player9b72cf7a-inputdata.json" "Library\Bee\buildprogram0.traceevents"
WorkingDir: C:/Users/slimboiliu/PartyBlock-Stable-WebGLBuild
ExitCode: 4 Duration: 0s80ms
DisplayProgressbar: Incremental Player Build
ExitCode: 0 Duration: 0s672ms
Starting: F:\Unity2022.3.62f3f1\2022.3.62f3c1\Editor\Data\bee_backend.exe --ipc --dagfile="Library/Bee/Player9b72cf7a.dag" --dagfilejson="Library\Bee\Player9b72cf7a.dag.json" --profile="Library/Bee/backend2.traceevents" Player
WorkingDir: C:/Users/slimboiliu/PartyBlock-Stable-WebGLBuild
Starting: F:\Unity2022.3.62f3f1\2022.3.62f3c1\Editor\Data\Tools\netcorerun\netcorerun.exe "F:\Unity2022.3.62f3f1\2022.3.62f3c1\Editor\Data\PlaybackEngines\WebGLSupport\WebGLPlayerBuildProgram.exe" "F:/Unity2022.3.62f3f1/2022.3.62f3c1/Editor/Data/PlaybackEngines/WebGLSupport/Bee;F:/Unity2022.3.62f3f1/2022.3.62f3c1/Editor/Data/Tools/BuildPipeline" "Library/Bee/Player9b72cf7a.dag.json" "Library/Bee/Player9b72cf7a-inputdata.json" "Library\Bee\buildprogram1.traceevents"
WorkingDir: C:/Users/slimboiliu/PartyBlock-Stable-WebGLBuild
ExitCode: 4 Duration: 44s
ExitCode: 0 Duration: 0s972ms
Starting: F:\Unity2022.3.62f3f1\2022.3.62f3c1\Editor\Data\bee_backend.exe --ipc --dagfile="Library/Bee/Player9b72cf7a.dag" --dagfilejson="Library\Bee\Player9b72cf7a.dag.json" --profile="Library/Bee/backend3.traceevents" Player
WorkingDir: C:/Users/slimboiliu/PartyBlock-Stable-WebGLBuild
Starting: F:\Unity2022.3.62f3f1\2022.3.62f3c1\Editor\Data\Tools\netcorerun\netcorerun.exe "F:\Unity2022.3.62f3f1\2022.3.62f3c1\Editor\Data\PlaybackEngines\WebGLSupport\WebGLPlayerBuildProgram.exe" "F:/Unity2022.3.62f3f1/2022.3.62f3c1/Editor/Data/PlaybackEngines/WebGLSupport/Bee;F:/Unity2022.3.62f3f1/2022.3.62f3c1/Editor/Data/Tools/BuildPipeline" "Library/Bee/Player9b72cf7a.dag.json" "Library/Bee/Player9b72cf7a-inputdata.json" "Library\Bee\buildprogram2.traceevents"
WorkingDir: C:/Users/slimboiliu/PartyBlock-Stable-WebGLBuild
ExitCode: 4 Duration: 12s
ExitCode: 0 Duration: 1s76ms
Starting: F:\Unity2022.3.62f3f1\2022.3.62f3c1\Editor\Data\bee_backend.exe --ipc --dagfile="Library/Bee/Player9b72cf7a.dag" --dagfilejson="Library\Bee\Player9b72cf7a.dag.json" --profile="Library/Bee/backend4.traceevents" Player
WorkingDir: C:/Users/slimboiliu/PartyBlock-Stable-WebGLBuild
TcpProtobufSession - receive error
TcpProtobufClient - Transport error errorcode: 2, details: 系统找不到指定的文件。

TcpProtobufSession - receive error
TcpProtobufClient - Transport error errorcode: 2, details: 系统找不到指定的文件。

TcpProtobufSession - receive error
TcpProtobufClient - Transport error errorcode: 2, details: 系统找不到指定的文件。

ExitCode: 0 Duration: 7m:29s
[websockify wrapper] Start node and websockify.js
[websockify wrapper] Proxying from :54998 to localhost:34999
Refreshing native plugins compatible for Editor in 123.29 ms, found 12 plugins.
Preloading 0 native plugins for Editor in 0.00 ms.

-------------------------------------------------------------------------------
Build Report
Uncompressed usage by category (Percentages based on user generated assets only):
Textures               12.3 mb	 81.5% 
Meshes                 0.0 kb	 0.0% 
Animations             121.8 kb	 0.8% 
Sounds                 0.0 kb	 0.0% 
Shaders                797.6 kb	 5.2% 
Other Assets           1.5 mb	 10.1% 
Levels                 0.0 kb	 0.0% 
Scripts                263.9 kb	 1.7% 
Included DLLs          0.0 kb	 0.0% 
File headers           114.5 kb	 0.7% 
Total User Assets      15.0 mb	 100.0% 
Complete build size    129.4 mb
Used Assets and files from the Resources folder, sorted by uncompressed size:
 1.8 mb	 1.4% Assets/Bundles/Fight/Atlas/FightAtlas.spriteatlasv2
 1.8 mb	 1.4% Assets/Bundles/UI_System/UICommon/Atlas/UICommonAtlas.spriteatlasv2
 1.2 mb	 0.9% Built-in Texture2D: Splash Screen Unity Logo
 1.0 mb	 0.8% Assets/TextMesh Pro/Resources/Fonts & Materials/LiberationSans SDF.asset
 463.1 kb	 0.3% Assets/Bundles/UI_System/UIMusic/Atlas/MusicAtlas.spriteatlasv2
 463.0 kb	 0.3% Assets/Bundles/UI_System/UIMain/Atlas/MainWindowAtlas.spriteatlasv2
 457.0 kb	 0.3% Assets/Bundles/Fight/Textrue/UI_zdn_bg_huanghun_2048bg.png
 457.0 kb	 0.3% Assets/Bundles/FX/UI_Effect/FX_C_TBC_Tex_xulie05.png
 344.5 kb	 0.3% Assets/TextMesh Pro/Fonts/LiberationSans.ttf
 262.6 kb	 0.2% Packages/com.unity.render-pipelines.universal/Textures/SMAA/AreaTex.tga
 256.1 kb	 0.2% Packages/com.unity.render-pipelines.universal/Textures/FilmGrain/Thin02.png
 256.1 kb	 0.2% Packages/com.unity.render-pipelines.universal/Textures/FilmGrain/Thin01.png
 256.1 kb	 0.2% Packages/com.unity.render-pipelines.universal/Textures/FilmGrain/Medium06.png
 256.1 kb	 0.2% Packages/com.unity.render-pipelines.universal/Textures/FilmGrain/Medium05.png
 256.1 kb	 0.2% Packages/com.unity.render-pipelines.universal/Textures/FilmGrain/Medium04.png
 256.1 kb	 0.2% Packages/com.unity.render-pipelines.universal/Textures/FilmGrain/Medium03.png
 256.1 kb	 0.2% Packages/com.unity.render-pipelines.universal/Textures/FilmGrain/Medium02.png
 256.1 kb	 0.2% Packages/com.unity.render-pipelines.universal/Textures/FilmGrain/Medium01.png
 256.1 kb	 0.2% Packages/com.unity.render-pipelines.universal/Textures/FilmGrain/Large02.png
 256.1 kb	 0.2% Packages/com.unity.render-pipelines.universal/Textures/FilmGrain/Large01.png
 229.9 kb	 0.2% Assets/Bundles/Fight/Textrue/UI_zdn_bg_xsqu_2048bg.png
 229.9 kb	 0.2% Assets/LaunchScene/Textrue/UI_loading_beijing.png
 214.3 kb	 0.2% Assets/Bundles/Common/Font/JingNanBoBoHei-Bold-2.ttf
 180.9 kb	 0.1% Packages/com.unity.render-pipelines.universal/Shaders/PostProcessing/UberPost.shader
 167.1 kb	 0.1% Assets/TextMesh Pro/Examples & Extras/Fonts/Roboto-Bold.ttf
 154.8 kb	 0.1% Assets/Resources/Icon/5.png
 151.4 kb	 0.1% Assets/Bundles/Fight/Textrue/UI_js_tx_gyun03.png
 115.7 kb	 0.1% Assets/LaunchScene/Textrue/UI_loading_fangkuai.png
 115.7 kb	 0.1% Assets/LaunchScene/Textrue/UI_loading_icon2.png
 115.7 kb	 0.1% Assets/Bundles/FX/UI_Effect/FX_MusicNotes.png
 115.7 kb	 0.1% Assets/Bundles/UI_Npc/Npc_Textrue/npc_sp_kb.png
 115.7 kb	 0.1% Assets/Bundles/UI_Npc/Npc_Textrue/npc_kala_2.png
 115.7 kb	 0.1% Assets/Bundles/UI_Npc/Npc_Textrue/npc_kala_1.png
 79.7 kb	 0.1% Packages/com.unity.render-pipelines.core/Runtime/Debugging/Prefabs/Fonts/PerfectDOSVGA437.ttf
 71.8 kb	 0.1% Assets/TextMesh Pro/Examples & Extras/Fonts/Electronic Highway Sign.TTF
 70.7 kb	 0.1% Resources/unity_builtin_extra
 65.8 kb	 0.0% Assets/Bundles/Fight/Textrue/UI_zdn_img_xiaochudi.png
 64.7 kb	 0.0% Packages/com.unity.render-pipelines.universal/Shaders/Utils/CoreBlit.shader
 64.1 kb	 0.0% Assets/TextMesh Pro/Examples & Extras/Sprites/Default Sprites.png
 59.1 kb	 0.0% Packages/com.unity.render-pipelines.core/Runtime/Debugging/Prefabs/Widgets/DebugUIBitField.prefab
 57.9 kb	 0.0% Assets/TextMesh Pro/Examples & Extras/Textures/Sunny Days - Seamless.jpg
 52.2 kb	 0.0% Assets/TextMesh Pro/Examples & Extras/Fonts/Oswald-Bold.ttf
 43.4 kb	 0.0% Packages/com.unity.render-pipelines.universal/Shaders/Terrain/WavingGrass.shader
 41.8 kb	 0.0% Assets/TextMesh Pro/Examples & Extras/Fonts/Anton.ttf
 39.1 kb	 0.0% Assets/TextMesh Pro/Examples & Extras/Fonts/Bangers.ttf
 32.7 kb	 0.0% Assets/TextMesh Pro/Shaders/TMP_SDF-Surface.shader
 29.8 kb	 0.0% Packages/com.unity.render-pipelines.universal/Shaders/Terrain/WavingGrassBillboard.shader
 29.7 kb	 0.0% Assets/Bundles/FX/UI_Effect/_Obj_Target_orange01.png
 29.0 kb	 0.0% Assets/TextMesh Pro/Examples & Extras/Textures/Fruit Jelly (B&W).jpg
 29.0 kb	 0.0% Assets/Bundles/FX/UI_Effect/FX_C_TBC_CD_Tex001.png
 29.0 kb	 0.0% Assets/TextMesh Pro/Examples & Extras/Sprites/DropCap Numbers.psd
 29.0 kb	 0.0% Assets/TextMesh Pro/Examples & Extras/Textures/Floor Cement.jpg
 29.0 kb	 0.0% Assets/TextMesh Pro/Sprites/EmojiOne.png
 28.5 kb	 0.0% Packages/com.unity.render-pipelines.universal/Shaders/PostProcessing/BokehDepthOfField.shader
 27.4 kb	 0.0% Packages/com.unity.render-pipelines.universal/Shaders/Terrain/TerrainDetailLit.shader
 24.1 kb	 0.0% Packages/com.unity.render-pipelines.universal/Shaders/PostProcessing/TemporalAA.shader
 23.8 kb	 0.0% Assets/Bundles/UI_System/UIMain/Atlas/UI_zjm_logodeng.png
 23.5 kb	 0.0% Assets/TextMesh Pro/Shaders/TMP_SDF.shader
 21.0 kb	 0.0% Packages/com.unity.render-pipelines.universal/Shaders/PostProcessing/FinalPost.shader
 20.7 kb	 0.0% Packages/com.unity.render-pipelines.universal/Shaders/Utils/StencilDeferred.shader
 20.4 kb	 0.0% Packages/com.unity.render-pipelines.universal/Shaders/PostProcessing/LensFlareDataDriven.shader
 19.0 kb	 0.0% Assets/Bundles/UI_System/UICommon/Textrue/UI_loading_wenzi.png
 17.6 kb	 0.0% Assets/Bundles/FX/Shader/2D_Additive.shadergraph
 16.0 kb	 0.0% Packages/com.unity.render-pipelines.universal/Shaders/PostProcessing/GaussianDepthOfField.shader
 15.1 kb	 0.0% Assets/Bundles/Shaders/Shader/2D-CreateShinerMask.shader
 15.1 kb	 0.0% Assets/Resources/LanguageConfig.bytes
 14.9 kb	 0.0% Assets/TextMesh Pro/Examples & Extras/Textures/Brushed Metal 3.jpg
 14.9 kb	 0.0% Assets/Bundles/FX/UI_Effect/_Obj_kuang01.png
 14.2 kb	 0.0% Assets/TextMesh Pro/Shaders/TMP_SDF-Surface-Mobile.shader
 14.2 kb	 0.0% Packages/com.unity.render-pipelines.universal/Shaders/PostProcessing/Bloom.shader
 13.6 kb	 0.0% Packages/com.unity.render-pipelines.universal/Shaders/PostProcessing/SubpixelMorphologicalAntialiasing.shader
 11.3 kb	 0.0% Assets/TextMesh Pro/Shaders/TMP_SDF-Mobile.shader
 11.3 kb	 0.0% Packages/com.unity.render-pipelines.universal/Shaders/Debug/HDRDebugView.shader
 10.6 kb	 0.0% Packages/com.unity.render-pipelines.universal/Shaders/PostProcessing/CameraMotionBlur.shader
 10.0 kb	 0.0% Packages/com.unity.render-pipelines.universal/Shaders/PostProcessing/LutBuilderHdr.shader
 9.8 kb	 0.0% Assets/TextMesh Pro/Shaders/TMP_SDF-Mobile Masking.shader
 9.7 kb	 0.0% Assets/Bundles/FX/Ani/FX_C_BG_Loop_01.anim
 9.3 kb	 0.0% Packages/com.unity.render-pipelines.core/Runtime/Debugging/Prefabs/Widgets/DebugUIPanel.prefab
 9.0 kb	 0.0% Assets/TextMesh Pro/Shaders/TMP_SDF-Mobile Overlay.shader
 7.7 kb	 0.0% Assets/Bundles/FX/UI_Effect/FX_C_TBC_Tex_Glow05.png
 7.7 kb	 0.0% Assets/Bundles/FX/UI_Effect/FX_C_TBC_CD_Tex002.png
 7.7 kb	 0.0% Assets/Bundles/FX/UI_Effect/FX_C_BG_night_tex03.png
 7.7 kb	 0.0% Assets/Bundles/FX/UI_Effect/FX_C_1Obj_Prop_tex03.png
 7.7 kb	 0.0% Assets/Bundles/FX/UI_Effect/FX_C_1Obj_Prop_tex02.png
 7.7 kb	 0.0% Assets/Bundles/FX/UI_Effect/FX_C_1Obj_Prop_tex01.png
 7.0 kb	 0.0% Assets/Bundles/Fight/Anim/UIFightMain_Gameover_Ani.anim
 7.0 kb	 0.0% Packages/com.unity.render-pipelines.universal/Shaders/PostProcessing/LutBuilderLdr.shader
 6.8 kb	 0.0% Packages/com.unity.render-pipelines.universal/Shaders/PostProcessing/EdgeAdaptiveSpatialUpsampling.shader
 6.7 kb	 0.0% Packages/com.unity.render-pipelines.universal/Shaders/XR/XRMirrorView.shader
 6.5 kb	 0.0% Packages/com.unity.render-pipelines.core/Runtime/Debugging/Prefabs/Widgets/DebugUIColor.prefab
 6.3 kb	 0.0% Assets/Bundles/UI_System/UIMusic/Anim/_Btn_Music_Loop_Loop.anim
 6.2 kb	 0.0% Packages/com.unity.render-pipelines.universal/Shaders/Utils/CoreBlitColorAndDepth.shader
 6.1 kb	 0.0% Packages/com.unity.render-pipelines.core/Runtime/Debugging/Prefabs/Widgets/DebugUIVector4.prefab
 5.3 kb	 0.0% Assets/Bundles/Shaders/Shader/UI-Default.shader
 5.3 kb	 0.0% Assets/TextMesh Pro/Shaders/TMP_Sprite.shader
 5.2 kb	 0.0% Packages/com.unity.render-pipelines.core/Runtime/Debugging/Prefabs/Widgets/DebugUIVector3.prefab
 5.1 kb	 0.0% Packages/com.unity.render-pipelines.universal/Shaders/PostProcessing/ScalingSetup.shader
 5.0 kb	 0.0% Assets/Bundles/UI_System/UICommon/Atlas/UI_ty_img_dxcl02.png
 4.9 kb	 0.0% Assets/Bundles/Fight/Anim/OrderItem_Notice.anim
 4.8 kb	 0.0% Assets/Bundles/Fight/Anim/OrderItem_Btn_AD_Ani.anim
 4.6 kb	 0.0% Assets/Bundles/FX/Ani/FX_C_night_loop_01.anim
 4.5 kb	 0.0% Packages/com.unity.render-pipelines.universal/Shaders/ObjectMotionVectors.shader
 4.5 kb	 0.0% Assets/Bundles/Fight/Anim/OrderItem_Btn_Cost_Ani.anim
 4.4 kb	 0.0% Packages/com.unity.render-pipelines.universal/Shaders/Utils/CopyDepth.shader
 4.4 kb	 0.0% Packages/com.unity.render-pipelines.core/Runtime/Debugging/Prefabs/Widgets/DebugUIUIntField.prefab
 4.4 kb	 0.0% Packages/com.unity.render-pipelines.core/Runtime/Debugging/Prefabs/Widgets/DebugUIIntField.prefab
 4.3 kb	 0.0% Packages/com.unity.render-pipelines.universal/Shaders/Debug/DebugReplacement.shader
 4.3 kb	 0.0% Packages/com.unity.render-pipelines.core/Runtime/Debugging/Prefabs/Widgets/DebugUIVector2.prefab
 4.2 kb	 0.0% Assets/Bundles/FX/Ani/_Obj_Target_Ani.anim
 4.2 kb	 0.0% Packages/com.unity.render-pipelines.core/Runtime/Debugging/Prefabs/Resources/DebugUICanvas.prefab
 4.2 kb	 0.0% Assets/Bundles/FX/Ani/_Obj_New_Ani.anim
 4.1 kb	 0.0% Assets/TextMesh Pro/Examples & Extras/Textures/Wipe Pattern - Circle.psd
 4.1 kb	 0.0% Packages/com.unity.render-pipelines.universal/Textures/BlueNoise64/L/LDR_LLL1_0.png
 4.1 kb	 0.0% Packages/com.unity.render-pipelines.universal/Shaders/PostProcessing/PaniniProjection.shader
 4.1 kb	 0.0% Packages/com.unity.render-pipelines.core/Runtime/Debugging/Prefabs/Widgets/DebugUIFloatField.prefab
 4.1 kb	 0.0% Packages/com.unity.render-pipelines.universal/Shaders/CameraMotionVectors.shader
 4.0 kb	 0.0% Packages/com.unity.render-pipelines.universal/Shaders/Utils/FallbackError.shader
 3.9 kb	 0.0% Packages/com.unity.render-pipelines.universal/Shaders/Utils/Blit.shader
 3.9 kb	 0.0% Packages/com.unity.render-pipelines.universal/Shaders/Utils/FallbackLoading.shader
 3.8 kb	 0.0% Packages/com.unity.render-pipelines.universal/Shaders/PostProcessing/StopNaN.shader
 3.8 kb	 0.0% Assets/Bundles/Fight/Anim/OrderItem_AC.controller
 3.8 kb	 0.0% Packages/com.unity.render-pipelines.universal/Shaders/Utils/Sampling.shader
 3.7 kb	 0.0% Packages/com.unity.render-pipelines.universal/Shaders/Utils/MaterialError.shader
 3.5 kb	 0.0% Assets/Bundles/Fight/Anim/UIFightMain_Guide_Ani.anim
 3.4 kb	 0.0% Packages/com.unity.shadergraph/Editor/Resources/Shaders/FallbackError.shader
 3.3 kb	 0.0% Assets/TextMesh Pro/Resources/Sprite Assets/EmojiOne.asset
 3.3 kb	 0.0% Packages/com.unity.render-pipelines.core/Runtime/RenderPipelineResources/FallbackShader.shader
 3.2 kb	 0.0% Assets/TextMesh Pro/Resources/Fonts & Materials/LiberationSans SDF - Fallback.asset
 3.2 kb	 0.0% Assets/Bundles/FX/Ani/FX_C_Obj_Prop_once.anim
 3.2 kb	 0.0% Assets/Bundles/Fight/Atlas/UI_js_img_yushui.png
 3.1 kb	 0.0% Assets/Bundles/Fight/Anim/UIFightMain_Item_Loop_Ani.anim
 3.1 kb	 0.0% Assets/Bundles/Fight/Anim/OrderItem_Hide.anim
 3.1 kb	 0.0% Assets/Bundles/Fight/Anim/OrderItem_Show.anim
 3.0 kb	 0.0% Assets/Bundles/UI_System/UIMusic/Anim/_Btn_Music_Loop_Show.anim
 3.0 kb	 0.0% Assets/Bundles/Fight/Atlas/UI_zdn_sb_wuyun.png
 2.9 kb	 0.0% Packages/com.unity.render-pipelines.universal/Shaders/XR/XROcclusionMesh.shader
 2.9 kb	 0.0% Assets/Bundles/UI_System/UICommon/Anim/UIRedPoint_Loop.anim
 2.9 kb	 0.0% Assets/TextMesh Pro/Examples & Extras/Resources/Fonts & Materials/Oswald Bold SDF.asset
 2.9 kb	 0.0% Assets/TextMesh Pro/Examples & Extras/Resources/Fonts & Materials/Bangers SDF.asset
 2.8 kb	 0.0% Assets/Bundles/FX/Ani/ComboReward_Ani.anim
 2.8 kb	 0.0% Assets/TextMesh Pro/Examples & Extras/Resources/Fonts & Materials/Electronic Highway Sign SDF.asset
 2.8 kb	 0.0% Packages/com.unity.render-pipelines.core/Runtime/Debugging/Prefabs/Widgets/DebugUIObjectPopupField.prefab
 2.8 kb	 0.0% Assets/Bundles/Fight/Anim/RandomItem_Show.anim
 2.8 kb	 0.0% Assets/TextMesh Pro/Examples & Extras/Resources/Fonts & Materials/Roboto-Bold SDF.asset
 2.7 kb	 0.0% Assets/TextMesh Pro/Examples & Extras/Resources/Fonts & Materials/Anton SDF.asset
 2.7 kb	 0.0% Assets/Bundles/Fight/Atlas/UI_zdn_txt_partyson.png
 2.7 kb	 0.0% Assets/Bundles/FX/Ani/FX_C_Obj_Prop_Idel.anim
 2.6 kb	 0.0% Assets/Bundles/UI_System/UICommon/Anim/UIRedPoint_Start.anim
 2.6 kb	 0.0% Packages/com.unity.render-pipelines.core/Runtime/Debugging/Prefabs/Widgets/DebugUIObjectList.prefab
 2.6 kb	 0.0% Packages/com.unity.render-pipelines.core/Runtime/Debugging/Prefabs/Widgets/DebugUIEnumField.prefab
 2.6 kb	 0.0% Assets/Bundles/Fight/Anim/FIght_RemoveMoney_Ani.anim
 2.6 kb	 0.0% Assets/Bundles/Fight/Anim/Fight_Money_Ani.anim
 2.6 kb	 0.0% Assets/Bundles/Fight/Atlas/UI_zdn_sb_kongjianwenzi.png
 2.5 kb	 0.0% Assets/Bundles/Fight/Anim/OrderAddNum_ani.anim
 2.5 kb	 0.0% Assets/Bundles/UI_System/UICommon/Atlas/UI_tc_img_tongguanditu.png
 2.4 kb	 0.0% Packages/com.unity.render-pipelines.core/Runtime/Debugging/Prefabs/Widgets/DebugUIFoldout.prefab
 2.4 kb	 0.0% Packages/com.unity.render-pipelines.core/Runtime/Debugging/Prefabs/Widgets/DebugUIRow.prefab
 2.4 kb	 0.0% Assets/LaunchScene/Anim/LaunchWindow_LoadingBgRolling.anim
 2.4 kb	 0.0% Assets/Bundles/Fight/Anim/OrderItem_Loop_2dian1.anim
 2.4 kb	 0.0% Assets/Bundles/Fight/Anim/OrderItem_Loop_1dian9.anim
 2.4 kb	 0.0% Assets/Bundles/Fight/Anim/OrderItem_Loop_1dian6.anim
 2.4 kb	 0.0% Assets/Bundles/Fight/Anim/OrderItem_Loop_2.anim
 2.4 kb	 0.0% Assets/Bundles/Fight/Anim/OrderItem_Loop_2dian7.anim
 2.4 kb	 0.0% Assets/Bundles/Fight/Anim/OrderItem_Loop_2dian6.anim
 2.4 kb	 0.0% Assets/Bundles/Fight/Anim/OrderItem_Loop_2dian5.anim
 2.4 kb	 0.0% Assets/Bundles/Fight/Anim/OrderItem_Loop_2dian3.anim
 2.4 kb	 0.0% Assets/Bundles/Fight/Anim/OrderItem_Loop_2dian2.anim
 2.4 kb	 0.0% Assets/Bundles/Fight/Anim/OrderItem_Loop_1dian7.anim
 2.4 kb	 0.0% Assets/Bundles/Fight/Anim/OrderItem_Loop_1dian5.anim
 2.3 kb	 0.0% Assets/Bundles/Fight/Anim/OrderItem_Idle.anim
 2.3 kb	 0.0% Assets/Bundles/Fight/Atlas/UI_zdn_xjz_xtz.png
 2.2 kb	 0.0% Assets/TextMesh Pro/Resources/Style Sheets/Default Style Sheet.asset
 2.1 kb	 0.0% Assets/Bundles/Fight/Atlas/UI_zdn_img_ksdi.png
 2.0 kb	 0.0% Assets/Bundles/FX/Mat/FX_C_TBC_xulie041111.mat
 2.0 kb	 0.0% Assets/Bundles/FX/UI_Effect/FX_C_BG_night_tex01.png
 2.0 kb	 0.0% Assets/Bundles/FX/Mat/FX_C_BG_orange_Glow001.mat
 2.0 kb	 0.0% Assets/TextMesh Pro/Examples & Extras/Resources/Sprite Assets/Default Sprite Asset.asset
 1.8 kb	 0.0% Assets/TextMesh Pro/Examples & Extras/Resources/Fonts & Materials/Bangers SDF Glow.mat
 1.8 kb	 0.0% Assets/TextMesh Pro/Examples & Extras/Resources/Sprite Assets/DropCap Numbers.asset
 1.8 kb	 0.0% Assets/TextMesh Pro/Examples & Extras/Resources/Fonts & Materials/LiberationSans SDF - Metalic Green.mat
 1.7 kb	 0.0% Packages/com.unity.render-pipelines.core/Runtime/Debugging/Prefabs/Widgets/DebugUIToggleHistory.prefab
 1.7 kb	 0.0% Packages/com.unity.render-pipelines.core/Runtime/Debugging/Prefabs/Widgets/DebugUIToggle.prefab
 1.7 kb	 0.0% Assets/TextMesh Pro/Examples & Extras/Resources/Fonts & Materials/Anton SDF - Sunny Days.mat
 1.7 kb	 0.0% Assets/TextMesh Pro/Examples & Extras/Resources/Fonts & Materials/Roboto-Bold SDF - Surface.mat
 1.7 kb	 0.0% Assets/Bundles/Fight/Atlas/UI_zdn_xjz_xgf.png
 1.7 kb	 0.0% Assets/TextMesh Pro/Examples & Extras/Resources/Fonts & Materials/LiberationSans SDF - Soft Mask.mat
 1.7 kb	 0.0% Assets/TextMesh Pro/Examples & Extras/Resources/Fonts & Materials/Bangers SDF Logo.mat
 1.6 kb	 0.0% Assets/TextMesh Pro/Resources/Fonts & Materials/LiberationSans SDF - Drop Shadow.mat
 1.6 kb	 0.0% Assets/TextMesh Pro/Examples & Extras/Resources/Fonts & Materials/Bangers SDF - Drop Shadow.mat
 1.6 kb	 0.0% Assets/TextMesh Pro/Examples & Extras/Resources/Fonts & Materials/Bangers SDF - Outline.mat
 1.6 kb	 0.0% Assets/TextMesh Pro/Examples & Extras/Resources/Fonts & Materials/Roboto-Bold SDF - Drop Shadow.mat
 1.6 kb	 0.0% Assets/Bundles/Fight/Atlas/UI_zdn_js_gq.png
 1.6 kb	 0.0% Assets/TextMesh Pro/Examples & Extras/Resources/Fonts & Materials/Anton SDF - Drop Shadow.mat
 1.6 kb	 0.0% Assets/TextMesh Pro/Resources/Fonts & Materials/LiberationSans SDF - Outline.mat
 1.6 kb	 0.0% Assets/TextMesh Pro/Examples & Extras/Resources/Fonts & Materials/Anton SDF - Outline.mat
 1.6 kb	 0.0% Assets/Bundles/Fight/Atlas/UI_zdn_xjz_fz_jindu.png
 1.5 kb	 0.0% Assets/Bundles/UI_System/UICommon/Atlas/UI_zzs_img_lizi.png
 1.5 kb	 0.0% Assets/Bundles/Fight/Atlas/UI_zdn_xjz_xqwenzi.png
 1.5 kb	 0.0% Assets/Bundles/Fight/Atlas/UI_js_img_shibaidi.png
 1.5 kb	 0.0% Assets/Bundles/Fight/Atlas/UI_js_img_shenglidi.png
 1.5 kb	 0.0% Assets/Bundles/UI_System/UICommon/Atlas/UI_icon_headphone.png
 1.4 kb	 0.0% Assets/Bundles/UI_System/UIMusic/Atlas/UI_zdn_yy_cp_xzk.png
 1.4 kb	 0.0% Assets/Bundles/UI_System/UICommon/Atlas/UI_ty_img_dxcl01.png
 1.4 kb	 0.0% Assets/Bundles/UI_System/UIMain/Atlas/UI_zjm_icon_kspd.png
 1.4 kb	 0.0% Packages/com.unity.render-pipelines.core/Runtime/Debugging/Prefabs/Widgets/DebugUIProgressBar.prefab
 1.4 kb	 0.0% Packages/com.unity.render-pipelines.core/Runtime/Debugging/Prefabs/Widgets/DebugUIGroup.prefab
 1.2 kb	 0.0% Assets/Bundles/Fight/Atlas/UI_zdn_xjz_jindutiao.png
 1.2 kb	 0.0% Packages/com.unity.render-pipelines.core/Runtime/Debugging/Prefabs/Widgets/DebugUIButton.prefab
 1.2 kb	 0.0% Assets/Bundles/UI_System/UICommon/Atlas/UI_tc_img_tc02.png
 1.2 kb	 0.0% Assets/Bundles/UI_System/UICommon/Atlas/UI_tc_img_tc01.png
 1.2 kb	 0.0% Assets/Bundles/Fight/Atlas/UI_zdn_xjz_jiqi.png
 1.2 kb	 0.0% Assets/Bundles/UI_System/UIMusic/Atlas/UI_zdn_yyj_yzs.png
 1.2 kb	 0.0% Assets/Bundles/Fight/Atlas/UI_js_img_huanguan.png
 1.2 kb	 0.0% Assets/Bundles/FX/UI_Effect/FX_C_BG_night_tex02.png
 1.1 kb	 0.0% Packages/com.unity.render-pipelines.universal/Textures/SMAA/SearchTex.tga
 1.1 kb	 0.0% Assets/Bundles/UI_System/UIMusic/Atlas/UI_zdn_yyj_dizuo.png
 1.1 kb	 0.0% Packages/com.unity.render-pipelines.core/Runtime/Debugging/Prefabs/Textures/UIFoldoutOpened.png
 1.1 kb	 0.0% Assets/Bundles/Fight/Atlas/UI_zdn_tishi_jiantou.png
 1.1 kb	 0.0% Packages/com.unity.render-pipelines.core/Runtime/Debugging/Prefabs/Textures/UIFoldoutClosed.png
 1.1 kb	 0.0% Packages/com.unity.render-pipelines.core/Runtime/Debugging/Prefabs/Textures/UICheckMark.png
 1.1 kb	 0.0% Assets/Bundles/Fight/Atlas/UI_zdn_sb_xin.png
 1.0 kb	 0.0% Assets/Bundles/FX/Mat/FX_MusicNotes_Mat.mat
 1.0 kb	 0.0% Assets/Bundles/Fight/Atlas/UI_zdn_js_xin_dh.png
 1.0 kb	 0.0% Assets/Bundles/UI_System/UICommon/Atlas/UI_tc_img_tc03.png
 1.0 kb	 0.0% Assets/Bundles/UI_System/UIMain/Atlas/UI_ty_icon_qian.png
 1.0 kb	 0.0% Assets/Bundles/Fight/Atlas/UI_zdn_xjz_fz_mjd.png
 1.0 kb	 0.0% Assets/Bundles/UI_System/UICommon/Atlas/UI_zzs_dianshi.png
 1.0 kb	 0.0% Assets/Bundles/Fight/Atlas/UI_js_img_xinxin.png
 1.0 kb	 0.0% Assets/Bundles/UI_System/UICommon/Atlas/UI_zdn_sz_zd.png
 0.9 kb	 0.0% Packages/com.unity.render-pipelines.core/Runtime/Debugging/Prefabs/Widgets/DebugUIEnumHistory.prefab
 0.9 kb	 0.0% Assets/Bundles/Fight/Atlas/UI_zdn_tishi_nandu.png
 0.9 kb	 0.0% Assets/TextMesh Pro/Examples & Extras/Resources/Fonts & Materials/LiberationSans SDF - Overlay.mat
 0.9 kb	 0.0% Assets/Bundles/Fight/Atlas/UI_zdn_img_bingdong02.png
 0.9 kb	 0.0% Assets/Bundles/FX/Mat/FX_C_Obj_Prop_mat03.mat
 0.9 kb	 0.0% Assets/Bundles/FX/Mat/FX_C_Obj_Prop_mat02.mat
 0.9 kb	 0.0% Assets/Bundles/FX/Mat/FX_C_Obj_Prop_mat01.mat
 0.9 kb	 0.0% Assets/Bundles/Fight/Atlas/OrderItem/Icon_order_wjsk.png
 0.9 kb	 0.0% Packages/com.unity.render-pipelines.core/Runtime/Debugging/Prefabs/Widgets/DebugUIValuePersistent.prefab
 0.9 kb	 0.0% Assets/Bundles/UI_System/UICommon/Atlas/UI_tc_img_tcdi.png
 0.9 kb	 0.0% Packages/com.unity.render-pipelines.core/Runtime/Debugging/Prefabs/Widgets/DebugUIValueTuple.prefab
 0.9 kb	 0.0% Packages/com.unity.render-pipelines.core/Runtime/Debugging/Prefabs/Resources/DebugUIPersistentCanvas.prefab
 0.9 kb	 0.0% Assets/Bundles/UI_System/UIMusic/Atlas/UI_zdn_yyj_yxyp.png
 0.9 kb	 0.0% Packages/com.unity.render-pipelines.core/Runtime/Debugging/Prefabs/Widgets/DebugUIObject.prefab
 0.9 kb	 0.0% Packages/com.unity.render-pipelines.core/Runtime/Debugging/Prefabs/Widgets/DebugUIValue.prefab
 0.9 kb	 0.0% Packages/com.unity.render-pipelines.core/Runtime/Debugging/Prefabs/Widgets/DebugUIMessageBox.prefab
 0.9 kb	 0.0% Assets/Bundles/Fight/Atlas/UI_zdn_tsdj_dishushou.png
 0.9 kb	 0.0% Assets/Bundles/Fight/Atlas/UI_zdn_img_bingdong.png
 0.9 kb	 0.0% Assets/Bundles/Fight/Atlas/OrderItem/Icon_order_xiangbin.png
 0.9 kb	 0.0% Assets/Bundles/UI_System/UIMain/Atlas/UI_zjm_img_renwudi.png
 0.9 kb	 0.0% Assets/Bundles/Fight/Atlas/UI_zdn_img_djdi.png
 0.9 kb	 0.0% Assets/Bundles/Fight/Atlas/UI_zdn_dhk_xuanxiang.png
 0.9 kb	 0.0% Assets/Bundles/Fight/Atlas/UI_js_img_yun01.png
 0.9 kb	 0.0% Assets/Bundles/UI_System/UIMusic/Atlas/UI_zdn_yy_icon.png
 0.9 kb	 0.0% Assets/Bundles/UI_System/UIMusic/Atlas/UI_zdn_yy_cpjhuai.png
 0.9 kb	 0.0% Assets/Bundles/UI_System/UIMain/Atlas/gou.png
 0.9 kb	 0.0% Assets/Bundles/UI_System/UIMusic/Atlas/UI_zdn_yy_diban.png
 0.8 kb	 0.0% Assets/Bundles/Fight/Atlas/OrderItem/Icon_order_hbz.png
 0.8 kb	 0.0% Assets/Bundles/Fight/Atlas/OrderItem/Icon_order_cdb.png
 0.8 kb	 0.0% Packages/com.unity.render-pipelines.core/Runtime/Debugging/Prefabs/Textures/UIElement8px.png
 0.8 kb	 0.0% Assets/Bundles/UI_System/UIMusic/Atlas/UI_zdn_yy_icon02.png
 0.8 kb	 0.0% Assets/Bundles/Fight/Atlas/UI_js_icon_back.png
 0.8 kb	 0.0% Assets/Bundles/UI_System/UIMain/Atlas/UI_zjm_tl_diban.png
 0.8 kb	 0.0% Assets/Bundles/UI_System/UIMain/Atlas/UI_zjm_icon_daka3.png
 0.8 kb	 0.0% Assets/Bundles/Fight/Atlas/UI_js_img_yun02.png
 0.8 kb	 0.0% Assets/Bundles/UI_System/UICommon/Atlas/UI_zzs_icon_ad.png
 0.8 kb	 0.0% Assets/Bundles/Fight/Atlas/UI_js_img_yun03.png
 0.8 kb	 0.0% Assets/Bundles/Fight/Anim/UIFightMain_Gameover_AC.controller
 0.8 kb	 0.0% Assets/Bundles/UI_System/UICommon/Anim/UIRedPoint_AC.controller
 0.8 kb	 0.0% Assets/Bundles/Fight/Atlas/OrderItem/Icon_order_wg.png
 0.8 kb	 0.0% Assets/Bundles/Fight/Atlas/UI_zdn_js_xin_txk.png
 0.8 kb	 0.0% Assets/Bundles/UI_System/UIMain/Atlas/UI_zjm_img_hddi.png
 0.8 kb	 0.0% Assets/Bundles/UI_System/UIMain/Atlas/UI_zjm_icon_daka6.png
 0.8 kb	 0.0% Assets/Bundles/UI_System/UICommon/Atlas/UI_zdn_xjz_tiaozi_7.png
 0.7 kb	 0.0% Packages/com.unity.render-pipelines.universal/Runtime/Data/PostProcessData.asset
 0.7 kb	 0.0% Assets/Bundles/UI_System/UIMain/Atlas/UI_zjm_icon_wjms.png
 0.7 kb	 0.0% Assets/Bundles/UI_System/UIMain/Atlas/UI_zjm_icon_daka1.png
 0.7 kb	 0.0% Assets/Bundles/UI_System/UIMain/Atlas/UI_zjm_icon_daka2.png
 0.7 kb	 0.0% Assets/Bundles/UI_System/UIMain/Atlas/UI_zjm_icon_daka4.png
 0.7 kb	 0.0% Assets/Bundles/UI_System/UICommon/Atlas/img_cpgg_qiandui.png
 0.7 kb	 0.0% Assets/Bundles/Fight/Atlas/UI_zdn_js_xin_xgf.png
 0.7 kb	 0.0% Assets/Bundles/UI_System/UIMain/Atlas/UI_zjm_icon_daka5.png
 0.7 kb	 0.0% Assets/Bundles/UI_System/UICommon/Atlas/UI_zdn_xjz_tiaozi_0.png
 0.7 kb	 0.0% Assets/Bundles/UI_System/UIMusic/Atlas/UI_zdn_yy_libao.png
 0.7 kb	 0.0% Assets/Bundles/UI_System/UIMain/Atlas/UI_zjm_tz_zanzhu.png
 0.7 kb	 0.0% Assets/Bundles/Fight/Atlas/UI_ty_icon_qws01.png
 0.7 kb	 0.0% Assets/Bundles/Fight/Atlas/UI_zdn_xjz_touxiang.png
 0.7 kb	 0.0% Assets/Bundles/Fight/Atlas/UI_zdn_img_bingdong03.png
 0.7 kb	 0.0% Assets/Bundles/UI_System/UICommon/Atlas/UI_zdn_xjz_tiaozi_6.png
 0.7 kb	 0.0% Assets/Bundles/UI_System/UIMain/Atlas/UI_zjm_icon_daka7.png
 0.7 kb	 0.0% Assets/Bundles/UI_System/UICommon/Atlas/UI_zjm_ijz_diban.png
 0.7 kb	 0.0% Assets/Bundles/Fight/Atlas/UI_zdn_xjz_lishi.png
 0.7 kb	 0.0% Assets/Bundles/Fight/Atlas/UI_zdn_js_xin_qipao.png
 0.7 kb	 0.0% Assets/Bundles/Fight/Atlas/UI_ty_icon_yqt01.png
 0.7 kb	 0.0% Assets/Bundles/UI_System/UIMain/Atlas/UI_zjm_zhgl.png
 0.7 kb	 0.0% Assets/Bundles/UI_System/UICommon/Atlas/UI_zdn_xjz_tiaozi_9.png
 0.7 kb	 0.0% Assets/Bundles/UI_System/UICommon/Atlas/UI_ty_shou.png
 0.7 kb	 0.0% Assets/Bundles/UI_System/UICommon/Atlas/UI_zdn_duihao.png
 0.7 kb	 0.0% Assets/Bundles/UI_System/UICommon/Atlas/UI_ty_btn_anniu05.png
 0.7 kb	 0.0% Assets/Bundles/UI_System/UICommon/Atlas/UI_ty_btn_anniu04.png
 0.7 kb	 0.0% Assets/Bundles/UI_System/UICommon/Atlas/UI_ty_btn_anniu03.png
 0.7 kb	 0.0% Assets/Bundles/Fight/Atlas/UI_zdn_sb_xindi.png
 0.7 kb	 0.0% Assets/Bundles/Fight/Atlas/OrderItem/Icon_order_shutiaolan.png
 0.7 kb	 0.0% Assets/Bundles/UI_System/UIMain/Atlas/UI_zjm_icon_daka9.png
 0.7 kb	 0.0% Assets/Bundles/UI_System/UIMain/Atlas/UI_zjm_icon_daka8.png
 0.7 kb	 0.0% Assets/Bundles/UI_System/UIMain/Atlas/UI_dhk_duihuadi.png
 0.7 kb	 0.0% Assets/Bundles/UI_System/UICommon/Atlas/UI_zdn_xjz_tiaozi_4.png
 0.7 kb	 0.0% Assets/Bundles/Fight/Atlas/UI_zdn_xjz_sh_bq.png
 0.7 kb	 0.0% Assets/Bundles/Fight/Atlas/OrderItem/Icon_order_youlingmianju.png
 0.7 kb	 0.0% Assets/Bundles/UI_System/UIMusic/Atlas/UI_zdn_yyj_guizi_gan.png
 0.7 kb	 0.0% Assets/Bundles/Fight/Atlas/UI_zdn_wj_sunhonglei.png
 0.7 kb	 0.0% Assets/Bundles/Fight/Atlas/UI_zdn_wj_shanyichun.png
 0.7 kb	 0.0% Assets/Bundles/Fight/Atlas/UI_zdn_wj_nidahong.png
 0.7 kb	 0.0% Assets/Bundles/Fight/Atlas/UI_zdn_wj_dingzhen.png
 0.7 kb	 0.0% Assets/Bundles/Fight/Atlas/UI_zdn_wj_baozupo.png
 0.7 kb	 0.0% Assets/Bundles/Fight/Atlas/UI_js_img_xx.png
 0.7 kb	 0.0% Assets/Bundles/Fight/Atlas/OrderItem/Icon_order_semkf.png
 0.7 kb	 0.0% Assets/Bundles/UI_System/UIMain/Atlas/UI_zjm_hln.png
 0.7 kb	 0.0% Assets/Bundles/Fight/Atlas/UI_zdn_wj_wujing.png
 0.7 kb	 0.0% Assets/Bundles/Fight/Atlas/UI_zdn_wj_saonv.png
 0.7 kb	 0.0% Assets/Bundles/Fight/Atlas/UI_zdn_wj_juan.png
 0.7 kb	 0.0% Assets/Bundles/Fight/Atlas/UI_zdn_wj_jige.png
 0.7 kb	 0.0% Assets/Bundles/UI_System/UIMain/Atlas/UI_zjm_img_jz_anniu.png
 0.7 kb	 0.0% Assets/Bundles/UI_System/UICommon/Atlas/UI_zdn_xjz_tiaozi_8.png
 0.7 kb	 0.0% Assets/Bundles/UI_System/UICommon/Atlas/UI_zdn_xjz_tiaozi_5.png
 0.7 kb	 0.0% Assets/Bundles/UI_System/UICommon/Atlas/UI_zdn_xjz_tiaozi_3.png
 0.7 kb	 0.0% Assets/Bundles/Fight/Atlas/UI_ty_icon_Motion.png
 0.7 kb	 0.0% Assets/Bundles/UI_System/UICommon/Atlas/UI_zdn_xjz_tiaozi_2.png
 0.7 kb	 0.0% Assets/Bundles/Fight/Atlas/UI_zdn_xjz_zhezhao02_128.png
 0.7 kb	 0.0% Assets/Bundles/Fight/Atlas/OrderItem/Icon_order_pld.png
 0.7 kb	 0.0% Assets/Bundles/UI_System/UICommon/Atlas/UI_ty_icon_cha1.png
 0.7 kb	 0.0% Assets/Bundles/UI_System/UICommon/Atlas/UI_ty_icon_cha.png
 0.7 kb	 0.0% Assets/Bundles/Fight/Atlas/UI_zdn_xjz_zhezhao02.png
 0.7 kb	 0.0% Assets/Bundles/Fight/Atlas/OrderItem/Icon_order_shots.png
 0.7 kb	 0.0% Assets/Bundles/UI_System/UIMain/Atlas/UI_zjm_tz_fenxiang.png
 0.7 kb	 0.0% Assets/Bundles/Fight/Atlas/OrderItem/Icon_order_gzpqj.png
 0.7 kb	 0.0% Assets/Bundles/Fight/Atlas/UI_ty_icon_mf01.png
 0.7 kb	 0.0% Assets/Bundles/UI_System/UIMusic/Atlas/UI_zdn_yy_libao_NEW.png
 0.7 kb	 0.0% Assets/Bundles/UI_System/UIMain/Atlas/UI_zjm_tz_tjzm.png
 0.7 kb	 0.0% Assets/Bundles/UI_System/UIMain/Atlas/UI_zjm_tz_renshu.png
 0.7 kb	 0.0% Assets/Bundles/Fight/Atlas/UI_zdn_tsdj_zyxiangzi_k.png
 0.7 kb	 0.0% Assets/Bundles/Fight/Atlas/OrderItem/Icon_order_youkelili.png
 0.6 kb	 0.0% Assets/Bundles/UI_System/UIMain/Atlas/UI_zjm_img_kspd_anniu.png
 0.6 kb	 0.0% Assets/Bundles/Fight/Atlas/UI_zdn_tsdj_dishu.png
 0.6 kb	 0.0% Assets/Bundles/Fight/Atlas/UI_js_img_sijiaoxing.png
 0.6 kb	 0.0% Assets/Bundles/Fight/Atlas/OrderItem/Icon_order_weishiji.png
 0.6 kb	 0.0% Assets/Bundles/Fight/Anim/RandomItem_AC.controller
 0.6 kb	 0.0% Assets/Bundles/UI_System/UIMain/Atlas/UI_zjm_tz_sz.png
 0.6 kb	 0.0% Assets/Bundles/Fight/Atlas/OrderItem/Icon_order_sz.png
 0.6 kb	 0.0% Assets/Bundles/UI_System/UICommon/Atlas/UI_zdn_xjz_huobi_9.png
 0.6 kb	 0.0% Assets/Bundles/Fight/Atlas/OrderItem/Icon_order_duleisipng.png
 0.6 kb	 0.0% Assets/Bundles/UI_System/UIMusic/Atlas/UI_zdn_yy_icon01.png
 0.6 kb	 0.0% Assets/Bundles/Fight/Atlas/UI_zdn_tsdj_zyxiangzi.png
 0.6 kb	 0.0% Assets/Bundles/UI_System/UIMain/Atlas/UI_zjm_tz_huodedi2.png
 0.6 kb	 0.0% Assets/Bundles/UI_System/UIMain/Atlas/UI_zjm_tz_huodedi1.png
 0.6 kb	 0.0% Assets/Bundles/UI_System/UICommon/Atlas/UI_zdn_xjz_huobi_0.png
 0.6 kb	 0.0% Assets/Bundles/UI_System/UIMusic/Anim/_Btn_Music_Ani01.controller
 0.6 kb	 0.0% Assets/Bundles/UI_System/UIMain/Atlas/UI_zjm_tz_sc.png
 0.6 kb	 0.0% Assets/Bundles/UI_System/UICommon/Atlas/UI_zdn_sz_yy.png
 0.6 kb	 0.0% Assets/Bundles/Fight/Atlas/UI_zdn_tsdj_xianshibx.png
 0.6 kb	 0.0% Assets/Bundles/Fight/Atlas/OrderItem/Icon_order_pisa.png
 0.6 kb	 0.0% Assets/Bundles/Fight/Atlas/OrderItem/Icon_order_lmj.png
 0.6 kb	 0.0% Assets/Bundles/Fight/Atlas/OrderItem/Icon_order_kele.png
 0.6 kb	 0.0% Assets/Bundles/Fight/Atlas/OrderItem/Icon_order_mojituo.png
 0.6 kb	 0.0% Assets/Bundles/Fight/Atlas/OrderItem/Icon_order_ftj.png
 0.6 kb	 0.0% Assets/Bundles/UI_System/UICommon/Atlas/UI_zdn_xjz_huobi_7.png
 0.6 kb	 0.0% Assets/Bundles/UI_System/UICommon/Atlas/UI_ty_hd.png
 0.6 kb	 0.0% Assets/Bundles/Fight/Atlas/UI_zdn_xjz_fenshu.png
 0.6 kb	 0.0% Assets/Bundles/Fight/Atlas/UI_zdn_tsdj_dishudong.png
 0.6 kb	 0.0% Assets/Bundles/UI_System/UICommon/Atlas/UI_zdn_xjz_huobi_4.png
 0.6 kb	 0.0% Assets/Bundles/Fight/Atlas/UI_zdn_tishi_shijian.png
 0.6 kb	 0.0% Assets/Bundles/Fight/Atlas/UI_zdn_an_zy.png
 0.6 kb	 0.0% Assets/Bundles/Fight/Atlas/OrderItem/Icon_order_pijiu.png
 0.6 kb	 0.0% Assets/Bundles/Fight/Atlas/OrderItem/Icon_order_jfjwj.png
 0.6 kb	 0.0% Assets/Bundles/Shaders/Shader/2dMaskTest.mat
 0.6 kb	 0.0% Assets/Bundles/Fight/Atlas/UI_zdn_an_fx.png
 0.6 kb	 0.0% Assets/Bundles/UI_System/UICommon/Atlas/UI_zdn_xjz_huobi_2.png
 0.6 kb	 0.0% Assets/Bundles/UI_System/UICommon/Atlas/UI_zdn_xjz_huobi_1.png
 0.6 kb	 0.0% Assets/Bundles/Fight/Atlas/UI_zdn_bg_jd_diban.png
 0.6 kb	 0.0% Assets/Bundles/Fight/Atlas/OrderItem/Icon_order_pjp.png
 0.6 kb	 0.0% Assets/Bundles/UI_System/UICommon/Atlas/UI_zdn_xjz_huobi_6.png
 0.6 kb	 0.0% Assets/Bundles/Fight/Atlas/UI_zdn_tsdj_xianshibx_k.png
 0.6 kb	 0.0% Assets/Bundles/Fight/Atlas/UI_zdn_lanseanniu.png
 0.6 kb	 0.0% Assets/Bundles/UI_System/UIMusic/Atlas/UI_zdn_yyj_ysj.png
 0.6 kb	 0.0% Assets/Bundles/UI_System/UICommon/Atlas/UI_zdn_icon_sp.png
 0.6 kb	 0.0% Assets/Bundles/Fight/Atlas/UI_zdn_xjz_zhezhao05.png
 0.6 kb	 0.0% Assets/Bundles/Fight/Atlas/UI_zdn_lvseanniu.png
 0.6 kb	 0.0% Assets/Bundles/Fight/Atlas/UI_zdn_img_sldi.png
 0.6 kb	 0.0% Assets/Bundles/FX/Ani/FX_C_Obj_Prop_AC.controller
 0.6 kb	 0.0% Assets/Bundles/Fight/Atlas/UI_zdn_xjz_jiqi_xg.png
 0.6 kb	 0.0% Assets/Bundles/Fight/Anim/_Txt_AddMoney.controller
 0.6 kb	 0.0% Assets/Bundles/UI_System/UICommon/Atlas/UI_zdn_xjz_tiaozi_mh.png
 0.6 kb	 0.0% Assets/Bundles/UI_System/UICommon/Atlas/UI_zdn_xjz_huobi_8.png
 0.6 kb	 0.0% Assets/Bundles/UI_System/UICommon/Atlas/UI_ty_icon_renshu.png
 0.6 kb	 0.0% Assets/Bundles/Fight/Atlas/UI_zdn_xjz_fenshu_8.png
 0.6 kb	 0.0% Assets/Bundles/Fight/Atlas/UI_zdn_dhk_ditu1.png
 0.6 kb	 0.0% Assets/Bundles/Fight/Atlas/UI_zdn_bg_xsjiantou.png
 0.6 kb	 0.0% Assets/Bundles/Fight/Atlas/OrderItem/Icon_order_sudashui.png
 0.6 kb	 0.0% Assets/Bundles/UI_System/UICommon/Atlas/UI_zjm_pm_duibai.png
 0.6 kb	 0.0% Assets/Bundles/Fight/Atlas/UI_zdn_img_Motion.png
 0.6 kb	 0.0% Assets/Bundles/Fight/Atlas/OrderItem/Icon_order_mt.png
 0.6 kb	 0.0% Assets/Bundles/Fight/Atlas/UI_zdn_img_panzi.png
 0.6 kb	 0.0% Assets/Bundles/Fight/Atlas/UI_zdn_xjz_tishikuang.png
 0.6 kb	 0.0% Assets/Bundles/UI_System/UICommon/Atlas/UI_zdn_xjz_huobi_5.png
 0.6 kb	 0.0% Assets/Bundles/Fight/Atlas/UI_zdn_xjz_fenshu_9.png
 0.6 kb	 0.0% Assets/Bundles/Fight/Atlas/UI_zdn_xjz_fenshu_6.png
 0.6 kb	 0.0% Assets/Bundles/Fight/Atlas/UI_zdn_img_hblan01.png
 0.6 kb	 0.0% Assets/Bundles/Fight/Atlas/UI_zdn_bg_xianshibiankuang.png
 0.6 kb	 0.0% Assets/Bundles/Fight/Atlas/OrderItem/Icon_order_pjt.png
 0.5 kb	 0.0% Assets/Bundles/Fight/Atlas/UI_zdn_xjz_zhezhao_diban.png
 0.5 kb	 0.0% Assets/Bundles/Fight/Atlas/UI_zdn_xjz_fenshu_3.png
 0.5 kb	 0.0% Assets/Bundles/Fight/Atlas/UI_zdn_img_bai.png
 0.5 kb	 0.0% Assets/Bundles/UI_System/UIMain/Atlas/UI_zjm_sj_8.png
 0.5 kb	 0.0% Assets/Bundles/UI_System/UIMain/Atlas/UI_zjm_sj_2.png
 0.5 kb	 0.0% Assets/Bundles/UI_System/UICommon/Atlas/UI_zdn_xjz_huobi_3.png
 0.5 kb	 0.0% Assets/Bundles/Fight/Atlas/UI_zdn_xjz_fenshu_4.png
 0.5 kb	 0.0% Assets/Bundles/Fight/Atlas/UI_zdn_xjz_fenshu_0.png
 0.5 kb	 0.0% Packages/com.unity.render-pipelines.core/Runtime/Debugging/Prefabs/Textures/White1px.png
 0.5 kb	 0.0% Assets/Bundles/UI_System/UIMain/Atlas/UI_zjm_sj_9.png
 0.5 kb	 0.0% Assets/Bundles/UI_System/UIMain/Atlas/UI_zjm_sj_0.png
 0.5 kb	 0.0% Assets/Bundles/Fight/Atlas/UI_zdn_mask_djzz.png
 0.5 kb	 0.0% Assets/Bundles/FX/Mat/FX_C_TBC_caidai_Tex002.mat
 0.5 kb	 0.0% Assets/Bundles/FX/Mat/FX_C_TBC_caidai_Tex001.mat
 0.5 kb	 0.0% Assets/Bundles/UI_System/UIMain/Atlas/UI_zjm_sj_6.png
 0.5 kb	 0.0% Assets/Bundles/UI_System/UICommon/Atlas/UI_zdn_xjz_huobi_x.png
 0.5 kb	 0.0% Assets/Bundles/UI_System/UICommon/Atlas/UI_ty_btn_anniu02.png
 0.5 kb	 0.0% Assets/Bundles/UI_System/UICommon/Atlas/UI_ty_btn_anniu01.png
 0.5 kb	 0.0% Assets/Bundles/Fight/Atlas/UI_zdn_tsdj_bingtong.png
 0.5 kb	 0.0% Assets/Bundles/Fight/Atlas/UI_zdn_bg_jd_tiao.png
 0.5 kb	 0.0% Assets/Bundles/Fight/Atlas/OrderItem/Icon_order_yege.png
 0.5 kb	 0.0% Assets/Bundles/UI_System/UIMusic/Atlas/UI_zdn_yy_cp_zhezhao.png
 0.5 kb	 0.0% Assets/Bundles/UI_System/UICommon/Atlas/UI_zdn_js_paimindiban.png
 0.5 kb	 0.0% Assets/Bundles/UI_System/UICommon/Atlas/UI_lt_liebiao_hbtubiao.png
 0.5 kb	 0.0% Assets/Bundles/Fight/Atlas/UI_zdn_xjz_fenshu_2.png
 0.5 kb	 0.0% Assets/Bundles/Fight/Atlas/UI_zdn_tishi_kuang.png
 0.5 kb	 0.0% Assets/Bundles/Fight/Atlas/BlockColor/UI_block_color_youlingmianju.png
 0.5 kb	 0.0% Assets/Bundles/Fight/Atlas/BlockColor/UI_block_color_shutiaolan.png
 0.5 kb	 0.0% Assets/Bundles/Fight/Atlas/BlockColor/UI_block_color_duleisipng.png
 0.5 kb	 0.0% Assets/Bundles/FX/Mat/FX_C_combox7_003.mat
 0.5 kb	 0.0% Assets/Bundles/FX/Mat/FX_C_TBC_Glow003.mat
 0.5 kb	 0.0% Assets/Bundles/UI_System/UICommon/Atlas/UI_zdn_xjz_duihua_di.png
 0.5 kb	 0.0% Assets/Bundles/UI_System/UICommon/Atlas/UI_ty_btn_anniu_mask.png
 0.5 kb	 0.0% Assets/Bundles/Fight/Atlas/BlockColor/UI_block_color_youkelili.png
 0.5 kb	 0.0% Assets/Bundles/Fight/Atlas/BlockColor/UI_block_color_xiangbin.png
 0.5 kb	 0.0% Assets/Bundles/Fight/Atlas/BlockColor/UI_block_color_weishiji.png
 0.5 kb	 0.0% Assets/Bundles/Fight/Atlas/BlockColor/UI_block_color_sudashui.png
 0.5 kb	 0.0% Assets/Bundles/Fight/Atlas/BlockColor/UI_block_color_mojituo.png
 0.5 kb	 0.0% Assets/Bundles/UI_System/UIMusic/Atlas/UI_zjm_txl_suo.png
 0.5 kb	 0.0% Assets/Bundles/UI_System/UIMusic/Atlas/UI_BGM_seek_in_the_sunset.png
 0.5 kb	 0.0% Assets/Bundles/UI_System/UIMusic/Atlas/UI_BGM_Underground_Action.png
 0.5 kb	 0.0% Assets/Bundles/UI_System/UIMusic/Atlas/UI_BGM_Faraway_latin_girl.png
 0.5 kb	 0.0% Assets/Bundles/Fight/Atlas/UI_zdn_img_hblan02.png
 0.5 kb	 0.0% Assets/Bundles/Fight/Atlas/UI_lt_dingbu_fanhui.png
 0.5 kb	 0.0% Assets/Bundles/Fight/Atlas/BlockColor/UI_block_color_yege.png
 0.5 kb	 0.0% Assets/Bundles/Fight/Atlas/BlockColor/UI_block_color_wjsk.png
 0.5 kb	 0.0% Assets/Bundles/Fight/Atlas/BlockColor/UI_block_color_wg.png
 0.5 kb	 0.0% Assets/Bundles/Fight/Atlas/BlockColor/UI_block_color_sz.png
 0.5 kb	 0.0% Assets/Bundles/Fight/Atlas/BlockColor/UI_block_color_shots.png
 0.5 kb	 0.0% Assets/Bundles/Fight/Atlas/BlockColor/UI_block_color_semkf.png
 0.5 kb	 0.0% Assets/Bundles/Fight/Atlas/BlockColor/UI_block_color_pld.png
 0.5 kb	 0.0% Assets/Bundles/Fight/Atlas/BlockColor/UI_block_color_pjt.png
 0.5 kb	 0.0% Assets/Bundles/Fight/Atlas/BlockColor/UI_block_color_pj.png
 0.5 kb	 0.0% Assets/Bundles/Fight/Atlas/BlockColor/UI_block_color_pisa.png
 0.5 kb	 0.0% Assets/Bundles/Fight/Atlas/BlockColor/UI_block_color_pijiu.png
 0.5 kb	 0.0% Assets/Bundles/Fight/Atlas/BlockColor/UI_block_color_mt.png
 0.5 kb	 0.0% Assets/Bundles/Fight/Atlas/BlockColor/UI_block_color_lv.png
 0.5 kb	 0.0% Assets/Bundles/Fight/Atlas/BlockColor/UI_block_color_lmj.png
 0.5 kb	 0.0% Assets/Bundles/Fight/Atlas/BlockColor/UI_block_color_lan.png
 0.5 kb	 0.0% Assets/Bundles/Fight/Atlas/BlockColor/UI_block_color_kele.png
 0.5 kb	 0.0% Assets/Bundles/Fight/Atlas/BlockColor/UI_block_color_jfjwj.png
 0.5 kb	 0.0% Assets/Bundles/Fight/Atlas/BlockColor/UI_block_color_huang.png
 0.5 kb	 0.0% Assets/Bundles/Fight/Atlas/BlockColor/UI_block_color_hong.png
 0.5 kb	 0.0% Assets/Bundles/Fight/Atlas/BlockColor/UI_block_color_gzpqj.png
 0.5 kb	 0.0% Assets/Bundles/Fight/Atlas/BlockColor/UI_block_color_ftj.png
 0.5 kb	 0.0% Assets/Bundles/Fight/Atlas/BlockColor/UI_block_color_dian.png
 0.5 kb	 0.0% Assets/Bundles/Fight/Atlas/BlockColor/UI_block_color_cdb.png
 0.5 kb	 0.0% Assets/Bundles/Fight/Atlas/BlockColor/UI_block_color_bz.png
 0.5 kb	 0.0% Assets/Bundles/UI_System/UIMusic/Atlas/UI_BGM_Twilight_in_Smoke.png
 0.5 kb	 0.0% Assets/Bundles/UI_System/UIMusic/Atlas/UI_BGM_Till_the_very_end.png
 0.5 kb	 0.0% Assets/Bundles/UI_System/UIMusic/Atlas/UI_BGM_Rave_and_forget.png
 0.5 kb	 0.0% Assets/Bundles/UI_System/UIMain/Atlas/UI_zjm_sj_4.png
 0.5 kb	 0.0% Assets/Bundles/UI_System/UICommon/Atlas/UI_zdn_xjz_tiaozi_1.png
 0.5 kb	 0.0% Assets/Bundles/Fight/Atlas/UI_zdn_img_bingdong04.png
 0.5 kb	 0.0% Assets/Bundles/Fight/Atlas/UI_js_icon_pause.png
 0.5 kb	 0.0% Assets/Bundles/UI_System/UIMusic/Atlas/UI_BGM_neon_beach.png
 0.5 kb	 0.0% Assets/Bundles/UI_System/UIMusic/Atlas/UI_BGM_island_funk.png
 0.5 kb	 0.0% Assets/Bundles/UI_System/UIMusic/Atlas/UI_BGM_TROUBLE_READY.png
 0.5 kb	 0.0% Assets/Bundles/UI_System/UIMusic/Atlas/UI_BGM_Swag_diving.png
 0.5 kb	 0.0% Assets/Bundles/UI_System/UIMusic/Atlas/UI_BGM_Slow_Faint.png
 0.5 kb	 0.0% Assets/Bundles/UI_System/UIMusic/Atlas/UI_BGM_Shadow_Hunt.png
 0.5 kb	 0.0% Assets/Bundles/UI_System/UIMusic/Atlas/UI_BGM_Mind_shake.png
 0.5 kb	 0.0% Assets/Bundles/UI_System/UIMusic/Atlas/UI_BGM_Glass_River.png
 0.5 kb	 0.0% Assets/Bundles/UI_System/UIMusic/Atlas/UI_BGM_Elite_Monster.png
 0.5 kb	 0.0% Assets/Bundles/UI_System/UIMusic/Atlas/UI_BGM_tipsy_yet.png
 0.5 kb	 0.0% Assets/Bundles/UI_System/UIMusic/Atlas/UI_BGM_Past_Away.png
 0.5 kb	 0.0% Assets/Bundles/UI_System/UIMusic/Atlas/UI_BGM_Moon_Vibe.png
 0.5 kb	 0.0% Assets/Bundles/UI_System/UIMusic/Atlas/UI_BGM_Mad_Wish.png
 0.5 kb	 0.0% Assets/Bundles/UI_System/UIMusic/Atlas/UI_BGM_Floating.png
 0.5 kb	 0.0% Assets/Bundles/UI_System/UIMusic/Atlas/UI_BGM_Day_dream.png
 0.5 kb	 0.0% Assets/Bundles/UI_System/UIMain/Atlas/UI_zjm_sj_7.png
 0.5 kb	 0.0% Assets/Bundles/UI_System/UIMain/Atlas/UI_zjm_sj_1.png
 0.5 kb	 0.0% Assets/Bundles/Fight/Atlas/UI_zdn_xjz_fenshu_7.png
 0.5 kb	 0.0% Assets/Bundles/Fight/Atlas/UI_zdn_xjz_fenshu_5.png
 0.5 kb	 0.0% Assets/Bundles/UI_System/UIMain/Atlas/UI_zjm_sj_3.png
 0.5 kb	 0.0% Assets/Bundles/UI_System/UIMain/Atlas/UI_zjm_sj_5.png
 0.5 kb	 0.0% Assets/Bundles/UI_System/UICommon/Atlas/UI_zdn_xjz_duihua.png
 0.5 kb	 0.0% Assets/Bundles/UI_System/UIMusic/Atlas/UI_zdn_yy_jd_jdt1.png
 0.5 kb	 0.0% Assets/Bundles/UI_System/UIMusic/Atlas/UI_zdn_yy_jd_diban.png
 0.5 kb	 0.0% Assets/Bundles/UI_System/UICommon/Atlas/UI_zdn_sz_diban.png
 0.5 kb	 0.0% Assets/Bundles/Fight/Atlas/UI_zdn_xjz_fenshu_1.png
 0.5 kb	 0.0% Assets/Bundles/Fight/Atlas/UI_zdn_tsdj_zhadan.png
 0.5 kb	 0.0% Assets/Bundles/UI_System/UIMain/Atlas/UI_zjm_img_renwudi_jindutiao.png
 0.5 kb	 0.0% Assets/Bundles/UI_System/UIMusic/Atlas/UI_zjm_txl_yeqian.png
 0.5 kb	 0.0% Assets/Bundles/UI_System/UIMain/Atlas/UI_zjm_img_renwudi_diban.png
 0.5 kb	 0.0% Assets/Bundles/UI_System/UICommon/Atlas/UI_zdn_sz_anniu.png
 0.5 kb	 0.0% Assets/Bundles/UI_System/UICommon/Atlas/UI_ty_btn_anniu_saoguang.png
 0.5 kb	 0.0% Assets/Bundles/Fight/Atlas/UI_zdn_xjz_zhezhao04.png
 0.5 kb	 0.0% Assets/Bundles/Fight/Atlas/UI_zdn_xjz_zhezhao03.png
 0.5 kb	 0.0% Packages/com.unity.render-pipelines.universal/Shaders/Utils/BlitHDROverlay.shader
 0.5 kb	 0.0% Assets/Bundles/UI_System/UIMusic/Atlas/UI_zdn_yyj_jdtdi.png
 0.5 kb	 0.0% Assets/Bundles/UI_System/UIMusic/Atlas/UI_zdn_yyj_guizi_heidi.png
 0.5 kb	 0.0% Assets/Bundles/UI_System/UIMain/Atlas/UI_zjm_yinxiang.png
 0.5 kb	 0.0% Assets/Bundles/UI_System/UICommon/Atlas/UI_zdn_sz_jdt.png
 0.5 kb	 0.0% Assets/Bundles/Fight/Atlas/UI_zdn_xjz_zhezhao01.png
 0.5 kb	 0.0% Assets/Bundles/Fight/Atlas/UI_zdn_js_xin_hsjd.png
 0.5 kb	 0.0% Assets/Bundles/Fight/Atlas/UI_zdn_js_xin_dcjd.png
 0.5 kb	 0.0% Assets/Bundles/UI_System/UIMusic/Atlas/UI_zdn_yyj_jdt.png
 0.5 kb	 0.0% Assets/Bundles/UI_System/UIMusic/Atlas/UI_zdn_yy_jd_jdt.png
 0.5 kb	 0.0% Assets/Bundles/UI_System/UICommon/Atlas/UI_zdn_sz_kg.png
 0.5 kb	 0.0% Assets/Bundles/UI_System/UICommon/Atlas/UI_zdn_sz_jd.png
 0.5 kb	 0.0% Assets/Bundles/Fight/Atlas/UI_zdn_xjz_jindu.png
 0.5 kb	 0.0% Assets/Bundles/Fight/Atlas/UI_zdn_js_xin_diban.png
 0.5 kb	 0.0% Assets/LaunchScene/Anim/LaunchWindow_LoadingBgRolling_AC.controller
 0.5 kb	 0.0% Assets/Bundles/Fight/Atlas/Img_Lump.png
 0.5 kb	 0.0% Assets/Bundles/UI_System/UICommon/Atlas/UI_dj_img_jldi[0,0,12,12].png
 0.4 kb	 0.0% Assets/Bundles/Fight/Anim/UIFightMain_Item_Loop_AC.controller
 0.4 kb	 0.0% Assets/Bundles/Fight/Atlas/UI_zdn_js_xin_jddb.png
 0.4 kb	 0.0% Assets/Bundles/Fight/Atlas/UI_zdn_img_touming.png
 0.4 kb	 0.0% Assets/Bundles/Fight/Anim/UIFightMain_Guide_AC.controller
 0.4 kb	 0.0% Assets/Bundles/Fight/Atlas/UI_zdn_mask_fkzz.png
 0.4 kb	 0.0% Assets/Bundles/Fight/Anim/OrderItem_Btn_Cost_AC.controller
 0.4 kb	 0.0% Assets/Bundles/Fight/Anim/OrderItem_Btn_AD_AC.controller
 0.4 kb	 0.0% Assets/Bundles/Fight/Anim/OrderAddNum_AC.controller
 0.4 kb	 0.0% Assets/Bundles/FX/Ani/_Obj_Target_AC.controller
 0.4 kb	 0.0% Assets/Bundles/FX/Ani/ComboReward_AC.controller
 0.4 kb	 0.0% Assets/Bundles/FX/Ani/_Obj_New_AC.controller
 0.4 kb	 0.0% Assets/Bundles/FX/Ani/FX_C_BG_Loop_AC.controller
 0.4 kb	 0.0% Packages/com.unity.render-pipelines.core/Runtime/Debugging/Prefabs/Widgets/DebugUIVBox.prefab
 0.4 kb	 0.0% Packages/com.unity.render-pipelines.core/Runtime/Debugging/Prefabs/Widgets/DebugUIHBox.prefab
 0.4 kb	 0.0% Built-in Sprite: 
 0.4 kb	 0.0% Assets/Bundles/FX/Ani/FX_C_night_loop_AC.controller
 0.4 kb	 0.0% Assets/Settings/Very Low_PipelineAsset_ForwardRenderer.asset
 0.4 kb	 0.0% Assets/Settings/Very High_PipelineAsset_ForwardRenderer.asset
 0.4 kb	 0.0% Assets/Settings/Ultra_PipelineAsset_ForwardRenderer.asset
 0.4 kb	 0.0% Assets/Settings/Medium_PipelineAsset_ForwardRenderer.asset
 0.4 kb	 0.0% Assets/Settings/Low_PipelineAsset_ForwardRenderer.asset
 0.4 kb	 0.0% Assets/Settings/High_PipelineAsset_ForwardRenderer.asset
 0.4 kb	 0.0% Packages/com.unity.render-pipelines.universal/Textures/BlueNoise16/L/LDR_LLL1_9.png
 0.4 kb	 0.0% Packages/com.unity.render-pipelines.universal/Textures/BlueNoise16/L/LDR_LLL1_8.png
 0.4 kb	 0.0% Packages/com.unity.render-pipelines.universal/Textures/BlueNoise16/L/LDR_LLL1_7.png
 0.4 kb	 0.0% Packages/com.unity.render-pipelines.universal/Textures/BlueNoise16/L/LDR_LLL1_6.png
 0.4 kb	 0.0% Packages/com.unity.render-pipelines.universal/Textures/BlueNoise16/L/LDR_LLL1_5.png
 0.4 kb	 0.0% Packages/com.unity.render-pipelines.universal/Textures/BlueNoise16/L/LDR_LLL1_4.png
 0.4 kb	 0.0% Packages/com.unity.render-pipelines.universal/Textures/BlueNoise16/L/LDR_LLL1_31.png
 0.4 kb	 0.0% Packages/com.unity.render-pipelines.universal/Textures/BlueNoise16/L/LDR_LLL1_30.png
 0.4 kb	 0.0% Packages/com.unity.render-pipelines.universal/Textures/BlueNoise16/L/LDR_LLL1_3.png
 0.4 kb	 0.0% Packages/com.unity.render-pipelines.universal/Textures/BlueNoise16/L/LDR_LLL1_29.png
 0.4 kb	 0.0% Packages/com.unity.render-pipelines.universal/Textures/BlueNoise16/L/LDR_LLL1_28.png
 0.4 kb	 0.0% Packages/com.unity.render-pipelines.universal/Textures/BlueNoise16/L/LDR_LLL1_27.png
 0.4 kb	 0.0% Packages/com.unity.render-pipelines.universal/Textures/BlueNoise16/L/LDR_LLL1_26.png
 0.4 kb	 0.0% Packages/com.unity.render-pipelines.universal/Textures/BlueNoise16/L/LDR_LLL1_25.png
 0.4 kb	 0.0% Packages/com.unity.render-pipelines.universal/Textures/BlueNoise16/L/LDR_LLL1_24.png
 0.4 kb	 0.0% Packages/com.unity.render-pipelines.universal/Textures/BlueNoise16/L/LDR_LLL1_23.png
 0.4 kb	 0.0% Packages/com.unity.render-pipelines.universal/Textures/BlueNoise16/L/LDR_LLL1_22.png
 0.4 kb	 0.0% Packages/com.unity.render-pipelines.universal/Textures/BlueNoise16/L/LDR_LLL1_21.png
 0.4 kb	 0.0% Packages/com.unity.render-pipelines.universal/Textures/BlueNoise16/L/LDR_LLL1_20.png
 0.4 kb	 0.0% Packages/com.unity.render-pipelines.universal/Textures/BlueNoise16/L/LDR_LLL1_2.png
 0.4 kb	 0.0% Packages/com.unity.render-pipelines.universal/Textures/BlueNoise16/L/LDR_LLL1_19.png
 0.4 kb	 0.0% Packages/com.unity.render-pipelines.universal/Textures/BlueNoise16/L/LDR_LLL1_18.png
 0.4 kb	 0.0% Packages/com.unity.render-pipelines.universal/Textures/BlueNoise16/L/LDR_LLL1_17.png
 0.4 kb	 0.0% Packages/com.unity.render-pipelines.universal/Textures/BlueNoise16/L/LDR_LLL1_16.png
 0.4 kb	 0.0% Packages/com.unity.render-pipelines.universal/Textures/BlueNoise16/L/LDR_LLL1_15.png
 0.4 kb	 0.0% Packages/com.unity.render-pipelines.universal/Textures/BlueNoise16/L/LDR_LLL1_14.png
 0.4 kb	 0.0% Packages/com.unity.render-pipelines.universal/Textures/BlueNoise16/L/LDR_LLL1_13.png
 0.4 kb	 0.0% Packages/com.unity.render-pipelines.universal/Textures/BlueNoise16/L/LDR_LLL1_12.png
 0.4 kb	 0.0% Packages/com.unity.render-pipelines.universal/Textures/BlueNoise16/L/LDR_LLL1_11.png
 0.4 kb	 0.0% Packages/com.unity.render-pipelines.universal/Textures/BlueNoise16/L/LDR_LLL1_10.png
 0.4 kb	 0.0% Packages/com.unity.render-pipelines.universal/Textures/BlueNoise16/L/LDR_LLL1_1.png
 0.4 kb	 0.0% Packages/com.unity.render-pipelines.universal/Textures/BlueNoise16/L/LDR_LLL1_0.png
 0.4 kb	 0.0% Assets/Settings/Very Low_PipelineAsset.asset
 0.4 kb	 0.0% Assets/Settings/Very High_PipelineAsset.asset
 0.4 kb	 0.0% Assets/Settings/Ultra_PipelineAsset.asset
 0.4 kb	 0.0% Assets/Settings/Medium_PipelineAsset.asset
 0.4 kb	 0.0% Assets/Settings/Low_PipelineAsset.asset
 0.4 kb	 0.0% Assets/Settings/High_PipelineAsset.asset
 0.3 kb	 0.0% Assets/TextMesh Pro/Resources/LineBreaking Following Characters.txt
 0.3 kb	 0.0% Assets/TextMesh Pro/Examples & Extras/Textures/Gradient Diagonal (Color).jpg
 0.3 kb	 0.0% Assets/TextMesh Pro/Resources/TMP Settings.asset
 0.3 kb	 0.0% Packages/com.unity.cinemachine/Presets/Noise/6D Shake.asset
 0.2 kb	 0.0% Assets/WX-WASM-SDK-V2/Runtime/Plugins/wx-perf.dll
 0.2 kb	 0.0% Assets/Resources/DOTweenSettings.asset
 0.2 kb	 0.0% Packages/com.unity.render-pipelines.universal/Runtime/Debug/UniversalRenderPipelineVolumeDebugSettings.cs
 0.2 kb	 0.0% Packages/com.unity.render-pipelines.universal/Runtime/Debug/UniversalRenderPipelineDebugDisplaySettings.cs
 0.2 kb	 0.0% Assets/Plugins/DOTween/DOTween.dll
 0.2 kb	 0.0% Packages/com.unity.render-pipelines.universal/Runtime/UniversalRenderPipelineGlobalSettings.cs
 0.2 kb	 0.0% Packages/com.unity.render-pipelines.universal/Runtime/Data/UniversalRenderPipelineEditorResources.cs
 0.2 kb	 0.0% Packages/com.unity.test-framework/UnityEngine.TestRunner/NUnitExtensions/Runner/RestoreTestContextAfterDomainReload.cs
 0.2 kb	 0.0% Packages/com.unity.render-pipelines.universal/Runtime/Passes/AdditionalLightsShadowCasterPass.cs
 0.2 kb	 0.0% Packages/com.unity.render-pipelines.core/Runtime/RenderGraph/RenderGraphResourceRegistry.cs
 0.2 kb	 0.0% Packages/com.unity.render-pipelines.core/Runtime/RenderGraph/RenderGraphDefaultResources.cs
 0.2 kb	 0.0% Packages/com.unity.visualscripting/Runtime/VisualScripting.Core/Listeners/UI/UnityOnScrollbarValueChangedMessageListener.cs
 0.2 kb	 0.0% Packages/com.unity.visualscripting/Runtime/VisualScripting.Core/Listeners/UI/UnityOnScrollRectValueChangedMessageListener.cs
 0.2 kb	 0.0% Packages/com.unity.visualscripting/Runtime/VisualScripting.Core/Listeners/UI/UnityOnInputFieldValueChangedMessageListener.cs
 0.2 kb	 0.0% Packages/com.unity.visualscripting/Runtime/VisualScripting.Core/Listeners/UI/UnityOnDropdownValueChangedMessageListener.cs
 0.2 kb	 0.0% Packages/com.unity.visualscripting/Runtime/VisualScripting.Core/Listeners/MonoBehaviour/UnityOnTransformChildrenChangedMListener.cs
 0.2 kb	 0.0% Packages/com.unity.visualscripting/Runtime/VisualScripting.Core/Listeners/MonoBehaviour/UnityOnControllerColliderHitMessageListener.cs
 0.2 kb	 0.0% Packages/com.unity.render-pipelines.core/Runtime/RenderGraph/RenderGraphResourceRendererList.cs
 0.2 kb	 0.0% Packages/com.unity.render-pipelines.core/Runtime/RenderGraph/RenderGraphResourceComputeBuffer.cs
 0.2 kb	 0.0% Packages/com.unity.render-pipelines.core/Runtime/Common/IVirtualTexturingEnabledRenderPipeline.cs
 0.2 kb	 0.0% Packages/com.unity.mathematics/Unity.Mathematics/Il2CppEagerStaticClassConstructionAttribute.cs
 0.2 kb	 0.0% Packages/com.unity.visualscripting/Runtime/VisualScripting.Core/Listeners/MonoBehaviour/UnityOnTransformParentChangedMListener.cs
 0.2 kb	 0.0% Packages/com.unity.visualscripting/Runtime/VisualScripting.Core/Dependencies/AssemblyQualifiedNameParser/ParsedAssemblyQualifiedName.cs
 0.2 kb	 0.0% Packages/com.unity.test-framework/UnityEngine.TestRunner/NUnitExtensions/Runner/UnityLogCheckDelegatingCommand.cs
 0.2 kb	 0.0% Packages/com.unity.test-framework/UnityEngine.TestRunner/Assertions/OutOfOrderExpectedLogMessageException.cs
 0.2 kb	 0.0% Packages/com.unity.render-pipelines.universal/Runtime/UniversalAdditionalCameraData.cs
 0.2 kb	 0.0% Packages/com.unity.render-pipelines.universal/Runtime/RendererFeatures/DisallowMultipleRendererFeature.cs
 0.2 kb	 0.0% Packages/com.unity.render-pipelines.universal/Runtime/Passes/MainLightShadowCasterPass.cs
 0.2 kb	 0.0% Packages/com.unity.render-pipelines.universal/Runtime/Passes/InvokeOnRenderObjectCallbackPass.cs
 0.2 kb	 0.0% Packages/com.unity.render-pipelines.universal/Runtime/Decal/Entities/DecalUpdateCullingGroupSystem.cs
 0.2 kb	 0.0% Packages/com.unity.render-pipelines.universal/Runtime/Debug/DebugDisplaySettingsRendering.cs
 0.2 kb	 0.0% Packages/com.unity.render-pipelines.universal/Runtime/2D/CinemachineUniversalPixelPerfect.cs
 0.2 kb	 0.0% Packages/com.unity.render-pipelines.core/Runtime/RenderGraph/RenderGraphResourcePool.cs
 0.2 kb	 0.0% Packages/com.unity.render-pipelines.core/Runtime/RenderGraph/RenderGraphObjectPool.cs
 0.2 kb	 0.0% Packages/com.unity.render-pipelines.core/Runtime/Lighting/ProbeVolume/ProbeReferenceVolume.ReflProbeNormalization.cs
 0.2 kb	 0.0% Packages/com.unity.visualscripting/Runtime/VisualScripting.Core/Listeners/UI/UnityOnToggleValueChangedMessageListener.cs
 0.2 kb	 0.0% Packages/com.unity.visualscripting/Runtime/VisualScripting.Core/Listeners/UI/UnityOnSliderValueChangedMessageListener.cs
 0.2 kb	 0.0% Packages/com.unity.visualscripting/Runtime/VisualScripting.Core/Listeners/UI/UnityOnInputFieldEndEditMessageListener.cs
 0.2 kb	 0.0% Packages/com.unity.visualscripting/Runtime/VisualScripting.Core/Listeners/MonoBehaviour/UnityOnParticleCollisionMessageListener.cs
 0.2 kb	 0.0% Packages/com.unity.visualscripting/Runtime/VisualScripting.Core/Listeners/MonoBehaviour/UnityOnMouseUpAsButtonMessageListener.cs
 0.2 kb	 0.0% Packages/com.unity.visualscripting/Runtime/VisualScripting.Core/Listeners/MonoBehaviour/UnityOnCollisionStay2DMessageListener.cs
 0.2 kb	 0.0% Packages/com.unity.visualscripting/Runtime/VisualScripting.Core/Listeners/MonoBehaviour/UnityOnCollisionExit2DMessageListener.cs
 0.2 kb	 0.0% Packages/com.unity.visualscripting/Runtime/VisualScripting.Core/Listeners/MonoBehaviour/UnityOnCollisionEnter2DMessageListener.cs
 0.2 kb	 0.0% Packages/com.unity.visualscripting/Runtime/VisualScripting.Core/Listeners/MonoBehaviour/UnityOnBecameInvisibleMessageListener.cs
 0.2 kb	 0.0% Packages/com.unity.render-pipelines.universal/Runtime/UniversalRenderPipelineRenderGraph.cs
 0.2 kb	 0.0% Packages/com.unity.render-pipelines.core/Runtime/RenderGraph/RenderGraphResourceTexture.cs
 0.2 kb	 0.0% Packages/com.unity.visualscripting/Runtime/VisualScripting.Core/Dependencies/FullSerializer/Converters/Unity/GUIStyleState_DirectConverter.cs
 0.2 kb	 0.0% Packages/com.unity.visualscripting/Runtime/VisualScripting.Core/Dependencies/FullSerializer/Converters/Unity/AnimationCurve_DirectConverter.cs
 0.2 kb	 0.0% Packages/com.unity.test-framework/UnityEngine.TestRunner/NUnitExtensions/Runner/UnityTestExecutionContext.cs
 0.2 kb	 0.0% Packages/com.unity.test-framework/UnityEngine.TestRunner/NUnitExtensions/Runner/IEnumerableTestMethodCommand.cs
 0.2 kb	 0.0% Packages/com.unity.test-framework/UnityEngine.TestRunner/NUnitExtensions/Commands/EnumerableApplyChangesToContextCommand.cs
 0.2 kb	 0.0% Packages/com.unity.render-pipelines.universal/Runtime/UniversalAdditionalLightData.cs
 0.2 kb	 0.0% Packages/com.unity.render-pipelines.universal/Runtime/Tiling/ReflectionProbeMinMaxZJob.cs
 0.2 kb	 0.0% Packages/com.unity.render-pipelines.universal/Runtime/ScriptableRendererFeature.cs
 0.2 kb	 0.0% Packages/com.unity.render-pipelines.universal/Runtime/RendererFeatures/ScreenSpaceAmbientOcclusion.cs
 0.2 kb	 0.0% Packages/com.unity.render-pipelines.universal/Runtime/RenderTargetBufferSystem.cs
 0.2 kb	 0.0% Packages/com.unity.render-pipelines.universal/Runtime/Overrides/ShadowsMidtonesHighlights.cs
 0.2 kb	 0.0% Packages/com.unity.render-pipelines.universal/Runtime/Decal/ScreenSpace/DecalScreenSpaceRenderPass.cs
 0.2 kb	 0.0% Packages/com.unity.render-pipelines.universal/Runtime/Decal/Entities/DecalCreateDrawCallSystem.cs
 0.2 kb	 0.0% Packages/com.unity.render-pipelines.universal/Runtime/Debug/DebugDisplaySettingsMaterial.cs
 0.2 kb	 0.0% Packages/com.unity.render-pipelines.universal/Runtime/Debug/DebugDisplaySettingsLighting.cs
 0.2 kb	 0.0% Packages/com.unity.render-pipelines.universal/Runtime/Debug/DebugDisplaySettingsCommon.cs
 0.2 kb	 0.0% Packages/com.unity.render-pipelines.universal/Runtime/Data/UniversalRenderPipelineAsset.cs
 0.2 kb	 0.0% Packages/com.unity.render-pipelines.universal/Runtime/2D/Shadows/ShadowCasterGroup2DManager.cs
 0.2 kb	 0.0% Packages/com.unity.render-pipelines.universal/Runtime/2D/PixelPerfectCameraInternal.cs
 0.2 kb	 0.0% Packages/com.unity.render-pipelines.universal/Runtime/2D/Passes/PixelPerfectBackgroundPass.cs
 0.2 kb	 0.0% Packages/com.unity.render-pipelines.core/Runtime/RenderGraph/RenderGraphLogger.cs
 0.2 kb	 0.0% Packages/com.unity.render-pipelines.core/Runtime/RenderGraph/RenderGraphBuilder.cs
 0.2 kb	 0.0% Packages/com.unity.visualscripting/Runtime/VisualScripting.Core/SerializedProperties/SerializedPropertyProviderAttribute.cs
 0.2 kb	 0.0% Packages/com.unity.visualscripting/Runtime/VisualScripting.Core/Listeners/UIInterfaces/UnityOnPointerExitMessageListener.cs
 0.2 kb	 0.0% Packages/com.unity.visualscripting/Runtime/VisualScripting.Core/Listeners/UIInterfaces/UnityOnPointerEnterMessageListener.cs
 0.2 kb	 0.0% Packages/com.unity.visualscripting/Runtime/VisualScripting.Core/Listeners/UIInterfaces/UnityOnPointerDownMessageListener.cs
 0.2 kb	 0.0% Packages/com.unity.visualscripting/Runtime/VisualScripting.Core/Listeners/UIInterfaces/UnityOnPointerClickMessageListener.cs
 0.2 kb	 0.0% Packages/com.unity.visualscripting/Runtime/VisualScripting.Core/Listeners/UI/UnityOnButtonClickMessageListener.cs
 0.2 kb	 0.0% Packages/com.unity.visualscripting/Runtime/VisualScripting.Core/Listeners/MonoBehaviour/UnityOnTriggerEnterMessageListener.cs
 0.2 kb	 0.0% Packages/com.unity.visualscripting/Runtime/VisualScripting.Core/Listeners/MonoBehaviour/UnityOnJointBreak2DMessageListener.cs
 0.2 kb	 0.0% Packages/com.unity.visualscripting/Runtime/VisualScripting.Core/Listeners/MonoBehaviour/UnityOnCollisionStayMessageListener.cs
 0.2 kb	 0.0% Packages/com.unity.visualscripting/Runtime/VisualScripting.Core/Listeners/MonoBehaviour/UnityOnCollisionExitMessageListener.cs
 0.2 kb	 0.0% Packages/com.unity.visualscripting/Runtime/VisualScripting.Core/Listeners/MonoBehaviour/UnityOnCollisionEnterMessageListener.cs
 0.2 kb	 0.0% Packages/com.unity.visualscripting/Runtime/VisualScripting.Core/Listeners/MonoBehaviour/UnityOnBecameVisibleMessageListener.cs
 0.2 kb	 0.0% Packages/com.unity.visualscripting/Runtime/VisualScripting.Core/EditorBinding/Inspector/InspectorActionDirectionAttribute.cs
 0.2 kb	 0.0% Packages/com.unity.visualscripting/Runtime/VisualScripting.Core/EditorBinding/Inspector/InspectViaImplementationsAttribute.cs
 0.2 kb	 0.0% Packages/com.unity.visualscripting/Runtime/VisualScripting.Core/Dependencies/FullSerializer/Internal/fsCyclicReferenceManager.cs
 0.2 kb	 0.0% Packages/com.unity.visualscripting/Runtime/VisualScripting.Core/Dependencies/FullSerializer/Converters/Unity/UnityEvent_Converter.cs
 0.2 kb	 0.0% Packages/com.unity.test-framework/UnityEngine.TestRunner/Utils/Vector4ComparerWithEqualsOperator.cs
 0.2 kb	 0.0% Packages/com.unity.test-framework/UnityEngine.TestRunner/Utils/Vector3ComparerWithEqualsOperator.cs
 0.2 kb	 0.0% Packages/com.unity.test-framework/UnityEngine.TestRunner/Utils/Vector2ComparerWithEqualsOperator.cs
 0.2 kb	 0.0% Packages/com.unity.test-framework/UnityEngine.TestRunner/TestRunner/RemoteHelpers/RemoteTestResultDataWithTestData.cs
 0.2 kb	 0.0% Packages/com.unity.test-framework/UnityEngine.TestRunner/TestRunner/Callbacks/TestResultRendererCallback.cs
 0.2 kb	 0.0% Packages/com.unity.scriptablebuildpipeline/Runtime/CompatibilityAssetBundleManifest.cs
 0.2 kb	 0.0% Packages/com.unity.render-pipelines.universal/Runtime/UniversalRenderPipelineCore.cs
 0.2 kb	 0.0% Packages/com.unity.render-pipelines.universal/Runtime/Passes/RenderObjectsPass.cs
 0.2 kb	 0.0% Packages/com.unity.render-pipelines.universal/Runtime/2D/PixelPerfectCamera.cs
 0.2 kb	 0.0% Packages/com.unity.render-pipelines.core/Runtime/Utilities/CoreRenderPipelinePreferences.cs
 0.2 kb	 0.0% Packages/com.unity.render-pipelines.core/Runtime/RenderGraph/RenderGraphResources.cs
 0.2 kb	 0.0% Packages/com.unity.render-pipelines.core/Runtime/Lighting/ProbeVolume/ProbeVolumeBakingProcessSettings.cs
 0.2 kb	 0.0% Packages/com.unity.render-pipelines.core/Runtime/Debugging/Prefabs/Scripts/DebugUIHandlerPersistentCanvas.cs
 0.2 kb	 0.0% Packages/com.unity.render-pipelines.core/Runtime/Debugging/Prefabs/Scripts/DebugUIHandlerObjectPopupField.cs
 0.2 kb	 0.0% Packages/com.unity.render-pipelines.core/Runtime/Debugging/Prefabs/Scripts/DebugUIHandlerIndirectFloatField.cs
 0.2 kb	 0.0% Packages/com.unity.render-pipelines.core/Runtime/Common/GlobalDynamicResolutionSettings.cs
 0.2 kb	 0.0% Assets/UniversalRenderPipelineGlobalSettings.asset
 0.2 kb	 0.0% Packages/com.unity.visualscripting/Runtime/VisualScripting.Core/Listeners/MonoBehaviour/UnityOnTriggerStay2DMListener.cs
 0.2 kb	 0.0% Packages/com.unity.visualscripting/Runtime/VisualScripting.Core/Listeners/MonoBehaviour/UnityOnTriggerExit2DMListener.cs
 0.2 kb	 0.0% Packages/com.unity.visualscripting/Runtime/VisualScripting.Core/Listeners/MonoBehaviour/UnityOnTriggerEnter2DMListener.cs
 0.2 kb	 0.0% Packages/com.unity.visualscripting/Runtime/VisualScripting.Core/Dependencies/FullSerializer/fsISerializationCallbacks.cs
 0.2 kb	 0.0% Packages/com.unity.visualscripting/Runtime/VisualScripting.Core/Dependencies/FullSerializer/Converters/Unity/RectOffset_DirectConverter.cs
 0.2 kb	 0.0% Packages/com.unity.visualscripting/Runtime/VisualScripting.Core/Dependencies/FullSerializer/Converters/Unity/LayerMask_DirectConverter.cs
 0.2 kb	 0.0% Packages/com.unity.test-framework/UnityEngine.TestRunner/TestRunner/PlaymodeTestsControllerSettings.cs
 0.2 kb	 0.0% Packages/com.unity.test-framework/UnityEngine.TestRunner/NUnitExtensions/Runner/UnityWorkItemDataHolder.cs
 0.2 kb	 0.0% Packages/com.unity.test-framework/UnityEngine.TestRunner/NUnitExtensions/Runner/UnityTestAssemblyRunner.cs
 0.2 kb	 0.0% Packages/com.unity.test-framework/UnityEngine.TestRunner/NUnitExtensions/Runner/PlaymodeWorkItemFactory.cs
 0.2 kb	 0.0% Packages/com.unity.test-framework/UnityEngine.TestRunner/NUnitExtensions/Runner/CoroutineTestWorkItem.cs
 0.2 kb	 0.0% Packages/com.unity.test-framework/UnityEngine.TestRunner/NUnitExtensions/IAsyncTestAssemblyBuilder.cs
 0.2 kb	 0.0% Packages/com.unity.test-framework/UnityEngine.TestRunner/NUnitExtensions/Filters/CategoryFilterExtended.cs
 0.2 kb	 0.0% Packages/com.unity.test-framework/UnityEngine.TestRunner/Assertions/UnexpectedLogMessageException.cs
 0.2 kb	 0.0% Packages/com.unity.render-pipelines.universal/Runtime/UniversalRendererRenderGraph.cs
 0.2 kb	 0.0% Packages/com.unity.render-pipelines.universal/Runtime/UniversalRendererData.cs
 0.2 kb	 0.0% Packages/com.unity.render-pipelines.universal/Runtime/UniversalRenderPipeline.cs
 0.2 kb	 0.0% Packages/com.unity.render-pipelines.universal/Runtime/Tiling/TileRangeExpansionJob.cs
 0.2 kb	 0.0% Packages/com.unity.render-pipelines.universal/Runtime/ScriptableRendererData.cs
 0.2 kb	 0.0% Packages/com.unity.render-pipelines.universal/Runtime/ReflectionProbeManager.cs
 0.2 kb	 0.0% Packages/com.unity.render-pipelines.universal/Runtime/Passes/TransparentSettingsPass.cs
 0.2 kb	 0.0% Packages/com.unity.render-pipelines.universal/Runtime/Passes/MotionVectorRenderPass.cs
 0.2 kb	 0.0% Packages/com.unity.render-pipelines.universal/Runtime/Passes/DrawScreenSpaceUIPass.cs
 0.2 kb	 0.0% Packages/com.unity.render-pipelines.universal/Runtime/Passes/DepthNormalOnlyPass.cs
 0.2 kb	 0.0% Packages/com.unity.render-pipelines.universal/Runtime/Passes/ColorGradingLutPass.cs
 0.2 kb	 0.0% Packages/com.unity.render-pipelines.universal/Runtime/NormalReconstruction.cs
 0.2 kb	 0.0% Packages/com.unity.render-pipelines.universal/Runtime/Decal/ScreenSpace/DecalGBufferRenderPass.cs
 0.2 kb	 0.0% Packages/com.unity.render-pipelines.universal/Runtime/Decal/Entities/DecalUpdateCulledSystem.cs
 0.2 kb	 0.0% Packages/com.unity.render-pipelines.universal/Runtime/Decal/Entities/DecalUpdateCachedSystem.cs
 0.2 kb	 0.0% Packages/com.unity.render-pipelines.universal/Runtime/Decal/Entities/DecalSkipCulledSystem.cs
 0.2 kb	 0.0% Packages/com.unity.render-pipelines.universal/Runtime/Decal/DBuffer/DecalForwardEmissivePass.cs
 0.2 kb	 0.0% Packages/com.unity.render-pipelines.universal/Runtime/2D/Shadows/CompositeShadowCaster2D.cs
 0.2 kb	 0.0% Packages/com.unity.render-pipelines.core/Runtime/XR/XRBuiltinShaderConstants.cs
 0.2 kb	 0.0% Packages/com.unity.render-pipelines.core/Runtime/RenderGraph/RenderGraphPass.cs
 0.1 kb	 0.0% Packages/com.unity.visualscripting/Runtime/VisualScripting.Flow/Ports/MissingValuePortInputException.cs
 0.1 kb	 0.0% Packages/com.unity.visualscripting/Runtime/VisualScripting.Flow/EditorBinding/UnitHeaderInspectableAttribute.cs
 0.1 kb	 0.0% Packages/com.unity.visualscripting/Runtime/VisualScripting.Flow/Dependencies/NCalc/LogicalExpressionVisitor.cs
 0.1 kb	 0.0% Packages/com.unity.visualscripting/Runtime/VisualScripting.Core/Variables/VariableDeclarationCollection.cs
 0.1 kb	 0.0% Packages/com.unity.visualscripting/Runtime/VisualScripting.Core/Variables/InspectorVariableNameAttribute.cs
 0.1 kb	 0.0% Packages/com.unity.visualscripting/Runtime/VisualScripting.Core/Serialization/SerializationVersionAttribute.cs
 0.1 kb	 0.0% Packages/com.unity.visualscripting/Runtime/VisualScripting.Core/Listeners/UIInterfaces/UnityOnPointerUpMessageListener.cs
 0.1 kb	 0.0% Packages/com.unity.visualscripting/Runtime/VisualScripting.Core/Listeners/UIInterfaces/UnityOnEndDragMessageListener.cs
 0.1 kb	 0.0% Packages/com.unity.visualscripting/Runtime/VisualScripting.Core/Listeners/UIInterfaces/UnityOnDeselectMessageListener.cs
 0.1 kb	 0.0% Packages/com.unity.visualscripting/Runtime/VisualScripting.Core/Listeners/UIInterfaces/UnityOnBeginDragMessageListener.cs
 0.1 kb	 0.0% Packages/com.unity.visualscripting/Runtime/VisualScripting.Core/Listeners/MonoBehaviour/UnityOnTriggerStayMListener.cs
 0.1 kb	 0.0% Packages/com.unity.visualscripting/Runtime/VisualScripting.Core/Listeners/MonoBehaviour/UnityOnTriggerExitMListener.cs
 0.1 kb	 0.0% Packages/com.unity.visualscripting/Runtime/VisualScripting.Core/Listeners/MonoBehaviour/UnityOnMouseUpMessageListener.cs
 0.1 kb	 0.0% Packages/com.unity.visualscripting/Runtime/VisualScripting.Core/Listeners/MonoBehaviour/UnityOnMouseOverMessageListener.cs
 0.1 kb	 0.0% Packages/com.unity.visualscripting/Runtime/VisualScripting.Core/Listeners/MonoBehaviour/UnityOnMouseExitMessageListener.cs
 0.1 kb	 0.0% Packages/com.unity.visualscripting/Runtime/VisualScripting.Core/Listeners/MonoBehaviour/UnityOnMouseEnterMessageListener.cs
 0.1 kb	 0.0% Packages/com.unity.visualscripting/Runtime/VisualScripting.Core/Listeners/MonoBehaviour/UnityOnMouseDragMessageListener.cs
 0.1 kb	 0.0% Packages/com.unity.visualscripting/Runtime/VisualScripting.Core/Listeners/MonoBehaviour/UnityOnMouseDownMessageListener.cs
 0.1 kb	 0.0% Packages/com.unity.visualscripting/Runtime/VisualScripting.Core/Listeners/MonoBehaviour/UnityOnJointBreakMessageListener.cs
 0.1 kb	 0.0% Packages/com.unity.visualscripting/Runtime/VisualScripting.Core/Exceptions/InvalidImplementationException.cs
 0.1 kb	 0.0% Packages/com.unity.visualscripting/Runtime/VisualScripting.Core/EditorBinding/Inspector/InspectorExpandTooltipAttribute.cs
 0.1 kb	 0.0% Packages/com.unity.visualscripting/Runtime/VisualScripting.Core/EditorBinding/Inspector/InspectorAdaptiveWidthAttribute.cs
 0.1 kb	 0.0% Packages/com.unity.visualscripting/Runtime/VisualScripting.Core/Dependencies/FullSerializer/Internal/fsPortableReflection.cs
 0.1 kb	 0.0% Packages/com.unity.visualscripting/Runtime/VisualScripting.Core/Attributes/VisualScriptingHelpURLAttribute.cs
 0.1 kb	 0.0% Packages/com.unity.test-framework/UnityEngine.TestRunner/TestRunner/RemoteHelpers/RemoteTestResultDataFactory.cs
 0.1 kb	 0.0% Packages/com.unity.test-framework/UnityEngine.TestRunner/TestRunner/RemoteHelpers/PlayerConnectionMessageIds.cs
 0.1 kb	 0.0% Packages/com.unity.test-framework/UnityEngine.TestRunner/TestRunner/RemoteHelpers/IRemoteTestResultDataFactory.cs
 0.1 kb	 0.0% Packages/com.unity.test-framework/UnityEngine.TestRunner/TestRunner/Callbacks/RemoteTestResultSender.cs
 0.1 kb	 0.0% Packages/com.unity.test-framework/UnityEngine.TestRunner/TestRunner/Callbacks/PlayModeRunnerCallback.cs
 0.1 kb	 0.0% Packages/com.unity.test-framework/UnityEngine.TestRunner/Assertions/AllocatingGCMemoryConstraint.cs
 0.1 kb	 0.0% Packages/com.unity.render-pipelines.universal/Runtime/RendererFeatures/RenderObjects.cs
 0.1 kb	 0.0% Packages/com.unity.render-pipelines.universal/Runtime/MotionVectors.cs
 0.1 kb	 0.0% Packages/com.unity.render-pipelines.universal/Runtime/Decal/DecalDrawErrorRenderPass.cs
 0.1 kb	 0.0% Packages/com.unity.render-pipelines.universal/Runtime/2D/InternalBridge/InternalEngineBridge.cs
 0.1 kb	 0.0% Packages/com.unity.render-pipelines.core/Runtime/Utilities/BatchRendererGroupGlobals.cs
 0.1 kb	 0.0% Packages/com.unity.render-pipelines.core/Runtime/Lighting/ProbeVolume/ShaderVariablesProbeVolumes.cs
 0.1 kb	 0.0% Packages/com.unity.render-pipelines.core/Runtime/Lighting/ProbeVolume/ProbeReferenceVolumeProfile.cs
 0.1 kb	 0.0% Packages/com.unity.render-pipelines.core/Runtime/Debugging/Prefabs/Scripts/DebugUIHandlerToggleHistory.cs
 0.1 kb	 0.0% Packages/com.unity.render-pipelines.core/Runtime/Debugging/Prefabs/Scripts/DebugUIHandlerProgressBar.cs
 0.1 kb	 0.0% Packages/com.unity.render-pipelines.core/Runtime/Debugging/Prefabs/Scripts/DebugUIHandlerIndirectToggle.cs
 0.1 kb	 0.0% Packages/com.unity.render-pipelines.core/Runtime/Debugging/Prefabs/Scripts/DebugUIHandlerEnumHistory.cs
 0.1 kb	 0.0% Packages/com.unity.render-pipelines.core/Runtime/Debugging/IDebugDisplaySettingsQuery.cs
 0.1 kb	 0.0% Packages/com.unity.render-pipelines.core/Runtime/Debugging/IDebugDisplaySettingsPanel.cs
 0.1 kb	 0.0% Packages/com.unity.render-pipelines.core/Runtime/Debugging/IDebugDisplaySettingsData.cs
 0.1 kb	 0.0% Packages/com.unity.render-pipelines.core/Runtime/Debugging/DebugDisplaySettingsVolumes.cs
 0.1 kb	 0.0% Packages/com.unity.render-pipelines.core/Runtime/Debugging/DebugDisplaySettingsPanel.cs
 0.1 kb	 0.0% Assets/Plugins/AllIn1SpriteShader/Scripts/Editor/AllIn1SpriteShaderUiMaskMaterialInspector.cs
 0.1 kb	 0.0% Packages/com.unity.visualscripting/Runtime/VisualScripting.Core/Dependencies/FullSerializer/fsExceptions.cs
 0.1 kb	 0.0% Packages/com.unity.visualscripting/Runtime/VisualScripting.Core/Dependencies/FullSerializer/fsAotCompilationManager.cs
 0.1 kb	 0.0% Packages/com.unity.visualscripting/Runtime/VisualScripting.Core/Dependencies/FullSerializer/Converters/fsWeakReferenceConverter.cs
 0.1 kb	 0.0% Packages/com.unity.visualscripting/Runtime/VisualScripting.Core/Dependencies/FullSerializer/Converters/fsKeyValuePairConverter.cs
 0.1 kb	 0.0% Packages/com.unity.visualscripting/Runtime/VisualScripting.Core/Dependencies/FullSerializer/Converters/fsIEnumerableConverter.cs
 0.1 kb	 0.0% Packages/com.unity.visualscripting/Runtime/VisualScripting.Core/Dependencies/FullSerializer/Converters/fsDictionaryConverter.cs
 0.1 kb	 0.0% Packages/com.unity.visualscripting/Runtime/VisualScripting.Core/Dependencies/FullSerializer/Converters/Unity/Keyframe_DirectConverter.cs
 0.1 kb	 0.0% Packages/com.unity.visualscripting/Runtime/VisualScripting.Core/Dependencies/FullSerializer/Converters/Unity/Gradient_DirectConverter.cs
 0.1 kb	 0.0% Packages/com.unity.visualscripting/Runtime/VisualScripting.Core/Dependencies/FullSerializer/Converters/Unity/GUIStyle_DirectConverter.cs
 0.1 kb	 0.0% Packages/com.unity.visualscripting/Runtime/VisualScripting.Core/Dependencies/FullSerializer/Converters/Unity/Bounds_DirectConverter.cs
 0.1 kb	 0.0% Packages/com.unity.test-framework/UnityEngine.TestRunner/TestRunner/Messages/IEditModeTestYieldInstruction.cs
 0.1 kb	 0.0% Packages/com.unity.test-framework/UnityEngine.TestRunner/NUnitExtensions/UnityTestAssemblyBuilder.cs
 0.1 kb	 0.0% Packages/com.unity.test-framework/UnityEngine.TestRunner/NUnitExtensions/Runner/TestCommandBuilder.cs
 0.1 kb	 0.0% Packages/com.unity.test-framework/UnityEngine.TestRunner/NUnitExtensions/Runner/DefaultTestWorkItem.cs
 0.1 kb	 0.0% Packages/com.unity.test-framework/UnityEngine.TestRunner/NUnitExtensions/Runner/CompositeWorkItem.cs
 0.1 kb	 0.0% Packages/com.unity.test-framework/UnityEngine.TestRunner/NUnitExtensions/OrderedTestSuiteModifier.cs
 0.1 kb	 0.0% Packages/com.unity.test-framework/UnityEngine.TestRunner/NUnitExtensions/Filters/AssemblyNameFilter.cs
 0.1 kb	 0.0% Packages/com.unity.test-framework/UnityEngine.TestRunner/NUnitExtensions/Commands/EnumerableSetUpTearDownCommand.cs
 0.1 kb	 0.0% Packages/com.unity.test-framework/UnityEngine.TestRunner/NUnitExtensions/Commands/EnumerableRepeatedTestCommand.cs
 0.1 kb	 0.0% Packages/com.unity.test-framework/UnityEngine.TestRunner/NUnitExtensions/Attributes/TestMustExpectAllLogsAttribute.cs
 0.1 kb	 0.0% Packages/com.unity.test-framework/UnityEngine.TestRunner/Assertions/UnityTestTimeoutException.cs
 0.1 kb	 0.0% Packages/com.unity.test-framework/UnityEngine.TestRunner/Assertions/UnhandledLogMessageException.cs
 0.1 kb	 0.0% Packages/com.unity.test-framework/UnityEngine.TestRunner/Assertions/InvalidSignatureException.cs
 0.1 kb	 0.0% Packages/com.unity.render-pipelines.universal/Runtime/XR/XRSystemUniversal.cs
 0.1 kb	 0.0% Packages/com.unity.render-pipelines.universal/Runtime/UniversalRenderer.cs
 0.1 kb	 0.0% Packages/com.unity.render-pipelines.universal/Runtime/SpaceFillingCurves.cs
 0.1 kb	 0.0% Packages/com.unity.render-pipelines.universal/Runtime/ScriptableRenderer.cs
 0.1 kb	 0.0% Packages/com.unity.render-pipelines.universal/Runtime/SceneViewDrawMode.cs
 0.1 kb	 0.0% Packages/com.unity.render-pipelines.universal/Runtime/RenderingLayerUtils.cs
 0.1 kb	 0.0% Packages/com.unity.render-pipelines.universal/Runtime/RendererFeatures/ScreenSpaceShadows.cs
 0.1 kb	 0.0% Packages/com.unity.render-pipelines.universal/Runtime/RendererFeatures/DecalRendererFeature.cs
 0.1 kb	 0.0% Packages/com.unity.render-pipelines.universal/Runtime/RenderTargetHandle.cs
 0.1 kb	 0.0% Packages/com.unity.render-pipelines.universal/Runtime/PostProcessPasses.cs
 0.1 kb	 0.0% Packages/com.unity.render-pipelines.universal/Runtime/Passes/XROcclusionMeshPass.cs
 0.1 kb	 0.0% Packages/com.unity.render-pipelines.universal/Runtime/Passes/ScriptableRenderPass.cs
 0.1 kb	 0.0% Packages/com.unity.render-pipelines.universal/Runtime/Passes/FinalBlitPass.cs
 0.1 kb	 0.0% Packages/com.unity.render-pipelines.universal/Runtime/Passes/DrawObjectsPass.cs
 0.1 kb	 0.0% Packages/com.unity.render-pipelines.universal/Runtime/Passes/DepthOnlyPass.cs
 0.1 kb	 0.0% Packages/com.unity.render-pipelines.universal/Runtime/Passes/CopyDepthPass.cs
 0.1 kb	 0.0% Packages/com.unity.render-pipelines.universal/Runtime/Passes/CopyColorPass.cs
 0.1 kb	 0.0% Packages/com.unity.render-pipelines.universal/Runtime/Overrides/ChromaticAberration.cs
 0.1 kb	 0.0% Packages/com.unity.render-pipelines.universal/Runtime/LightCookieManager.cs
 0.1 kb	 0.0% Packages/com.unity.render-pipelines.universal/Runtime/ForwardRendererData.cs
 0.1 kb	 0.0% Packages/com.unity.render-pipelines.universal/Runtime/ForwardLights.cs
 0.1 kb	 0.0% Packages/com.unity.render-pipelines.universal/Runtime/External/LibTessDotNet/MeshUtils.cs
 0.1 kb	 0.0% Packages/com.unity.render-pipelines.universal/Runtime/DeferredLights.cs
 0.1 kb	 0.0% Packages/com.unity.render-pipelines.universal/Runtime/Decal/Entities/DecalEntityManager.cs
 0.1 kb	 0.0% Packages/com.unity.render-pipelines.universal/Runtime/Decal/DecalShaderPassNames.cs
 0.1 kb	 0.0% Packages/com.unity.render-pipelines.universal/Runtime/Decal/DBuffer/DBufferRenderPass.cs
 0.1 kb	 0.0% Packages/com.unity.render-pipelines.universal/Runtime/Debug/DebugDisplayStats.cs
 0.1 kb	 0.0% Packages/com.unity.render-pipelines.universal/Runtime/2D/Shadows/ShadowCasterGroup2D.cs
 0.1 kb	 0.0% Packages/com.unity.render-pipelines.universal/Runtime/2D/Passes/Utility/Light2DLookupTexture.cs
 0.1 kb	 0.0% Packages/com.unity.render-pipelines.universal/Runtime/2D/Passes/Render2DLightingPass.cs
 0.1 kb	 0.0% Packages/com.unity.render-pipelines.universal/Runtime/2D/Light2DCullResult.cs
 0.1 kb	 0.0% Packages/com.unity.render-pipelines.universal/Runtime/2D/Light2DBlendStyle.cs
 0.1 kb	 0.0% Packages/com.unity.render-pipelines.core/Runtime/RenderGraph/RenderGraph.cs
 0.1 kb	 0.0% Packages/com.unity.render-pipelines.core/Runtime/Lighting/ProbeVolume/ProbeReferenceVolume.Streaming.cs
 0.1 kb	 0.0% Assets/Plugins/UniTask/Runtime/External/TextMeshPro/TextMeshProAsyncExtensions.InputField.cs
 0.1 kb	 0.0% Assets/Plugins/UniTask/Runtime/CompilerServices/AsyncUniTaskVoidMethodBuilder.cs
 0.1 kb	 0.0% Packages/com.unity.visualscripting/Runtime/VisualScripting.State/IStateTransitionDebugData.cs
 0.1 kb	 0.0% Packages/com.unity.visualscripting/Runtime/VisualScripting.Flow/Ports/IUnitOutputPortDefinition.cs
 0.1 kb	 0.0% Packages/com.unity.visualscripting/Runtime/VisualScripting.Flow/Ports/IUnitControlPortDefinition.cs
 0.1 kb	 0.0% Packages/com.unity.visualscripting/Runtime/VisualScripting.Flow/Framework/Variables/Obsolete/IsApplicationVariableDefined.cs
 0.1 kb	 0.0% Packages/com.unity.visualscripting/Runtime/VisualScripting.Flow/Framework/Events/Hierarchy/OnTransformChildrenChanged.cs
 0.1 kb	 0.0% Packages/com.unity.visualscripting/Runtime/VisualScripting.Flow/Dependencies/NCalc/TernaryExpression.cs
 0.1 kb	 0.0% Packages/com.unity.visualscripting/Runtime/VisualScripting.Flow/Dependencies/NCalc/SerializationVisitor.cs
 0.1 kb	 0.0% Packages/com.unity.visualscripting/Runtime/VisualScripting.Flow/Dependencies/NCalc/LogicalExpression.cs
 0.1 kb	 0.0% Packages/com.unity.visualscripting/Runtime/VisualScripting.Flow/Dependencies/NCalc/IdentifierExpression.cs
 0.1 kb	 0.0% Packages/com.unity.visualscripting/Runtime/VisualScripting.Flow/Dependencies/NCalc/FunctionExpression.cs
 0.1 kb	 0.0% Packages/com.unity.visualscripting/Runtime/VisualScripting.Flow/Dependencies/NCalc/EvaluationVisitor.cs
 0.1 kb	 0.0% Packages/com.unity.visualscripting/Runtime/VisualScripting.Flow/Dependencies/NCalc/EvaluationException.cs
 0.1 kb	 0.0% Packages/com.unity.visualscripting/Runtime/VisualScripting.Core/Variables/VariableDeclarationsCloner.cs
 0.1 kb	 0.0% Packages/com.unity.visualscripting/Runtime/VisualScripting.Core/Utilities/ReferenceEqualityComparer.cs
 0.1 kb	 0.0% Packages/com.unity.visualscripting/Runtime/VisualScripting.Core/Unity/UnityObjectOwnershipUtility.cs
 0.1 kb	 0.0% Packages/com.unity.visualscripting/Runtime/VisualScripting.Core/Unity/RequiresUnityAPIAttribute.cs
 0.1 kb	 0.0% Packages/com.unity.visualscripting/Runtime/VisualScripting.Core/SerializedProperties/ISerializedPropertyProvider.cs
 0.1 kb	 0.0% Packages/com.unity.visualscripting/Runtime/VisualScripting.Core/Serialization/Converters/LooseAssemblyNameConverter.cs
 0.1 kb	 0.0% Packages/com.unity.visualscripting/Runtime/VisualScripting.Core/Reflection/RenamedNamespaceAttribute.cs
 0.1 kb	 0.0% Packages/com.unity.visualscripting/Runtime/VisualScripting.Core/Reflection/Optimization/ReflectionPropertyAccessor.cs
 0.1 kb	 0.0% Packages/com.unity.visualscripting/Runtime/VisualScripting.Core/Reflection/Operators/GreaterThanOrEqualHandler.cs
 0.1 kb	 0.0% Packages/com.unity.visualscripting/Runtime/VisualScripting.Core/Reflection/Operators/AmbiguousOperatorException.cs
 0.1 kb	 0.0% Packages/com.unity.visualscripting/Runtime/VisualScripting.Core/Profiling/ProfiledSegmentCollection.cs
 0.1 kb	 0.0% Packages/com.unity.visualscripting/Runtime/VisualScripting.Core/Listeners/UIInterfaces/UnityOnSubmitMessageListener.cs
 0.1 kb	 0.0% Packages/com.unity.visualscripting/Runtime/VisualScripting.Core/Listeners/UIInterfaces/UnityOnSelectMessageListener.cs
 0.1 kb	 0.0% Packages/com.unity.visualscripting/Runtime/VisualScripting.Core/Listeners/UIInterfaces/UnityOnScrollMessageListener.cs
 0.1 kb	 0.0% Packages/com.unity.visualscripting/Runtime/VisualScripting.Core/Listeners/UIInterfaces/UnityOnMoveMessageListener.cs
 0.1 kb	 0.0% Packages/com.unity.visualscripting/Runtime/VisualScripting.Core/Listeners/UIInterfaces/UnityOnDropMessageListener.cs
 0.1 kb	 0.0% Packages/com.unity.visualscripting/Runtime/VisualScripting.Core/Listeners/UIInterfaces/UnityOnDragMessageListener.cs
 0.1 kb	 0.0% Packages/com.unity.visualscripting/Runtime/VisualScripting.Core/Listeners/UIInterfaces/UnityOnCancelMessageListener.cs
 0.1 kb	 0.0% Packages/com.unity.visualscripting/Runtime/VisualScripting.Core/Graphs/MergedGraphElementCollection.cs
 0.1 kb	 0.0% Packages/com.unity.visualscripting/Runtime/VisualScripting.Core/Graphs/IGraphElementWithDebugData.cs
 0.1 kb	 0.0% Packages/com.unity.visualscripting/Runtime/VisualScripting.Core/Exceptions/InvalidConversionException.cs
 0.1 kb	 0.0% Packages/com.unity.visualscripting/Runtime/VisualScripting.Core/EditorBinding/WarnBeforeRemovingAttribute.cs
 0.1 kb	 0.0% Packages/com.unity.visualscripting/Runtime/VisualScripting.Core/EditorBinding/WarnBeforeEditingAttribute.cs
 0.1 kb	 0.0% Packages/com.unity.visualscripting/Runtime/VisualScripting.Core/EditorBinding/TypeIconPriorityAttribute.cs
 0.1 kb	 0.0% Packages/com.unity.visualscripting/Runtime/VisualScripting.Core/EditorBinding/Inspector/InspectorToggleLeftAttribute.cs
 0.1 kb	 0.0% Packages/com.unity.visualscripting/Runtime/VisualScripting.Core/EditorBinding/Inspector/InspectorTextAreaAttribute.cs
 0.1 kb	 0.0% Packages/com.unity.visualscripting/Runtime/VisualScripting.Core/EditorBinding/Inspector/InspectorDelayedAttribute.cs
 0.1 kb	 0.0% Packages/com.unity.visualscripting/Runtime/VisualScripting.Core/EditorBinding/IncludeInSettingsAttribute.cs
 0.1 kb	 0.0% Packages/com.unity.visualscripting/Runtime/VisualScripting.Core/EditorBinding/DisableAnnotationAttribute.cs
 0.1 kb	 0.0% Packages/com.unity.visualscripting/Runtime/VisualScripting.Core/Dependencies/FullSerializer/Internal/fsVersionedType.cs
 0.1 kb	 0.0% Packages/com.unity.visualscripting/Runtime/VisualScripting.Core/Dependencies/FullSerializer/Internal/fsVersionManager.cs
 0.1 kb	 0.0% Packages/com.unity.visualscripting/Runtime/VisualScripting.Core/Dependencies/FullSerializer/Internal/fsTypeExtensions.cs
 0.1 kb	 0.0% Packages/com.unity.visualscripting/Runtime/VisualScripting.Core/Connections/InvalidConnectionException.cs
 0.1 kb	 0.0% Packages/com.unity.test-framework/UnityEngine.TestRunner/Utils/QuaternionEqualityComparer.cs
 0.1 kb	 0.0% Packages/com.unity.test-framework/UnityEngine.TestRunner/Utils/AssemblyProvider/PlayerTestAssemblyProvider.cs
 0.1 kb	 0.0% Packages/com.unity.test-framework/UnityEngine.TestRunner/TestRunner/RuntimeTestRunnerFilter.cs
 0.1 kb	 0.0% Packages/com.unity.test-framework/UnityEngine.TestRunner/TestRunner/Callbacks/TestResultRenderer.cs
 0.1 kb	 0.0% Packages/com.unity.test-framework/UnityEngine.TestRunner/TestRunner/Callbacks/PlayerQuitHandler.cs
 0.1 kb	 0.0% Packages/com.unity.render-pipelines.universal/Textures/BayerMatrix.png
 0.1 kb	 0.0% Packages/com.unity.render-pipelines.universal/Runtime/RTHandleUtils.cs
 0.1 kb	 0.0% Packages/com.unity.render-pipelines.universal/Runtime/NativeRenderPass.cs
 0.1 kb	 0.0% Packages/com.unity.render-pipelines.universal/Runtime/External/LibTessDotNet/PriorityHeap.cs
 0.1 kb	 0.0% Packages/com.unity.render-pipelines.universal-config/Runtime/ShaderConfig.cs
 0.1 kb	 0.0% Packages/com.unity.render-pipelines.core/Runtime/XR/XRGraphicsAutomatedTests.cs
 0.1 kb	 0.0% Packages/com.unity.render-pipelines.core/Runtime/Textures/Texture2DAtlasDynamic.cs
 0.1 kb	 0.0% Packages/com.unity.render-pipelines.core/Runtime/Textures/PowerOfTwoTextureAtlas.cs
 0.1 kb	 0.0% Packages/com.unity.render-pipelines.core/Runtime/Textures/BufferedRTHandleSystem.cs
 0.1 kb	 0.0% Packages/com.unity.render-pipelines.core/Runtime/RenderPipeline/RenderPipelineResources.cs
 0.1 kb	 0.0% Packages/com.unity.render-pipelines.core/Runtime/RenderPipeline/IShaderVariantSettings.cs
 0.1 kb	 0.0% Packages/com.unity.render-pipelines.core/Runtime/PostProcessing/LensFlareComponentSRP.cs
 0.1 kb	 0.0% Packages/com.unity.render-pipelines.core/Runtime/Lighting/ProbeVolume/ProbeVolumePositioning.cs
 0.1 kb	 0.0% Packages/com.unity.render-pipelines.core/Runtime/Lighting/ProbeVolume/ProbeVolumePerSceneData.cs
 0.1 kb	 0.0% Packages/com.unity.render-pipelines.core/Runtime/Debugging/ShaderDebugPrintManager.cs
 0.1 kb	 0.0% Packages/com.unity.render-pipelines.core/Runtime/Debugging/Prefabs/Scripts/DebugUIHandlerVector4.cs
 0.1 kb	 0.0% Packages/com.unity.render-pipelines.core/Runtime/Debugging/Prefabs/Scripts/DebugUIHandlerVector3.cs
 0.1 kb	 0.0% Packages/com.unity.render-pipelines.core/Runtime/Debugging/Prefabs/Scripts/DebugUIHandlerVector2.cs
 0.1 kb	 0.0% Packages/com.unity.render-pipelines.core/Runtime/Debugging/Prefabs/Scripts/DebugUIHandlerValueTuple.cs
 0.1 kb	 0.0% Packages/com.unity.render-pipelines.core/Runtime/Debugging/Prefabs/Scripts/DebugUIHandlerUIntField.cs
 0.1 kb	 0.0% Packages/com.unity.render-pipelines.core/Runtime/Debugging/Prefabs/Scripts/DebugUIHandlerObjectList.cs
 0.1 kb	 0.0% Packages/com.unity.render-pipelines.core/Runtime/Debugging/Prefabs/Scripts/DebugUIHandlerMessageBox.cs
 0.1 kb	 0.0% Packages/com.unity.render-pipelines.core/Runtime/Debugging/Prefabs/Scripts/DebugUIHandlerIntField.cs
 0.1 kb	 0.0% Packages/com.unity.render-pipelines.core/Runtime/Debugging/Prefabs/Scripts/DebugUIHandlerFoldout.cs
 0.1 kb	 0.0% Packages/com.unity.render-pipelines.core/Runtime/Debugging/Prefabs/Scripts/DebugUIHandlerFloatField.cs
 0.1 kb	 0.0% Packages/com.unity.render-pipelines.core/Runtime/Debugging/Prefabs/Scripts/DebugUIHandlerEnumField.cs
 0.1 kb	 0.0% Packages/com.unity.render-pipelines.core/Runtime/Debugging/Prefabs/Scripts/DebugUIHandlerContainer.cs
 0.1 kb	 0.0% Packages/com.unity.render-pipelines.core/Runtime/Debugging/Prefabs/Scripts/DebugUIHandlerBitField.cs
 0.1 kb	 0.0% Packages/com.unity.render-pipelines.core/Runtime/Debugging/IDebugDisplaySettings.cs
 0.1 kb	 0.0% Packages/com.unity.render-pipelines.core/Runtime/Debugging/DebugDisplaySettingsUI.cs
 0.1 kb	 0.0% Packages/com.unity.render-pipelines.core/Runtime/Common/RemoveRange.Extensions.cs
 0.1 kb	 0.0% Packages/com.unity.render-pipelines.core/Runtime/Common/DynamicResolutionHandler.cs
 0.1 kb	 0.0% Packages/com.unity.collections/Unity.Collections/UnsafeNotBurstCompatible.cs
 0.1 kb	 0.0% Assets/YooAsset/Samples/Mini Game/Runtime/WechatFileSystem/Operation/internal/UnityWechatAssetBundleRequestOperation.cs
 0.1 kb	 0.0% Assets/Plugins/UniTask/Runtime/UnityAsyncExtensions.AsyncInstantiate.cs
 0.1 kb	 0.0% Assets/Plugins/AllIn1SpriteShader/Scripts/Editor/AllIn1SpriteShaderLitMaterialInspector.cs
 0.1 kb	 0.0% Packages/com.unity.visualscripting/Runtime/VisualScripting.Core/Dependencies/FullSerializer/fsPropertyAttribute.cs
 0.1 kb	 0.0% Packages/com.unity.visualscripting/Runtime/VisualScripting.Core/Dependencies/FullSerializer/fsObjectProcessor.cs
 0.1 kb	 0.0% Packages/com.unity.visualscripting/Runtime/VisualScripting.Core/Dependencies/FullSerializer/fsObjectAttribute.cs
 0.1 kb	 0.0% Packages/com.unity.visualscripting/Runtime/VisualScripting.Core/Dependencies/FullSerializer/fsIgnoreAttribute.cs
 0.1 kb	 0.0% Packages/com.unity.visualscripting/Runtime/VisualScripting.Core/Dependencies/FullSerializer/fsDirectConverter.cs
 0.1 kb	 0.0% Packages/com.unity.visualscripting/Runtime/VisualScripting.Core/Dependencies/FullSerializer/fsConverterRegistrar.cs
 0.1 kb	 0.0% Packages/com.unity.visualscripting/Runtime/VisualScripting.Core/Dependencies/FullSerializer/Reflection/fsReflectionUtility.cs
 0.1 kb	 0.0% Packages/com.unity.visualscripting/Runtime/VisualScripting.Core/Dependencies/FullSerializer/Converters/fsReflectedConverter.cs
 0.1 kb	 0.0% Packages/com.unity.visualscripting/Runtime/VisualScripting.Core/Dependencies/FullSerializer/Converters/fsPrimitiveConverter.cs
 0.1 kb	 0.0% Packages/com.unity.visualscripting/Runtime/VisualScripting.Core/Dependencies/FullSerializer/Converters/fsNullableConverter.cs
 0.1 kb	 0.0% Packages/com.unity.visualscripting/Runtime/VisualScripting.Core/Dependencies/FullSerializer/Converters/fsForwardConverter.cs
 0.1 kb	 0.0% Packages/com.unity.visualscripting/Runtime/VisualScripting.Core/Dependencies/FullSerializer/Converters/Unity/Rect_DirectConverter.cs
 0.1 kb	 0.0% Packages/com.unity.test-framework/UnityEngine.TestRunner/Utils/PostBuildCleanupAttribute.cs
 0.1 kb	 0.0% Packages/com.unity.test-framework/UnityEngine.TestRunner/TestRunner/TestEnumeratorWrapper.cs
 0.1 kb	 0.0% Packages/com.unity.test-framework/UnityEngine.TestRunner/TestRunner/PlaymodeTestsController.cs
 0.1 kb	 0.0% Packages/com.unity.test-framework/UnityEngine.TestRunner/NUnitExtensions/TestResultExtensions.cs
 0.1 kb	 0.0% Packages/com.unity.test-framework/UnityEngine.TestRunner/NUnitExtensions/Runner/WorkItemFactory.cs
 0.1 kb	 0.0% Packages/com.unity.test-framework/UnityEngine.TestRunner/NUnitExtensions/Runner/UnityWorkItem.cs
 0.1 kb	 0.0% Packages/com.unity.test-framework/UnityEngine.TestRunner/NUnitExtensions/ITestSuiteModifier.cs
 0.1 kb	 0.0% Packages/com.unity.test-framework/UnityEngine.TestRunner/NUnitExtensions/Filters/FullNameFilter.cs
 0.1 kb	 0.0% Packages/com.unity.test-framework/UnityEngine.TestRunner/NUnitExtensions/ConstructDelegator.cs
 0.1 kb	 0.0% Packages/com.unity.test-framework/UnityEngine.TestRunner/NUnitExtensions/Commands/OuterUnityTestActionCommand.cs
 0.1 kb	 0.0% Packages/com.unity.test-framework/UnityEngine.TestRunner/NUnitExtensions/Commands/ImmediateEnumerableCommand.cs
 0.1 kb	 0.0% Packages/com.unity.test-framework/UnityEngine.TestRunner/NUnitExtensions/Commands/EnumerableTestMethodCommand.cs
 0.1 kb	 0.0% Packages/com.unity.test-framework/UnityEngine.TestRunner/NUnitExtensions/Commands/EnumerableRetryTestCommand.cs
 0.1 kb	 0.0% Packages/com.unity.test-framework/UnityEngine.TestRunner/NUnitExtensions/Commands/BeforeAfterTestCommandState.cs
 0.1 kb	 0.0% Packages/com.unity.test-framework/UnityEngine.TestRunner/NUnitExtensions/Attributes/UnityCombinatorialStrategy.cs
 0.1 kb	 0.0% Packages/com.unity.test-framework/UnityEngine.TestRunner/NUnitExtensions/Attributes/ConditionalIgnoreAttribute.cs
 0.1 kb	 0.0% Packages/com.unity.test-framework/UnityEngine.TestRunner/Assertions/ConstraintsExtensions.cs
 0.1 kb	 0.0% Packages/com.unity.render-pipelines.universal/Runtime/XR/XRPassUniversal.cs
 0.1 kb	 0.0% Packages/com.unity.render-pipelines.universal/Runtime/Tiling/LightMinMaxZJob.cs
 0.1 kb	 0.0% Packages/com.unity.render-pipelines.universal/Runtime/Tiling/InclusiveRange.cs
 0.1 kb	 0.0% Packages/com.unity.render-pipelines.universal/Runtime/RenderingUtils.cs
 0.1 kb	 0.0% Packages/com.unity.render-pipelines.universal/Runtime/RendererFeatures/FullScreenPassRendererFeature.cs
 0.1 kb	 0.0% Packages/com.unity.render-pipelines.universal/Runtime/PostProcessUtils.cs
 0.1 kb	 0.0% Packages/com.unity.render-pipelines.universal/Runtime/Passes/PostProcessPass.cs
 0.1 kb	 0.0% Packages/com.unity.render-pipelines.universal/Runtime/Passes/HDRDebugViewPass.cs
 0.1 kb	 0.0% Packages/com.unity.render-pipelines.universal/Runtime/Passes/GBufferPass.cs
 0.1 kb	 0.0% Packages/com.unity.render-pipelines.universal/Runtime/Passes/DrawSkyboxPass.cs
 0.1 kb	 0.0% Packages/com.unity.render-pipelines.universal/Runtime/Passes/DeferredPass.cs
 0.1 kb	 0.0% Packages/com.unity.render-pipelines.universal/Runtime/Overrides/PaniniProjection.cs
 0.1 kb	 0.0% Packages/com.unity.render-pipelines.universal/Runtime/Overrides/LiftGammaGain.cs
 0.1 kb	 0.0% Packages/com.unity.render-pipelines.universal/Runtime/Overrides/LensDistortion.cs
 0.1 kb	 0.0% Packages/com.unity.render-pipelines.universal/Runtime/Overrides/ColorAdjustments.cs
 0.1 kb	 0.0% Packages/com.unity.render-pipelines.universal/Runtime/Memory/BuddyAllocator.cs
 0.1 kb	 0.0% Packages/com.unity.render-pipelines.universal/Runtime/Documentation.cs
 0.1 kb	 0.0% Packages/com.unity.render-pipelines.universal/Runtime/Deprecated.cs
 0.1 kb	 0.0% Packages/com.unity.render-pipelines.universal/Runtime/Decal/Entities/DecalDrawSystem.cs
 0.1 kb	 0.0% Packages/com.unity.render-pipelines.universal/Runtime/Decal/DecalProjector.cs
 0.1 kb	 0.0% Packages/com.unity.render-pipelines.universal/Runtime/Decal/DecalPreviewPass.cs
 0.1 kb	 0.0% Packages/com.unity.render-pipelines.universal/Runtime/Debug/DebugRenderSetup.cs
 0.1 kb	 0.0% Packages/com.unity.render-pipelines.universal/Runtime/Data/RenderStateData.cs
 0.1 kb	 0.0% Packages/com.unity.render-pipelines.universal/Runtime/Data/PostProcessData.cs
 0.1 kb	 0.0% Packages/com.unity.render-pipelines.universal/Runtime/ComponentUtility.cs
 0.1 kb	 0.0% Packages/com.unity.render-pipelines.universal/Runtime/2D/UTess2D/Tessellator.cs
 0.1 kb	 0.0% Packages/com.unity.render-pipelines.universal/Runtime/2D/UTess2D/PlanarGraph.cs
 0.1 kb	 0.0% Packages/com.unity.render-pipelines.universal/Runtime/2D/Shadows/ShadowUtility.cs
 0.1 kb	 0.0% Packages/com.unity.render-pipelines.universal/Runtime/2D/Shadows/ShadowRendering.cs
 0.1 kb	 0.0% Packages/com.unity.render-pipelines.universal/Runtime/2D/Shadows/ShadowCaster2D.cs
 0.1 kb	 0.0% Packages/com.unity.render-pipelines.universal/Runtime/2D/Renderer2DData.cs
 0.1 kb	 0.0% Packages/com.unity.render-pipelines.universal/Runtime/2D/Passes/Utility/RendererLighting.cs
 0.1 kb	 0.0% Packages/com.unity.render-pipelines.universal/Runtime/2D/Passes/IRenderPass2D.cs
 0.1 kb	 0.0% Packages/com.unity.render-pipelines.universal/Runtime/2D/Light2DManager.cs
 0.1 kb	 0.0% Packages/com.unity.render-pipelines.core/Runtime/XR/XROcclusionMesh.cs
 0.1 kb	 0.0% Packages/com.unity.render-pipelines.core/Runtime/Lighting/ProbeVolume/ProbeReferenceVolume.Debug.cs
 0.1 kb	 0.0% Packages/com.unity.collections/Unity.Collections/UnsafeScratchAllocator.cs
 0.1 kb	 0.0% Packages/com.unity.collections/Unity.Collections/UnsafeHashSetExtensions.gen.cs
 0.1 kb	 0.0% Packages/com.unity.cinemachine/Runtime/Impulse/CinemachineIndependentImpulseListener.cs
 0.1 kb	 0.0% Assets/Plugins/UniTask/Runtime/CompilerServices/AsyncUniTaskMethodBuilder.cs
 0.1 kb	 0.0% Assets/Plugins/UniTask/Runtime/CancellationTokenSourceExtensions.cs
 0.1 kb	 0.0% Assets/Plugins/UniTask/Runtime/CancellationTokenEqualityComparer.cs
 0.1 kb	 0.0% Assets/Plugins/AllIn1SpriteShader/Scripts/Editor/AllIn1ShaderGradientDrawer.cs
 0.1 kb	 0.0% Assets/Plugins/AllIn1SpriteShader/Demo/Scripts/All1TextureOffsetOverTIme.cs
 0.1 kb	 0.0% Packages/com.unity.visualscripting/Runtime/VisualScripting.State/TriggerStateTransition.cs
 0.1 kb	 0.0% Packages/com.unity.visualscripting/Runtime/VisualScripting.State/INesterStateTransition.cs
 0.1 kb	 0.0% Packages/com.unity.visualscripting/Runtime/VisualScripting.Flow/UnitCategoryConverter.cs
 0.1 kb	 0.0% Packages/com.unity.visualscripting/Runtime/VisualScripting.Flow/Ports/ValueOutputDefinition.cs
 0.1 kb	 0.0% Packages/com.unity.visualscripting/Runtime/VisualScripting.Flow/Ports/IUnitValuePortDefinition.cs
 0.1 kb	 0.0% Packages/com.unity.visualscripting/Runtime/VisualScripting.Flow/Ports/IUnitInputPortDefinition.cs
 0.1 kb	 0.0% Packages/com.unity.visualscripting/Runtime/VisualScripting.Flow/Ports/ControlPortDefinition.cs
 0.1 kb	 0.0% Packages/com.unity.visualscripting/Runtime/VisualScripting.Flow/Ports/ControlOutputDefinition.cs
 0.1 kb	 0.0% Packages/com.unity.visualscripting/Runtime/VisualScripting.Flow/Ports/ControlInputDefinition.cs
 0.1 kb	 0.0% Packages/com.unity.visualscripting/Runtime/VisualScripting.Flow/Framework/Variables/Obsolete/SetApplicationVariable.cs
 0.1 kb	 0.0% Packages/com.unity.visualscripting/Runtime/VisualScripting.Flow/Framework/Variables/Obsolete/IsVariableDefinedUnit.cs
 0.1 kb	 0.0% Packages/com.unity.visualscripting/Runtime/VisualScripting.Flow/Framework/Variables/Obsolete/IsSceneVariableDefined.cs
 0.1 kb	 0.0% Packages/com.unity.visualscripting/Runtime/VisualScripting.Flow/Framework/Variables/Obsolete/IsSavedVariableDefined.cs
 0.1 kb	 0.0% Packages/com.unity.visualscripting/Runtime/VisualScripting.Flow/Framework/Variables/Obsolete/IsObjectVariableDefined.cs
 0.1 kb	 0.0% Packages/com.unity.visualscripting/Runtime/VisualScripting.Flow/Framework/Variables/Obsolete/IsGraphVariableDefined.cs
 0.1 kb	 0.0% Packages/com.unity.visualscripting/Runtime/VisualScripting.Flow/Framework/Variables/Obsolete/IApplicationVariableUnit.cs
 0.1 kb	 0.0% Packages/com.unity.visualscripting/Runtime/VisualScripting.Flow/Framework/Variables/Obsolete/GetApplicationVariable.cs
 0.1 kb	 0.0% Packages/com.unity.visualscripting/Runtime/VisualScripting.Flow/Framework/Time/WaitForEndOfFrameUnit.cs
 0.1 kb	 0.0% Packages/com.unity.visualscripting/Runtime/VisualScripting.Flow/Framework/Logic/NotApproximatelyEqual.cs
 0.1 kb	 0.0% Packages/com.unity.visualscripting/Runtime/VisualScripting.Flow/Framework/Events/Physics/OnControllerColliderHit.cs
 0.1 kb	 0.0% Packages/com.unity.visualscripting/Runtime/VisualScripting.Flow/Framework/Events/Hierarchy/OnTransformParentChanged.cs
 0.1 kb	 0.0% Packages/com.unity.visualscripting/Runtime/VisualScripting.Flow/Framework/Events/GUI/OnScrollbarValueChanged.cs
 0.1 kb	 0.0% Packages/com.unity.visualscripting/Runtime/VisualScripting.Flow/Framework/Events/GUI/OnScrollRectValueChanged.cs
 0.1 kb	 0.0% Packages/com.unity.visualscripting/Runtime/VisualScripting.Flow/Framework/Events/GUI/OnInputFieldValueChanged.cs
 0.1 kb	 0.0% Packages/com.unity.visualscripting/Runtime/VisualScripting.Flow/Framework/Events/GUI/OnDropdownValueChanged.cs
 0.1 kb	 0.0% Packages/com.unity.visualscripting/Runtime/VisualScripting.Flow/Framework/Events/Application/OnApplicationLostFocus.cs
 0.1 kb	 0.0% Packages/com.unity.visualscripting/Runtime/VisualScripting.Flow/Framework/Events/Animation/BoltNamedAnimationEvent.cs
 0.1 kb	 0.0% Packages/com.unity.visualscripting/Runtime/VisualScripting.Flow/Framework/Collections/Dictionaries/DictionaryContainsKey.cs
 0.1 kb	 0.0% Packages/com.unity.visualscripting/Runtime/VisualScripting.Flow/EditorBinding/UnitSurtitleAttribute.cs
 0.1 kb	 0.0% Packages/com.unity.visualscripting/Runtime/VisualScripting.Flow/EditorBinding/UnitSubtitleAttribute.cs
 0.1 kb	 0.0% Packages/com.unity.visualscripting/Runtime/VisualScripting.Flow/EditorBinding/UnitShortTitleAttribute.cs
 0.1 kb	 0.0% Packages/com.unity.visualscripting/Runtime/VisualScripting.Flow/EditorBinding/UnitFooterPortsAttribute.cs
 0.1 kb	 0.0% Packages/com.unity.visualscripting/Runtime/VisualScripting.Flow/EditorBinding/PortLabelHiddenAttribute.cs
 0.1 kb	 0.0% Packages/com.unity.visualscripting/Runtime/VisualScripting.Flow/Dependencies/NCalc/ValueExpression.cs
 0.1 kb	 0.0% Packages/com.unity.visualscripting/Runtime/VisualScripting.Flow/Dependencies/NCalc/UnaryExpression.cs
 0.1 kb	 0.0% Packages/com.unity.visualscripting/Runtime/VisualScripting.Flow/Dependencies/NCalc/ParameterArgs.cs
 0.1 kb	 0.0% Packages/com.unity.visualscripting/Runtime/VisualScripting.Flow/Dependencies/NCalc/BinaryExpression.cs
 0.1 kb	 0.0% Packages/com.unity.visualscripting/Runtime/VisualScripting.Flow/Connections/UnitConnectionDebugData.cs
 0.1 kb	 0.0% Packages/com.unity.visualscripting/Runtime/VisualScripting.Flow/Connections/IUnitConnectionDebugData.cs
 0.1 kb	 0.0% Packages/com.unity.visualscripting/Runtime/VisualScripting.Core/Variables/VariableKindAttribute.cs
 0.1 kb	 0.0% Packages/com.unity.visualscripting/Runtime/VisualScripting.Core/Variables/IGraphDataWithVariables.cs
 0.1 kb	 0.0% Packages/com.unity.visualscripting/Runtime/VisualScripting.Core/Utilities/RuntimeVSUsageUtility.cs
 0.1 kb	 0.0% Packages/com.unity.visualscripting/Runtime/VisualScripting.Core/Utilities/IAnalyticsIdentifiable.cs
 0.1 kb	 0.0% Packages/com.unity.visualscripting/Runtime/VisualScripting.Core/Utilities/ComponentHolderProtocol.cs
 0.1 kb	 0.0% Packages/com.unity.visualscripting/Runtime/VisualScripting.Core/Unity/MacroScriptableObject.cs
 0.1 kb	 0.0% Packages/com.unity.visualscripting/Runtime/VisualScripting.Core/Unity/LudiqScriptableObject.cs
 0.1 kb	 0.0% Packages/com.unity.visualscripting/Runtime/VisualScripting.Core/Serialization/SerializationOperation.cs
 0.1 kb	 0.0% Packages/com.unity.visualscripting/Runtime/VisualScripting.Core/Serialization/ISerializationDepender.cs
 0.1 kb	 0.0% Packages/com.unity.visualscripting/Runtime/VisualScripting.Core/Serialization/ISerializationDependency.cs
 0.1 kb	 0.0% Packages/com.unity.visualscripting/Runtime/VisualScripting.Core/Serialization/DoNotSerializeAttribute.cs
 0.1 kb	 0.0% Packages/com.unity.visualscripting/Runtime/VisualScripting.Core/Reflection/RenamedAssemblyAttribute.cs
 0.1 kb	 0.0% Packages/com.unity.visualscripting/Runtime/VisualScripting.Core/Reflection/Optimization/StaticActionInvokerBase.cs
 0.1 kb	 0.0% Packages/com.unity.visualscripting/Runtime/VisualScripting.Core/Reflection/Optimization/ReflectionFieldAccessor.cs
 0.1 kb	 0.0% Packages/com.unity.visualscripting/Runtime/VisualScripting.Core/Reflection/Operators/NumericNegationHandler.cs
 0.1 kb	 0.0% Packages/com.unity.visualscripting/Runtime/VisualScripting.Core/Reflection/Operators/MultiplicationHandler.cs
 0.1 kb	 0.0% Packages/com.unity.visualscripting/Runtime/VisualScripting.Core/Reflection/Operators/LogicalNegationHandler.cs
 0.1 kb	 0.0% Packages/com.unity.visualscripting/Runtime/VisualScripting.Core/Reflection/Operators/LessThanOrEqualHandler.cs
 0.1 kb	 0.0% Packages/com.unity.visualscripting/Runtime/VisualScripting.Core/Reflection/Operators/InvalidOperatorException.cs
 0.1 kb	 0.0% Packages/com.unity.visualscripting/Runtime/VisualScripting.Core/Reflection/Operators/BinaryOperatorHandler.cs
 0.1 kb	 0.0% Packages/com.unity.visualscripting/Runtime/VisualScripting.Core/Reflection/GenericClosingException.cs
 0.1 kb	 0.0% Packages/com.unity.visualscripting/Runtime/VisualScripting.Core/Platforms/AotIncompatibleAttribute.cs
 0.1 kb	 0.0% Packages/com.unity.visualscripting/Runtime/VisualScripting.Core/Listeners/IGraphEventListenerData.cs
 0.1 kb	 0.0% Packages/com.unity.visualscripting/Runtime/VisualScripting.Core/Listeners/GlobalMessageListener.cs
 0.1 kb	 0.0% Packages/com.unity.visualscripting/Runtime/VisualScripting.Core/Listeners/AnimatorMessageListener.cs
 0.1 kb	 0.0% Packages/com.unity.visualscripting/Runtime/VisualScripting.Core/Graphs/IGraphElementWithData.cs
 0.1 kb	 0.0% Packages/com.unity.visualscripting/Runtime/VisualScripting.Core/Graphs/IGraphElementDebugData.cs
 0.1 kb	 0.0% Packages/com.unity.visualscripting/Runtime/VisualScripting.Core/Graphs/GraphsExceptionUtility.cs
 0.1 kb	 0.0% Packages/com.unity.visualscripting/Runtime/VisualScripting.Core/Graphs/GraphPointerException.cs
 0.1 kb	 0.0% Packages/com.unity.visualscripting/Runtime/VisualScripting.Core/EditorBinding/NullMeansSelfAttribute.cs
 0.1 kb	 0.0% Packages/com.unity.visualscripting/Runtime/VisualScripting.Core/EditorBinding/Inspector/InspectorWideAttribute.cs
 0.1 kb	 0.0% Packages/com.unity.visualscripting/Runtime/VisualScripting.Core/EditorBinding/Inspector/InspectorRangeAttribute.cs
 0.1 kb	 0.0% Packages/com.unity.visualscripting/Runtime/VisualScripting.Core/EditorBinding/Inspector/InspectorLabelAttribute.cs
 0.1 kb	 0.0% Packages/com.unity.visualscripting/Runtime/VisualScripting.Core/EditorBinding/InspectableIfAttribute.cs
 0.1 kb	 0.0% Packages/com.unity.visualscripting/Runtime/VisualScripting.Core/EditorBinding/IInspectableAttribute.cs
 0.1 kb	 0.0% Packages/com.unity.visualscripting/Runtime/VisualScripting.Core/EditorBinding/ExpectedTypeAttribute.cs
 0.1 kb	 0.0% Packages/com.unity.visualscripting/Runtime/VisualScripting.Core/Collections/INotifiedCollectionItem.cs
 0.1 kb	 0.0% Packages/com.unity.visualscripting/Runtime/VisualScripting.Core/Cloning/Cloners/FakeSerializationCloner.cs
 0.1 kb	 0.0% Packages/com.unity.timeline/Runtime/Animation/AnimationPreviewUpdateCallback.cs
 0.1 kb	 0.0% Packages/com.unity.timeline/Runtime/Animation/AnimationOutputWeightProcessor.cs
 0.1 kb	 0.0% Packages/com.unity.textmeshpro/Scripts/Runtime/TMP_SpriteAssetImportFormats.cs
 0.1 kb	 0.0% Packages/com.unity.test-framework/UnityEngine.TestRunner/Utils/Vector4EqualityComparer.cs
 0.1 kb	 0.0% Packages/com.unity.test-framework/UnityEngine.TestRunner/Utils/Vector3EqualityComparer.cs
 0.1 kb	 0.0% Packages/com.unity.test-framework/UnityEngine.TestRunner/Utils/Vector2EqualityComparer.cs
 0.1 kb	 0.0% Packages/com.unity.test-framework/UnityEngine.TestRunner/Utils/TestRunCallbackListener.cs
 0.1 kb	 0.0% Packages/com.unity.test-framework/UnityEngine.TestRunner/Utils/PrebuildSceneSetupAttribute.cs
 0.1 kb	 0.0% Packages/com.unity.test-framework/UnityEngine.TestRunner/Utils/FloatEqualityComparer.cs
 0.1 kb	 0.0% Packages/com.unity.test-framework/UnityEngine.TestRunner/Utils/ColorEqualityComparer.cs
 0.1 kb	 0.0% Packages/com.unity.test-framework/UnityEngine.TestRunner/Utils/AssemblyProvider/ScriptingRuntimeProxy.cs
 0.1 kb	 0.0% Packages/com.unity.test-framework/UnityEngine.TestRunner/Utils/AssemblyProvider/IScriptingRuntimeProxy.cs
 0.1 kb	 0.0% Packages/com.unity.test-framework/UnityEngine.TestRunner/TestRunner/SynchronousFilter.cs
 0.1 kb	 0.0% Packages/com.unity.test-framework/UnityEngine.TestRunner/TestRunner/RemoteHelpers/RemoteTestResultData.cs
 0.1 kb	 0.0% Packages/com.unity.shadergraph/ShaderGraphLibrary/DummyShaderGraphLibrary.cs
 0.1 kb	 0.0% Packages/com.unity.render-pipelines.universal/ShaderLibrary/ShaderTypes.cs
 0.1 kb	 0.0% Packages/com.unity.render-pipelines.universal/ShaderLibrary/Deprecated.cs
 0.1 kb	 0.0% Packages/com.unity.render-pipelines.universal/Runtime/Tiling/TileSize.cs
 0.1 kb	 0.0% Packages/com.unity.render-pipelines.universal/Runtime/External/LibTessDotNet/Sweep.cs
 0.1 kb	 0.0% Packages/com.unity.render-pipelines.core/Runtime/Utilities/SceneRenderPipeline.cs
 0.1 kb	 0.0% Packages/com.unity.render-pipelines.core/Runtime/Utilities/MaterialQuality.cs
 0.1 kb	 0.0% Packages/com.unity.render-pipelines.core/Runtime/Utilities/CameraCaptureBridge.cs
 0.1 kb	 0.0% Packages/com.unity.render-pipelines.core/Runtime/ShaderGenerator/ShaderGeneratorAttributes.cs
 0.1 kb	 0.0% Packages/com.unity.render-pipelines.core/Runtime/PostProcessing/LensFlareCommonSRP.cs
 0.1 kb	 0.0% Packages/com.unity.render-pipelines.core/Runtime/LookDev/IDataProvider.cs
 0.1 kb	 0.0% Packages/com.unity.render-pipelines.core/Runtime/Lighting/SphericalHarmonics.cs
 0.1 kb	 0.0% Packages/com.unity.render-pipelines.core/Runtime/Lighting/ProbeVolume/ProbeVolumeSceneData.cs
 0.1 kb	 0.0% Packages/com.unity.render-pipelines.core/Runtime/Lighting/ProbeVolume/ProbeVolumeGIContributor.cs
 0.1 kb	 0.0% Packages/com.unity.render-pipelines.core/Runtime/Lighting/ProbeVolume/ProbeTouchupVolume.cs
 0.1 kb	 0.0% Packages/com.unity.render-pipelines.core/Runtime/Lighting/ProbeVolume/ProbeReferenceVolume.cs
 0.1 kb	 0.0% Packages/com.unity.render-pipelines.core/Runtime/Documentation.cs
 0.1 kb	 0.0% Packages/com.unity.render-pipelines.core/Runtime/Debugging/Prefabs/Scripts/DebugUIHandlerWidget.cs
 0.1 kb	 0.0% Packages/com.unity.render-pipelines.core/Runtime/Debugging/Prefabs/Scripts/DebugUIHandlerValue.cs
 0.1 kb	 0.0% Packages/com.unity.render-pipelines.core/Runtime/Debugging/Prefabs/Scripts/DebugUIHandlerVBox.cs
 0.1 kb	 0.0% Packages/com.unity.render-pipelines.core/Runtime/Debugging/Prefabs/Scripts/DebugUIHandlerToggle.cs
 0.1 kb	 0.0% Packages/com.unity.render-pipelines.core/Runtime/Debugging/Prefabs/Scripts/DebugUIHandlerRow.cs
 0.1 kb	 0.0% Packages/com.unity.render-pipelines.core/Runtime/Debugging/Prefabs/Scripts/DebugUIHandlerPanel.cs
 0.1 kb	 0.0% Packages/com.unity.render-pipelines.core/Runtime/Debugging/Prefabs/Scripts/DebugUIHandlerObject.cs
 0.1 kb	 0.0% Packages/com.unity.render-pipelines.core/Runtime/Debugging/Prefabs/Scripts/DebugUIHandlerHBox.cs
 0.1 kb	 0.0% Packages/com.unity.render-pipelines.core/Runtime/Debugging/Prefabs/Scripts/DebugUIHandlerGroup.cs
 0.1 kb	 0.0% Packages/com.unity.render-pipelines.core/Runtime/Debugging/Prefabs/Scripts/DebugUIHandlerColor.cs
 0.1 kb	 0.0% Packages/com.unity.render-pipelines.core/Runtime/Debugging/Prefabs/Scripts/DebugUIHandlerCanvas.cs
 0.1 kb	 0.0% Packages/com.unity.render-pipelines.core/Runtime/Debugging/Prefabs/Scripts/DebugUIHandlerButton.cs
 0.1 kb	 0.0% Packages/com.unity.render-pipelines.core/Runtime/Debugging/MousePositionDebug.cs
 0.1 kb	 0.0% Packages/com.unity.render-pipelines.core/Runtime/Debugging/IVolumeDebugSettings.cs
 0.1 kb	 0.0% Packages/com.unity.render-pipelines.core/Runtime/Debugging/FrameTiming/FrameTimeBottleneck.cs
 0.1 kb	 0.0% Packages/com.unity.render-pipelines.core/Runtime/Common/Swap.Extensions.cs
 0.1 kb	 0.0% Packages/com.unity.render-pipelines.core/Runtime/Common/CommandBufferPool.cs
 0.1 kb	 0.0% Packages/com.unity.collections/Unity.Collections/UnsafeAtomicCounter.cs
 0.1 kb	 0.0% Assets/YooAsset/Samples/Extension Sample/Runtime/ExtensionOperation/GetBuildinPackageVersionOperation.cs
 0.1 kb	 0.0% Assets/TextMesh Pro/Resources/LineBreaking Leading Characters.txt
 0.1 kb	 0.0% Assets/Plugins/UniTask/Runtime/UnityAsyncExtensions.AssetBundleRequestAllAssets.cs
 0.1 kb	 0.0% Assets/Plugins/UniTask/Runtime/Internal/UnityWebRequestExtensions.cs
 0.1 kb	 0.0% Assets/Plugins/UniTask/Runtime/External/TextMeshPro/TextMeshProAsyncExtensions.cs
 0.1 kb	 0.0% Assets/Plugins/AllIn1SpriteShader/Scripts/Editor/AllIn1SpriteShaderMaterialInspector.cs
 0.1 kb	 0.0% Packages/com.unity.visualscripting/Runtime/VisualScripting.Core/Reflection/Optimization/StaticActionInvoker_5.cs
 0.1 kb	 0.0% Packages/com.unity.visualscripting/Runtime/VisualScripting.Core/Reflection/Optimization/StaticActionInvoker_4.cs
 0.1 kb	 0.0% Packages/com.unity.visualscripting/Runtime/VisualScripting.Core/Reflection/Optimization/StaticActionInvoker_3.cs
 0.1 kb	 0.0% Packages/com.unity.visualscripting/Runtime/VisualScripting.Core/Reflection/Optimization/StaticActionInvoker_2.cs
 0.1 kb	 0.0% Packages/com.unity.visualscripting/Runtime/VisualScripting.Core/Reflection/Optimization/StaticActionInvoker_1.cs
 0.1 kb	 0.0% Packages/com.unity.visualscripting/Runtime/VisualScripting.Core/Reflection/Optimization/StaticActionInvoker_0.cs
 0.1 kb	 0.0% Packages/com.unity.visualscripting/Runtime/VisualScripting.Core/Ensure/EnsureThat.NullableValueTypes.cs
 0.1 kb	 0.0% Packages/com.unity.visualscripting/Runtime/VisualScripting.Core/Dependencies/FullSerializer/fsJsonPrinter.cs
 0.1 kb	 0.0% Packages/com.unity.visualscripting/Runtime/VisualScripting.Core/Dependencies/FullSerializer/fsBaseConverter.cs
 0.1 kb	 0.0% Packages/com.unity.visualscripting/Runtime/VisualScripting.Core/Dependencies/FullSerializer/Reflection/fsMetaProperty.cs
 0.1 kb	 0.0% Packages/com.unity.visualscripting/Runtime/VisualScripting.Core/Dependencies/FullSerializer/Converters/fsTypeConverter.cs
 0.1 kb	 0.0% Packages/com.unity.visualscripting/Runtime/VisualScripting.Core/Dependencies/FullSerializer/Converters/fsGuidConverter.cs
 0.1 kb	 0.0% Packages/com.unity.visualscripting/Runtime/VisualScripting.Core/Dependencies/FullSerializer/Converters/fsEnumConverter.cs
 0.1 kb	 0.0% Packages/com.unity.visualscripting/Runtime/VisualScripting.Core/Dependencies/FullSerializer/Converters/fsDateConverter.cs
 0.1 kb	 0.0% Packages/com.unity.visualscripting/Runtime/VisualScripting.Core/Dependencies/FullSerializer/Converters/fsArrayConverter.cs
 0.1 kb	 0.0% Packages/com.unity.ugui/Runtime/UI/Core/Layout/HorizontalOrVerticalLayoutGroup.cs
 0.1 kb	 0.0% Packages/com.unity.test-framework/UnityEngine.TestRunner/Utils/TestRunCallbackAttribute.cs
 0.1 kb	 0.0% Packages/com.unity.test-framework/UnityEngine.TestRunner/Utils/IOuterUnityTestAction.cs
 0.1 kb	 0.0% Packages/com.unity.test-framework/UnityEngine.TestRunner/TestRunner/TestListenerWrapper.cs
 0.1 kb	 0.0% Packages/com.unity.test-framework/UnityEngine.TestRunner/TestRunner/ITestRunnerListener.cs
 0.1 kb	 0.0% Packages/com.unity.test-framework/UnityEngine.TestRunner/NUnitExtensions/TestExtensions.cs
 0.1 kb	 0.0% Packages/com.unity.test-framework/UnityEngine.TestRunner/NUnitExtensions/Runner/FailCommand.cs
 0.1 kb	 0.0% Packages/com.unity.test-framework/UnityEngine.TestRunner/NUnitExtensions/IStateSerializer.cs
 0.1 kb	 0.0% Packages/com.unity.test-framework/UnityEngine.TestRunner/NUnitExtensions/Commands/UnityTestMethodCommand.cs
 0.1 kb	 0.0% Packages/com.unity.test-framework/UnityEngine.TestRunner/NUnitExtensions/BaseDelegator.cs
 0.1 kb	 0.0% Packages/com.unity.test-framework/UnityEngine.TestRunner/NUnitExtensions/Attributes/UnityTearDownAttribute.cs
 0.1 kb	 0.0% Packages/com.unity.test-framework/UnityEngine.TestRunner/NUnitExtensions/Attributes/UnityPlatformAttribute.cs
 0.1 kb	 0.0% Packages/com.unity.test-framework/UnityEngine.TestRunner/NUnitExtensions/ActionDelegator.cs
 0.1 kb	 0.0% Packages/com.unity.render-pipelines.universal/Runtime/Tiling/ZBinningJob.cs
 0.1 kb	 0.0% Packages/com.unity.render-pipelines.universal/Runtime/Tiling/TilingJob.cs
 0.1 kb	 0.0% Packages/com.unity.render-pipelines.universal/Runtime/TemporalAA.cs
 0.1 kb	 0.0% Packages/com.unity.render-pipelines.universal/Runtime/ShadowUtils.cs
 0.1 kb	 0.0% Packages/com.unity.render-pipelines.universal/Runtime/ShaderUtils.cs
 0.1 kb	 0.0% Packages/com.unity.render-pipelines.universal/Runtime/ShaderData.cs
 0.1 kb	 0.0% Packages/com.unity.render-pipelines.universal/Runtime/Passes/CapturePass.cs
 0.1 kb	 0.0% Packages/com.unity.render-pipelines.universal/Runtime/Overrides/WhiteBalance.cs
 0.1 kb	 0.0% Packages/com.unity.render-pipelines.universal/Runtime/Overrides/Tonemapping.cs
 0.1 kb	 0.0% Packages/com.unity.render-pipelines.universal/Runtime/Overrides/SplitToning.cs
 0.1 kb	 0.0% Packages/com.unity.render-pipelines.universal/Runtime/Overrides/MotionBlur.cs
 0.1 kb	 0.0% Packages/com.unity.render-pipelines.universal/Runtime/Overrides/FilmGrain.cs
 0.1 kb	 0.0% Packages/com.unity.render-pipelines.universal/Runtime/Overrides/DepthOfField.cs
 0.1 kb	 0.0% Packages/com.unity.render-pipelines.universal/Runtime/Overrides/ColorLookup.cs
 0.1 kb	 0.0% Packages/com.unity.render-pipelines.universal/Runtime/Overrides/ColorCurves.cs
 0.1 kb	 0.0% Packages/com.unity.render-pipelines.universal/Runtime/Overrides/ChannelMixer.cs
 0.1 kb	 0.0% Packages/com.unity.render-pipelines.universal/Runtime/External/LibTessDotNet/Tess.cs
 0.1 kb	 0.0% Packages/com.unity.render-pipelines.universal/Runtime/External/LibTessDotNet/Mesh.cs
 0.1 kb	 0.0% Packages/com.unity.render-pipelines.universal/Runtime/External/LibTessDotNet/Geom.cs
 0.1 kb	 0.0% Packages/com.unity.render-pipelines.universal/Runtime/Decal/Entities/DecalChunk.cs
 0.1 kb	 0.0% Packages/com.unity.render-pipelines.universal/Runtime/Debug/DebugHandler.cs
 0.1 kb	 0.0% Packages/com.unity.render-pipelines.universal/Runtime/Data/XRSystemData.cs
 0.1 kb	 0.0% Packages/com.unity.render-pipelines.universal/Runtime/2D/UTess2D/UTess.cs
 0.1 kb	 0.0% Packages/com.unity.render-pipelines.universal/Runtime/2D/UTess2D/Smoothen.cs
 0.1 kb	 0.0% Packages/com.unity.render-pipelines.universal/Runtime/2D/UTess2D/Refinery.cs
 0.1 kb	 0.0% Packages/com.unity.render-pipelines.universal/Runtime/2D/Renderer2D.cs
 0.1 kb	 0.0% Packages/com.unity.render-pipelines.universal/Runtime/2D/Passes/Utility/LayerUtility.cs
 0.1 kb	 0.0% Packages/com.unity.render-pipelines.universal/Runtime/2D/Passes/UpscalePass.cs
 0.1 kb	 0.0% Packages/com.unity.render-pipelines.universal/Runtime/2D/LightUtility.cs
 0.1 kb	 0.0% Packages/com.unity.render-pipelines.core/Runtime/XR/XRMirrorView.cs
 0.1 kb	 0.0% Packages/com.unity.render-pipelines.core/Runtime/Lighting/ProbeVolume/ProbeIndexOfIndices.cs
 0.1 kb	 0.0% Packages/com.unity.render-pipelines.core/Runtime/Common/CoreAttributes.cs
 0.1 kb	 0.0% Packages/com.unity.collections/Unity.Collections/UnsafeUtilityEx.cs
 0.1 kb	 0.0% Packages/com.unity.collections/Unity.Collections/UnsafeHashMap.cs
 0.1 kb	 0.0% Packages/com.unity.collections/Unity.Collections/UnsafeAppendBuffer.cs
 0.1 kb	 0.0% Packages/com.unity.cinemachine/Runtime/Impulse/CinemachineCollisionImpulseSource.cs
 0.1 kb	 0.0% Packages/com.unity.cinemachine/Runtime/Components/CinemachineBasicMultiChannelPerlin.cs
 0.1 kb	 0.0% Assets/YooAsset/Runtime/FileSystem/DefaultWebServerFileSystem/Operation/internal/RequestWebServerPackageVersionOperation.cs
 0.1 kb	 0.0% Assets/YooAsset/Runtime/FileSystem/DefaultWebServerFileSystem/Operation/internal/LoadWebServerPackageManifestOperation.cs
 0.1 kb	 0.0% Assets/YooAsset/Runtime/FileSystem/DefaultWebRemoteFileSystem/Operation/internal/RequestWebRemotePackageVersionOperation.cs
 0.1 kb	 0.0% Assets/YooAsset/Runtime/FileSystem/DefaultWebRemoteFileSystem/Operation/internal/LoadWebRemotePackageManifestOperation.cs
 0.1 kb	 0.0% Assets/YooAsset/Runtime/FileSystem/DefaultCacheFileSystem/Operation/internal/ClearUnusedCacheManifestFilesOperation.cs
 0.1 kb	 0.0% Assets/YooAsset/Runtime/FileSystem/DefaultBuildinFileSystem/Operation/internal/RequestBuildinPackageVersionOperation.cs
 0.1 kb	 0.0% Assets/TextMesh Pro/Examples & Extras/Resources/Color Gradient Presets/Light to Dark Green - Vertical.asset
 0.1 kb	 0.0% Assets/TextMesh Pro/Examples & Extras/Resources/Color Gradient Presets/Dark to Light Green - Vertical.asset
 0.1 kb	 0.0% Assets/Plugins/UniTask/Runtime/UniTaskSynchronizationContext.cs
 0.1 kb	 0.0% Assets/Plugins/UniTask/Runtime/Triggers/MonoBehaviourMessagesTriggers.cs
 0.1 kb	 0.0% Assets/Plugins/UniTask/Runtime/Internal/RuntimeHelpersAbstraction.cs
 0.1 kb	 0.0% Assets/Plugins/UniTask/Runtime/CompilerServices/AsyncMethodBuilderAttribute.cs
 0.1 kb	 0.0% Assets/Plugins/DOTween/Modules/DOTweenModuleUnityVersion.cs
 0.1 kb	 0.0% Assets/Plugins/AllIn1SpriteShader/Scripts/SetGlobalTimeUnity2018.cs
 0.1 kb	 0.0% Assets/Plugins/AllIn1SpriteShader/Scripts/Editor/AllIn1ShaderScriptEditor.cs
 0.1 kb	 0.0% Assets/Plugins/AllIn1SpriteShader/Scripts/All1CreateUnifiedOutline.cs
 0.1 kb	 0.0% Assets/Plugins/AllIn1SpriteShader/Demo/Scripts/DemoRepositionExpositor.cs
 0.1 kb	 0.0% Assets/Plugins/AllIn1SpriteShader/Demo/Scripts/All1ShaderDemoController.cs
 0.1 kb	 0.0% Packages/com.unity.visualscripting/Runtime/VisualScripting.State/FlowStateTransition.cs
 0.1 kb	 0.0% Packages/com.unity.visualscripting/Runtime/VisualScripting.Flow/Ports/ValuePortDefinition.cs
 0.1 kb	 0.0% Packages/com.unity.visualscripting/Runtime/VisualScripting.Flow/Ports/ValueInputDefinition.cs
 0.1 kb	 0.0% Packages/com.unity.visualscripting/Runtime/VisualScripting.Flow/Ports/UnitPortDefinition.cs
 0.1 kb	 0.0% Packages/com.unity.visualscripting/Runtime/VisualScripting.Flow/Ports/IUnitPortDefinition.cs
 0.1 kb	 0.0% Packages/com.unity.visualscripting/Runtime/VisualScripting.Flow/Framework/Variables/UnifiedVariableUnit.cs
 0.1 kb	 0.0% Packages/com.unity.visualscripting/Runtime/VisualScripting.Flow/Framework/Variables/Obsolete/SetObjectVariable.cs
 0.1 kb	 0.0% Packages/com.unity.visualscripting/Runtime/VisualScripting.Flow/Framework/Variables/Obsolete/ISceneVariableUnit.cs
 0.1 kb	 0.0% Packages/com.unity.visualscripting/Runtime/VisualScripting.Flow/Framework/Variables/Obsolete/ISavedVariableUnit.cs
 0.1 kb	 0.0% Packages/com.unity.visualscripting/Runtime/VisualScripting.Flow/Framework/Variables/Obsolete/IObjectVariableUnit.cs
 0.1 kb	 0.0% Packages/com.unity.visualscripting/Runtime/VisualScripting.Flow/Framework/Variables/Obsolete/IGraphVariableUnit.cs
 0.1 kb	 0.0% Packages/com.unity.visualscripting/Runtime/VisualScripting.Flow/Framework/Variables/Obsolete/GetObjectVariable.cs
 0.1 kb	 0.0% Packages/com.unity.visualscripting/Runtime/VisualScripting.Flow/Framework/Variables/IsVariableDefined.cs
 0.1 kb	 0.0% Packages/com.unity.visualscripting/Runtime/VisualScripting.Flow/Framework/Variables/IUnifiedVariableUnit.cs
 0.1 kb	 0.0% Packages/com.unity.visualscripting/Runtime/VisualScripting.Flow/Framework/Time/WaitForSecondsUnit.cs
 0.1 kb	 0.0% Packages/com.unity.visualscripting/Runtime/VisualScripting.Flow/Framework/Time/WaitForNextFrameUnit.cs
 0.1 kb	 0.0% Packages/com.unity.visualscripting/Runtime/VisualScripting.Flow/Framework/Math/Vector4/Vector4MoveTowards.cs
 0.1 kb	 0.0% Packages/com.unity.visualscripting/Runtime/VisualScripting.Flow/Framework/Math/Vector4/Vector4DotProduct.cs
 0.1 kb	 0.0% Packages/com.unity.visualscripting/Runtime/VisualScripting.Flow/Framework/Math/Vector4/DeprecatedVector4Add.cs
 0.1 kb	 0.0% Packages/com.unity.visualscripting/Runtime/VisualScripting.Flow/Framework/Math/Vector3/Vector3MoveTowards.cs
 0.1 kb	 0.0% Packages/com.unity.visualscripting/Runtime/VisualScripting.Flow/Framework/Math/Vector3/Vector3DotProduct.cs
 0.1 kb	 0.0% Packages/com.unity.visualscripting/Runtime/VisualScripting.Flow/Framework/Math/Vector3/Vector3CrossProduct.cs
 0.1 kb	 0.0% Packages/com.unity.visualscripting/Runtime/VisualScripting.Flow/Framework/Math/Vector3/DeprecatedVector3Add.cs
 0.1 kb	 0.0% Packages/com.unity.visualscripting/Runtime/VisualScripting.Flow/Framework/Math/Vector2/Vector2MoveTowards.cs
 0.1 kb	 0.0% Packages/com.unity.visualscripting/Runtime/VisualScripting.Flow/Framework/Math/Vector2/Vector2DotProduct.cs
 0.1 kb	 0.0% Packages/com.unity.visualscripting/Runtime/VisualScripting.Flow/Framework/Math/Vector2/DeprecatedVector2Add.cs
 0.1 kb	 0.0% Packages/com.unity.visualscripting/Runtime/VisualScripting.Flow/Framework/Math/Scalar/ScalarMoveTowards.cs
 0.1 kb	 0.0% Packages/com.unity.visualscripting/Runtime/VisualScripting.Flow/Framework/Math/Scalar/ScalarExponentiate.cs
 0.1 kb	 0.0% Packages/com.unity.visualscripting/Runtime/VisualScripting.Flow/Framework/Math/Scalar/DeprecatedScalarAdd.cs
 0.1 kb	 0.0% Packages/com.unity.visualscripting/Runtime/VisualScripting.Flow/Framework/Math/Generic/DeprecatedGenericAdd.cs
 0.1 kb	 0.0% Packages/com.unity.visualscripting/Runtime/VisualScripting.Flow/Framework/Logic/NumericComparison.cs
 0.1 kb	 0.0% Packages/com.unity.visualscripting/Runtime/VisualScripting.Flow/Framework/Logic/EqualityComparison.cs
 0.1 kb	 0.0% Packages/com.unity.visualscripting/Runtime/VisualScripting.Flow/Framework/Logic/BinaryComparisonUnit.cs
 0.1 kb	 0.0% Packages/com.unity.visualscripting/Runtime/VisualScripting.Flow/Framework/Logic/ApproximatelyEqual.cs
 0.1 kb	 0.0% Packages/com.unity.visualscripting/Runtime/VisualScripting.Flow/Framework/Events/TriggerCustomEvent.cs
 0.1 kb	 0.0% Packages/com.unity.visualscripting/Runtime/VisualScripting.Flow/Framework/Events/Rendering/OnBecameInvisible.cs
 0.1 kb	 0.0% Packages/com.unity.visualscripting/Runtime/VisualScripting.Flow/Framework/Events/Physics2D/TriggerEvent2DUnit.cs
 0.1 kb	 0.0% Packages/com.unity.visualscripting/Runtime/VisualScripting.Flow/Framework/Events/Physics2D/OnCollisionStay2D.cs
 0.1 kb	 0.0% Packages/com.unity.visualscripting/Runtime/VisualScripting.Flow/Framework/Events/Physics2D/OnCollisionExit2D.cs
 0.1 kb	 0.0% Packages/com.unity.visualscripting/Runtime/VisualScripting.Flow/Framework/Events/Physics2D/OnCollisionEnter2D.cs
 0.1 kb	 0.0% Packages/com.unity.visualscripting/Runtime/VisualScripting.Flow/Framework/Events/Physics2D/CollisionEvent2DUnit.cs
 0.1 kb	 0.0% Packages/com.unity.visualscripting/Runtime/VisualScripting.Flow/Framework/Events/Physics/OnParticleCollision.cs
 0.1 kb	 0.0% Packages/com.unity.visualscripting/Runtime/VisualScripting.Flow/Framework/Events/Physics/CollisionEventUnit.cs
 0.1 kb	 0.0% Packages/com.unity.visualscripting/Runtime/VisualScripting.Flow/Framework/Events/Navigation/OnDestinationReached.cs
 0.1 kb	 0.0% Packages/com.unity.visualscripting/Runtime/VisualScripting.Flow/Framework/Events/Input/OnMouseUpAsButton.cs
 0.1 kb	 0.0% Packages/com.unity.visualscripting/Runtime/VisualScripting.Flow/Framework/Events/GUI/OnToggleValueChanged.cs
 0.1 kb	 0.0% Packages/com.unity.visualscripting/Runtime/VisualScripting.Flow/Framework/Events/GUI/OnSliderValueChanged.cs
 0.1 kb	 0.0% Packages/com.unity.visualscripting/Runtime/VisualScripting.Flow/Framework/Events/GUI/OnInputFieldEndEdit.cs
 0.1 kb	 0.0% Packages/com.unity.visualscripting/Runtime/VisualScripting.Flow/Framework/Events/GUI/GenericGuiEventUnit.cs
 0.1 kb	 0.0% Packages/com.unity.visualscripting/Runtime/VisualScripting.Flow/Framework/Events/Editor/OnDrawGizmosSelected.cs
 0.1 kb	 0.0% Packages/com.unity.visualscripting/Runtime/VisualScripting.Flow/Framework/Events/Application/OnApplicationResume.cs
 0.1 kb	 0.0% Packages/com.unity.visualscripting/Runtime/VisualScripting.Flow/Framework/Events/Application/OnApplicationQuit.cs
 0.1 kb	 0.0% Packages/com.unity.visualscripting/Runtime/VisualScripting.Flow/Framework/Events/Application/OnApplicationPause.cs
 0.1 kb	 0.0% Packages/com.unity.visualscripting/Runtime/VisualScripting.Flow/Framework/Events/Application/OnApplicationFocus.cs
 0.1 kb	 0.0% Packages/com.unity.visualscripting/Runtime/VisualScripting.Flow/Framework/Events/Animation/BoltAnimationEvent.cs
 0.1 kb	 0.0% Packages/com.unity.visualscripting/Runtime/VisualScripting.Flow/Framework/Collections/Dictionaries/SetDictionaryItem.cs
 0.1 kb	 0.0% Packages/com.unity.visualscripting/Runtime/VisualScripting.Flow/Framework/Collections/Dictionaries/RemoveDictionaryItem.cs
 0.1 kb	 0.0% Packages/com.unity.visualscripting/Runtime/VisualScripting.Flow/Framework/Collections/Dictionaries/MergeDictionaries.cs
 0.1 kb	 0.0% Packages/com.unity.visualscripting/Runtime/VisualScripting.Flow/Framework/Collections/Dictionaries/GetDictionaryItem.cs
 0.1 kb	 0.0% Packages/com.unity.visualscripting/Runtime/VisualScripting.Flow/Framework/Collections/Dictionaries/AddDictionaryItem.cs
 0.1 kb	 0.0% Packages/com.unity.visualscripting/Runtime/VisualScripting.Flow/EditorBinding/UnitTitleAttribute.cs
 0.1 kb	 0.0% Packages/com.unity.visualscripting/Runtime/VisualScripting.Flow/EditorBinding/UnitOrderAttribute.cs
 0.1 kb	 0.0% Packages/com.unity.visualscripting/Runtime/VisualScripting.Flow/EditorBinding/SpecialUnitAttribute.cs
 0.1 kb	 0.0% Packages/com.unity.visualscripting/Runtime/VisualScripting.Flow/EditorBinding/PortLabelAttribute.cs
 0.1 kb	 0.0% Packages/com.unity.visualscripting/Runtime/VisualScripting.Flow/Dependencies/NCalc/NCalcParser.cs
 0.1 kb	 0.0% Packages/com.unity.visualscripting/Runtime/VisualScripting.Flow/Dependencies/NCalc/NCalcLexer.cs
 0.1 kb	 0.0% Packages/com.unity.visualscripting/Runtime/VisualScripting.Flow/Dependencies/NCalc/FunctionArgs.cs
 0.1 kb	 0.0% Packages/com.unity.visualscripting/Runtime/VisualScripting.Flow/Dependencies/NCalc/Expression.cs
 0.1 kb	 0.0% Packages/com.unity.visualscripting/Runtime/VisualScripting.Flow/Connections/InvalidConnection.cs
 0.1 kb	 0.0% Packages/com.unity.visualscripting/Runtime/VisualScripting.Flow/Connections/ControlConnection.cs
 0.1 kb	 0.0% Packages/com.unity.visualscripting/Runtime/VisualScripting.Core/Variables/VariableDeclarations.cs
 0.1 kb	 0.0% Packages/com.unity.visualscripting/Runtime/VisualScripting.Core/Variables/VariableDeclaration.cs
 0.1 kb	 0.0% Packages/com.unity.visualscripting/Runtime/VisualScripting.Core/Variables/IGraphWithVariables.cs
 0.1 kb	 0.0% Packages/com.unity.visualscripting/Runtime/VisualScripting.Core/Variables/ApplicationVariables.cs
 0.1 kb	 0.0% Packages/com.unity.visualscripting/Runtime/VisualScripting.Core/Utilities/UnityObjectUtility.cs
 0.1 kb	 0.0% Packages/com.unity.visualscripting/Runtime/VisualScripting.Core/Utilities/ReferenceCollector.cs
 0.1 kb	 0.0% Packages/com.unity.visualscripting/Runtime/VisualScripting.Core/Utilities/CSharpNameUtility.cs
 0.1 kb	 0.0% Packages/com.unity.visualscripting/Runtime/VisualScripting.Core/Unity/SingletonAttribute.cs
 0.1 kb	 0.0% Packages/com.unity.visualscripting/Runtime/VisualScripting.Core/Unity/IUnityObjectOwnable.cs
 0.1 kb	 0.0% Packages/com.unity.visualscripting/Runtime/VisualScripting.Core/Serialization/SerializeAttribute.cs
 0.1 kb	 0.0% Packages/com.unity.visualscripting/Runtime/VisualScripting.Core/Serialization/SerializeAsAttribute.cs
 0.1 kb	 0.0% Packages/com.unity.visualscripting/Runtime/VisualScripting.Core/Serialization/SerializationData.cs
 0.1 kb	 0.0% Packages/com.unity.visualscripting/Runtime/VisualScripting.Core/Serialization/Converters/UnityObjectConverter.cs
 0.1 kb	 0.0% Packages/com.unity.visualscripting/Runtime/VisualScripting.Core/Serialization/Converters/NamespaceConverter.cs
 0.1 kb	 0.0% Packages/com.unity.visualscripting/Runtime/VisualScripting.Core/Reflection/RenamedFromAttribute.cs
 0.1 kb	 0.0% Packages/com.unity.visualscripting/Runtime/VisualScripting.Core/Reflection/Optimization/StaticInvokerBase.cs
 0.1 kb	 0.0% Packages/com.unity.visualscripting/Runtime/VisualScripting.Core/Reflection/Optimization/ReflectionInvoker.cs
 0.1 kb	 0.0% Packages/com.unity.visualscripting/Runtime/VisualScripting.Core/Reflection/Optimization/OptimizedReflection.cs
 0.1 kb	 0.0% Packages/com.unity.visualscripting/Runtime/VisualScripting.Core/Reflection/Optimization/IOptimizedInvoker.cs
 0.1 kb	 0.0% Packages/com.unity.visualscripting/Runtime/VisualScripting.Core/Reflection/Optimization/IOptimizedAccessor.cs
 0.1 kb	 0.0% Packages/com.unity.visualscripting/Runtime/VisualScripting.Core/Reflection/Operators/UnaryOperatorHandler.cs
 0.1 kb	 0.0% Packages/com.unity.visualscripting/Runtime/VisualScripting.Core/Reflection/Operators/SubtractionHandler.cs
 0.1 kb	 0.0% Packages/com.unity.visualscripting/Runtime/VisualScripting.Core/Reflection/Operators/RightShiftHandler.cs
 0.1 kb	 0.0% Packages/com.unity.visualscripting/Runtime/VisualScripting.Core/Reflection/Operators/OperatorException.cs
 0.1 kb	 0.0% Packages/com.unity.visualscripting/Runtime/VisualScripting.Core/Reflection/Operators/InequalityHandler.cs
 0.1 kb	 0.0% Packages/com.unity.visualscripting/Runtime/VisualScripting.Core/Reflection/Operators/GreaterThanHandler.cs
 0.1 kb	 0.0% Packages/com.unity.visualscripting/Runtime/VisualScripting.Core/Reflection/Operators/ExclusiveOrHandler.cs
 0.1 kb	 0.0% Packages/com.unity.visualscripting/Runtime/VisualScripting.Core/Reflection/MemberInfoComparer.cs
 0.1 kb	 0.0% Packages/com.unity.visualscripting/Runtime/VisualScripting.Core/Reflection/LooseAssemblyName.cs
 0.1 kb	 0.0% Packages/com.unity.visualscripting/Runtime/VisualScripting.Core/Reflection/IAttributeProvider.cs
 0.1 kb	 0.0% Packages/com.unity.visualscripting/Runtime/VisualScripting.Core/Reflection/ConversionUtility.cs
 0.1 kb	 0.0% Packages/com.unity.visualscripting/Runtime/VisualScripting.Core/Listeners/UnityMessageListener.cs
 0.1 kb	 0.0% Packages/com.unity.visualscripting/Runtime/VisualScripting.Core/Listeners/IGraphEventListener.cs
 0.1 kb	 0.0% Packages/com.unity.visualscripting/Runtime/VisualScripting.Core/Graphs/IGraphParentElement.cs
 0.1 kb	 0.0% Packages/com.unity.visualscripting/Runtime/VisualScripting.Core/Graphs/IGraphNesterElement.cs
 0.1 kb	 0.0% Packages/com.unity.visualscripting/Runtime/VisualScripting.Core/Graphs/IGraphElementData.cs
 0.1 kb	 0.0% Packages/com.unity.visualscripting/Runtime/VisualScripting.Core/Events/FrameDelayedCallback.cs
 0.1 kb	 0.0% Packages/com.unity.visualscripting/Runtime/VisualScripting.Core/Events/EventHookComparer.cs
 0.1 kb	 0.0% Packages/com.unity.visualscripting/Runtime/VisualScripting.Core/Ensure/ExceptionMessages.cs
 0.1 kb	 0.0% Packages/com.unity.visualscripting/Runtime/VisualScripting.Core/EditorBinding/TypeIconAttribute.cs
 0.1 kb	 0.0% Packages/com.unity.visualscripting/Runtime/VisualScripting.Core/EditorBinding/PredictableAttribute.cs
 0.1 kb	 0.0% Packages/com.unity.visualscripting/Runtime/VisualScripting.Core/EditorBinding/InspectableAttribute.cs
 0.1 kb	 0.0% Packages/com.unity.visualscripting/Runtime/VisualScripting.Core/EditorBinding/EditorTimeBinding.cs
 0.1 kb	 0.0% Packages/com.unity.visualscripting/Runtime/VisualScripting.Core/EditorBinding/EditorBindingUtility.cs
 0.1 kb	 0.0% Packages/com.unity.visualscripting/Runtime/VisualScripting.Core/EditorBinding/AllowsNullAttribute.cs
 0.1 kb	 0.0% Packages/com.unity.visualscripting/Runtime/VisualScripting.Core/Dependencies/FullSerializer/Internal/fsOption.cs
 0.1 kb	 0.0% Packages/com.unity.visualscripting/Runtime/VisualScripting.Core/Decorators/IDecoratorAttribute.cs
 0.1 kb	 0.0% Packages/com.unity.visualscripting/Runtime/VisualScripting.Core/Cloning/Cloners/AnimationCurveCloner.cs
 0.1 kb	 0.0% Packages/com.unity.timeline/Runtime/Utilities/AnimationPreviewUtilities.cs
 0.1 kb	 0.0% Packages/com.unity.timeline/Runtime/Playables/TimeNotificationBehaviour.cs
 0.1 kb	 0.0% Packages/com.unity.timeline/Runtime/Playables/ActivationControlPlayable.cs
 0.1 kb	 0.0% Packages/com.unity.timeline/Runtime/Events/INotificationOptionProvider.cs
 0.1 kb	 0.0% Packages/com.unity.test-framework/UnityEngine.TestRunner/Utils/AssemblyProvider/IAssemblyLoadProxy.cs
 0.1 kb	 0.0% Packages/com.unity.test-framework/UnityEngine.TestRunner/Utils/AssemblyProvider/AssemblyLoadProxy.cs
 0.1 kb	 0.0% Packages/com.unity.test-framework/UnityEngine.TestRunner/TestRunner/RemoteHelpers/RemoteTestData.cs
 0.1 kb	 0.0% Packages/com.unity.shadergraph/Editor/Generation/Targets/BuiltIn/Editor/ShaderGUI/MaterialAssemblyReference/RawRenderQueue.cs
 0.1 kb	 0.0% Packages/com.unity.scriptablebuildpipeline/Runtime/Shared/BundleDetails.cs
 0.1 kb	 0.0% Packages/com.unity.render-pipelines.core/Runtime/Volume/VolumeProfile.cs
 0.1 kb	 0.0% Packages/com.unity.render-pipelines.core/Runtime/Volume/VolumeParameter.cs
 0.1 kb	 0.0% Packages/com.unity.render-pipelines.core/Runtime/Volume/VolumeManager.cs
 0.1 kb	 0.0% Packages/com.unity.render-pipelines.core/Runtime/Volume/VolumeDebugData.cs
 0.1 kb	 0.0% Packages/com.unity.render-pipelines.core/Runtime/Volume/VolumeComponent.cs
 0.1 kb	 0.0% Packages/com.unity.render-pipelines.core/Runtime/Volume/KeyframeUtility.cs
 0.1 kb	 0.0% Packages/com.unity.render-pipelines.core/Runtime/Utilities/TileLayoutUtils.cs
 0.1 kb	 0.0% Packages/com.unity.render-pipelines.core/Runtime/Utilities/ResourceReloader.cs
 0.1 kb	 0.0% Packages/com.unity.render-pipelines.core/Runtime/Utilities/HaltonSequence.cs
 0.1 kb	 0.0% Packages/com.unity.render-pipelines.core/Runtime/Utilities/HDROutputUtils.cs
 0.1 kb	 0.0% Packages/com.unity.render-pipelines.core/Runtime/Utilities/DelegateUtility.cs
 0.1 kb	 0.0% Packages/com.unity.render-pipelines.core/Runtime/Utilities/CoreMatrixUtils.cs
 0.1 kb	 0.0% Packages/com.unity.render-pipelines.core/Runtime/Utilities/ColorSpaceUtils.cs
 0.1 kb	 0.0% Packages/com.unity.render-pipelines.core/Runtime/Utilities/ArrayExtensions.cs
 0.1 kb	 0.0% Packages/com.unity.render-pipelines.core/Runtime/Textures/Texture2DAtlas.cs
 0.1 kb	 0.0% Packages/com.unity.render-pipelines.core/Runtime/Textures/RTHandleSystem.cs
 0.1 kb	 0.0% Packages/com.unity.render-pipelines.core/Runtime/RenderPipeline/IVolumetricCloud.cs
 0.1 kb	 0.0% Packages/com.unity.render-pipelines.core/Runtime/RenderPipeline/ICloudBackground.cs
 0.1 kb	 0.0% Packages/com.unity.render-pipelines.core/Runtime/PostProcessing/LensFlareDataSRP.cs
 0.1 kb	 0.0% Packages/com.unity.render-pipelines.core/Runtime/Lighting/ProbeVolume/ProbeVolumeAsset.cs
 0.1 kb	 0.0% Packages/com.unity.render-pipelines.core/Runtime/Lighting/ProbeVolume/ProbeBrickPool.cs
 0.1 kb	 0.0% Packages/com.unity.render-pipelines.core/Runtime/Lighting/ProbeVolume/ProbeBrickIndex.cs
 0.1 kb	 0.0% Packages/com.unity.render-pipelines.core/Runtime/Debugging/ProfilingScope.cs
 0.1 kb	 0.0% Packages/com.unity.render-pipelines.core/Runtime/Debugging/FrameTiming/FrameTimeSample.cs
 0.1 kb	 0.0% Packages/com.unity.render-pipelines.core/Runtime/Debugging/DebugManager.UIState.cs
 0.1 kb	 0.0% Packages/com.unity.render-pipelines.core/Runtime/Debugging/DebugManager.Actions.cs
 0.1 kb	 0.0% Packages/com.unity.render-pipelines.core/Runtime/Debugging/DebugFrameTiming.cs
 0.1 kb	 0.0% Packages/com.unity.render-pipelines.core/Runtime/Common/SerializableEnum.cs
 0.1 kb	 0.0% Packages/com.unity.render-pipelines.core/Runtime/Common/IAdditionalData.cs
 0.1 kb	 0.0% Packages/com.unity.render-pipelines.core/Runtime/Common/CoreUnsafeUtils.cs
 0.1 kb	 0.0% Packages/com.unity.render-pipelines.core/Runtime/Common/ConstantBuffer.cs
 0.1 kb	 0.0% Packages/com.unity.render-pipelines.core/Runtime/Camera/CameraSwitcher.cs
 0.1 kb	 0.0% Packages/com.unity.collections/Unity.Collections/NativeNotBurstCompatible.cs
 0.1 kb	 0.0% Assets/YooAsset/Samples/Mini Game/Runtime/WechatFileSystem/Operation/internal/RequestWechatPackageVersionOperation.cs
 0.1 kb	 0.0% Assets/YooAsset/Samples/Mini Game/Runtime/WechatFileSystem/Operation/internal/RequestWechatPackageHashOperation.cs
 0.1 kb	 0.0% Assets/YooAsset/Samples/Mini Game/Runtime/WechatFileSystem/Operation/internal/LoadWechatPackageManifestOperation.cs
 0.1 kb	 0.0% Assets/YooAsset/Samples/Mini Game/Runtime/WechatFileSystem/Operation/internal/LoadWechatAssetBundleOperation.cs
 0.1 kb	 0.0% Assets/YooAsset/Samples/Mini Game/Runtime/WechatFileSystem/Operation/WXFSRequestPackageVersionOperation.cs
 0.1 kb	 0.0% Assets/TextMesh Pro/Examples & Extras/Resources/Color Gradient Presets/Yellow to Orange - Vertical.asset
 0.1 kb	 0.0% Assets/TextMesh Pro/Examples & Extras/Resources/Color Gradient Presets/Blue to Purple - Vertical.asset
 0.1 kb	 0.0% Assets/Plugins/UniTask/Runtime/UnityAsyncExtensions.AsyncGPUReadback.cs
 0.1 kb	 0.0% Assets/Plugins/AllIn1SpriteShader/Demo/Scripts/AllIn1AutoRotate.cs
 0.1 kb	 0.0% Packages/com.unity.visualscripting/Runtime/VisualScripting.Core/Ensure/EnsureThat.ValueTypes.cs
 0.1 kb	 0.0% Packages/com.unity.visualscripting/Runtime/VisualScripting.Core/Ensure/EnsureThat.Reflection.cs
 0.1 kb	 0.0% Packages/com.unity.visualscripting/Runtime/VisualScripting.Core/Ensure/EnsureThat.Comparables.cs
 0.1 kb	 0.0% Packages/com.unity.visualscripting/Runtime/VisualScripting.Core/Ensure/EnsureThat.Collections.cs
 0.1 kb	 0.0% Packages/com.unity.visualscripting/Runtime/VisualScripting.Core/Dependencies/FullSerializer/fsSerializer.cs
 0.1 kb	 0.0% Packages/com.unity.visualscripting/Runtime/VisualScripting.Core/Dependencies/FullSerializer/fsJsonParser.cs
 0.1 kb	 0.0% Packages/com.unity.visualscripting/Runtime/VisualScripting.Core/Dependencies/FullSerializer/fsConverter.cs
 0.1 kb	 0.0% Packages/com.unity.visualscripting/Runtime/VisualScripting.Core/Dependencies/FullSerializer/fsContext.cs
 0.1 kb	 0.0% Packages/com.unity.visualscripting/Runtime/VisualScripting.Core/Dependencies/FullSerializer/Reflection/fsTypeCache.cs
 0.1 kb	 0.0% Packages/com.unity.visualscripting/Runtime/VisualScripting.Core/Dependencies/FullSerializer/Reflection/fsMetaType.cs
 0.1 kb	 0.0% Packages/com.unity.ugui/Runtime/EventSystem/InputModules/StandaloneInputModule.cs
 0.1 kb	 0.0% Packages/com.unity.test-framework/UnityEngine.TestRunner/Utils/MonoBehaviourTest/IMonoBehaviourTest.cs
 0.1 kb	 0.0% Packages/com.unity.test-framework/UnityEngine.TestRunner/Utils/IPostBuildCleanup.cs
 0.1 kb	 0.0% Packages/com.unity.test-framework/UnityEngine.TestRunner/TestRunner/TestPlatform.cs
 0.1 kb	 0.0% Packages/com.unity.test-framework/UnityEngine.TestRunner/NUnitExtensions/Commands/TestCommandPcHelper.cs
 0.1 kb	 0.0% Packages/com.unity.test-framework/UnityEngine.TestRunner/NUnitExtensions/Commands/TestActionCommand.cs
 0.1 kb	 0.0% Packages/com.unity.test-framework/UnityEngine.TestRunner/NUnitExtensions/Commands/SetUpTearDownCommand.cs
 0.1 kb	 0.0% Packages/com.unity.test-framework/UnityEngine.TestRunner/NUnitExtensions/Commands/EnumerableTestState.cs
 0.1 kb	 0.0% Packages/com.unity.test-framework/UnityEngine.TestRunner/NUnitExtensions/Attributes/UnityTestAttribute.cs
 0.1 kb	 0.0% Packages/com.unity.test-framework/UnityEngine.TestRunner/NUnitExtensions/Attributes/UnitySetUpAttribute.cs
 0.1 kb	 0.0% Packages/com.unity.render-pipelines.universal/Runtime/Overrides/Vignette.cs
 0.1 kb	 0.0% Packages/com.unity.render-pipelines.universal/Runtime/Overrides/Bloom.cs
 0.1 kb	 0.0% Packages/com.unity.render-pipelines.universal/Runtime/2D/Light2D.cs
 0.1 kb	 0.0% Packages/com.unity.render-pipelines.universal/Runtime/2D/Clipper.cs
 0.1 kb	 0.0% Packages/com.unity.render-pipelines.core/Runtime/XR/XRView.cs
 0.1 kb	 0.0% Packages/com.unity.render-pipelines.core/Runtime/XR/XRSystem.cs
 0.1 kb	 0.0% Packages/com.unity.render-pipelines.core/Runtime/XR/XRPass.cs
 0.1 kb	 0.0% Packages/com.unity.render-pipelines.core/Runtime/XR/XRLayout.cs
 0.1 kb	 0.0% Packages/com.unity.render-pipelines.core/Runtime/Debugging/DebugUI.Containers.cs
 0.1 kb	 0.0% Packages/com.unity.collections/Unity.Collections/UnsafeBitArray.cs
 0.1 kb	 0.0% Packages/com.unity.collections/Unity.Collections/UTF8ArrayUnsafeUtility.cs
 0.1 kb	 0.0% Packages/com.unity.collections/Unity.Collections/NativeHashSetExtensions.gen.cs
 0.1 kb	 0.0% Packages/com.unity.collections/Unity.Collections/NativeHashMapExtensions.cs
 0.1 kb	 0.0% Packages/com.unity.collections/Unity.Collections/NativeArrayExtensions.cs
 0.1 kb	 0.0% Packages/com.unity.collections/Unity.Collections/FixedStringInternalMethods.cs
 0.1 kb	 0.0% Packages/com.unity.collections/Unity.Collections/FixedStringFormatMethods.gen.cs
 0.1 kb	 0.0% Packages/com.unity.collections/Unity.Collections/BurstCompatibleAttribute.cs
 0.1 kb	 0.0% Packages/com.unity.cinemachine/Runtime/PostProcessing/CinemachineVolumeSettings.cs
 0.1 kb	 0.0% Packages/com.unity.cinemachine/Runtime/PostProcessing/CinemachinePostProcessing.cs
 0.1 kb	 0.0% Packages/com.unity.cinemachine/Runtime/Components/CinemachineSameAsFollowTarget.cs
 0.1 kb	 0.0% Packages/com.unity.burst/Runtime/CompilerServices/SkipLocalsInitAttribute.cs
 0.1 kb	 0.0% Packages/com.unity.burst/Runtime/CompilerServices/IgnoreWarningAttribute.cs
 0.1 kb	 0.0% Assets/YooAsset/Runtime/FileSystem/Operation/Internal/LoadWebNormalAssetBundleOperation.cs
 0.1 kb	 0.0% Assets/YooAsset/Runtime/FileSystem/Operation/Internal/LoadWebEncryptAssetBundleOperation.cs
 0.1 kb	 0.0% Assets/YooAsset/Runtime/FileSystem/DefaultWebServerFileSystem/Operation/internal/RequestWebServerPackageHashOperation.cs
 0.1 kb	 0.0% Assets/YooAsset/Runtime/FileSystem/DefaultWebServerFileSystem/Operation/internal/LoadWebServerCatalogFileOperation.cs
 0.1 kb	 0.0% Assets/YooAsset/Runtime/FileSystem/DefaultWebServerFileSystem/Operation/DWSFSRequestPackageVersionOperation.cs
 0.1 kb	 0.0% Assets/YooAsset/Runtime/FileSystem/DefaultWebServerFileSystem/Operation/DWSFSLoadPackageManifestOperation.cs
 0.1 kb	 0.0% Assets/YooAsset/Runtime/FileSystem/DefaultWebRemoteFileSystem/Operation/internal/RequestWebRemotePackageHashOperation.cs
 0.1 kb	 0.0% Assets/YooAsset/Runtime/FileSystem/DefaultWebRemoteFileSystem/Operation/DWRFSRequestPackageVersionOperation.cs
 0.1 kb	 0.0% Assets/YooAsset/Runtime/FileSystem/DefaultWebRemoteFileSystem/Operation/DWRFSLoadPackageManifestOperation.cs
 0.1 kb	 0.0% Assets/YooAsset/Runtime/FileSystem/DefaultEditorFileSystem/Operation/internal/LoadEditorPackageVersionOperation.cs
 0.1 kb	 0.0% Assets/YooAsset/Runtime/FileSystem/DefaultEditorFileSystem/Operation/internal/LoadEditorPackageManifestOperation.cs
 0.1 kb	 0.0% Assets/YooAsset/Runtime/FileSystem/DefaultEditorFileSystem/Operation/DEFSRequestPackageVersionOperation.cs
 0.1 kb	 0.0% Assets/YooAsset/Runtime/FileSystem/DefaultCacheFileSystem/Operation/internal/RequestRemotePackageVersionOperation.cs
 0.1 kb	 0.0% Assets/YooAsset/Runtime/FileSystem/DefaultCacheFileSystem/Operation/internal/LoadCachePackageManifestOperation.cs
 0.1 kb	 0.0% Assets/YooAsset/Runtime/FileSystem/DefaultCacheFileSystem/Operation/internal/ClearUnusedCacheBundleFilesOperation.cs
 0.1 kb	 0.0% Assets/YooAsset/Runtime/FileSystem/DefaultCacheFileSystem/Operation/internal/ClearCacheBundleFilesByTagsOperaiton.cs
 0.1 kb	 0.0% Assets/YooAsset/Runtime/FileSystem/DefaultCacheFileSystem/Operation/internal/ClearAllCacheManifestFilesOperation.cs
 0.1 kb	 0.0% Assets/YooAsset/Runtime/FileSystem/DefaultCacheFileSystem/Operation/internal/ClearAllCacheBundleFilesOperation.cs
 0.1 kb	 0.0% Assets/YooAsset/Runtime/FileSystem/DefaultCacheFileSystem/Operation/DCFSRequestPackageVersionOperation.cs
 0.1 kb	 0.0% Assets/YooAsset/Runtime/FileSystem/DefaultBuildinFileSystem/Operation/internal/RequestBuildinPackageHashOperation.cs
 0.1 kb	 0.0% Assets/YooAsset/Runtime/FileSystem/DefaultBuildinFileSystem/Operation/internal/LoadBuildinPackageManifestOperation.cs
 0.1 kb	 0.0% Assets/YooAsset/Runtime/FileSystem/DefaultBuildinFileSystem/Operation/internal/CopyBuildinPackageManifestOperation.cs
 0.1 kb	 0.0% Assets/YooAsset/Runtime/FileSystem/DefaultBuildinFileSystem/Operation/DBFSRequestPackageVersionOperation.cs
 0.1 kb	 0.0% Assets/YooAsset/Runtime/FileSystem/BundleResult/VirtualBundleResult/Operation/VirtualBundleLoadSubAssetsOperation.cs
 0.1 kb	 0.0% Assets/YooAsset/Runtime/FileSystem/BundleResult/VirtualBundleResult/Operation/VirtualBundleLoadAllAssetsOperation.cs
 0.1 kb	 0.0% Assets/YooAsset/Runtime/FileSystem/BundleResult/AssetBundleResult/Operation/AssetBundleLoadSubAssetsOperation.cs
 0.1 kb	 0.0% Assets/YooAsset/Runtime/FileSystem/BundleResult/AssetBundleResult/Operation/AssetBundleLoadAllAssetsOperation.cs
 0.1 kb	 0.0% Assets/Plugins/UniTask/Runtime/UnityAsyncExtensions.MonoBehaviour.cs
 0.1 kb	 0.0% Assets/Plugins/UniTask/Runtime/UniTaskObservableExtensions.cs
 0.1 kb	 0.0% Assets/Plugins/UniTask/Runtime/Triggers/AsyncTriggerExtensions.cs
 0.1 kb	 0.0% Assets/Plugins/UniTask/Runtime/Linq/ToUniTaskAsyncEnumerable.cs
 0.1 kb	 0.0% Assets/Plugins/UniTask/Runtime/Linq/AsUniTaskAsyncEnumerable.cs
 0.1 kb	 0.0% Assets/Plugins/UniTask/Runtime/Internal/UnityEqualityComparer.cs
 0.1 kb	 0.0% Assets/Plugins/UniTask/Runtime/Internal/DiagnosticsExtensions.cs
 0.1 kb	 0.0% Assets/Plugins/UniTask/Runtime/EnumeratorAsyncExtensions.cs
 0.1 kb	 0.0% Assets/Plugins/UniTask/Runtime/EnumerableAsyncExtensions.cs
 0.1 kb	 0.0% Assets/Plugins/UniTask/Runtime/CompilerServices/StateMachineRunner.cs
 0.1 kb	 0.0% Assets/Plugins/UniTask/Runtime/CancellationTokenExtensions.cs
 0.1 kb	 0.0% Assets/Plugins/DOTween/Modules/DOTweenModulePhysics2D.cs
 0.1 kb	 0.0% Assets/Plugins/AllIn1SpriteShader/Scripts/AllIn1ShaderWindow.cs
 0.1 kb	 0.0% Assets/Plugins/AllIn1SpriteShader/Demo/Scripts/DemoRandomColorSwap.cs
 0.1 kb	 0.0% Assets/Plugins/AllIn1SpriteShader/Demo/Scripts/DemoCircleExpositor.cs
 0.1 kb	 0.0% Assets/Plugins/AllIn1SpriteShader/Demo/Scripts/AllIn1ScrollProperty.cs
 0.1 kb	 0.0% Packages/com.unity.visualscripting/Runtime/VisualScripting.State/Units/SetStateGraph.cs
 0.1 kb	 0.0% Packages/com.unity.visualscripting/Runtime/VisualScripting.State/Units/GetStateGraphs.cs
 0.1 kb	 0.0% Packages/com.unity.visualscripting/Runtime/VisualScripting.State/Units/GetStateGraph.cs
 0.1 kb	 0.0% Packages/com.unity.visualscripting/Runtime/VisualScripting.State/StateTransition.cs
 0.1 kb	 0.0% Packages/com.unity.visualscripting/Runtime/VisualScripting.State/StateGraphData.cs
 0.1 kb	 0.0% Packages/com.unity.visualscripting/Runtime/VisualScripting.State/StateGraphAsset.cs
 0.1 kb	 0.0% Packages/com.unity.visualscripting/Runtime/VisualScripting.State/StateEventHooks.cs
 0.1 kb	 0.0% Packages/com.unity.visualscripting/Runtime/VisualScripting.State/IStateTransition.cs
 0.1 kb	 0.0% Packages/com.unity.visualscripting/Runtime/VisualScripting.State/IStateDebugData.cs
 0.1 kb	 0.0% Packages/com.unity.visualscripting/Runtime/VisualScripting.State/Framework/Graph/HasStateGraph.cs
 0.1 kb	 0.0% Packages/com.unity.visualscripting/Runtime/VisualScripting.Flow/UnitPreservation.cs
 0.1 kb	 0.0% Packages/com.unity.visualscripting/Runtime/VisualScripting.Flow/ScriptMachine.cs
 0.1 kb	 0.0% Packages/com.unity.visualscripting/Runtime/VisualScripting.Flow/ScriptGraphAsset.cs
 0.1 kb	 0.0% Packages/com.unity.visualscripting/Runtime/VisualScripting.Flow/Ports/InvalidOutput.cs
 0.1 kb	 0.0% Packages/com.unity.visualscripting/Runtime/VisualScripting.Flow/Ports/IUnitValuePort.cs
 0.1 kb	 0.0% Packages/com.unity.visualscripting/Runtime/VisualScripting.Flow/Ports/IUnitOutputPort.cs
 0.1 kb	 0.0% Packages/com.unity.visualscripting/Runtime/VisualScripting.Flow/Ports/IUnitInvalidPort.cs
 0.1 kb	 0.0% Packages/com.unity.visualscripting/Runtime/VisualScripting.Flow/Ports/IUnitInputPort.cs
 0.1 kb	 0.0% Packages/com.unity.visualscripting/Runtime/VisualScripting.Flow/Ports/IUnitControlPort.cs
 0.1 kb	 0.0% Packages/com.unity.visualscripting/Runtime/VisualScripting.Flow/Ports/ControlOutput.cs
 0.1 kb	 0.0% Packages/com.unity.visualscripting/Runtime/VisualScripting.Flow/MultiInputUnit.cs
 0.1 kb	 0.0% Packages/com.unity.visualscripting/Runtime/VisualScripting.Flow/IUnitDebugData.cs
 0.1 kb	 0.0% Packages/com.unity.visualscripting/Runtime/VisualScripting.Flow/Framework/Variables/SaveVariables.cs
 0.1 kb	 0.0% Packages/com.unity.visualscripting/Runtime/VisualScripting.Flow/Framework/Variables/Obsolete/SetVariableUnit.cs
 0.1 kb	 0.0% Packages/com.unity.visualscripting/Runtime/VisualScripting.Flow/Framework/Variables/Obsolete/SetSceneVariable.cs
 0.1 kb	 0.0% Packages/com.unity.visualscripting/Runtime/VisualScripting.Flow/Framework/Variables/Obsolete/SetSavedVariable.cs
 0.1 kb	 0.0% Packages/com.unity.visualscripting/Runtime/VisualScripting.Flow/Framework/Variables/Obsolete/SetGraphVariable.cs
 0.1 kb	 0.0% Packages/com.unity.visualscripting/Runtime/VisualScripting.Flow/Framework/Variables/Obsolete/IVariableUnit.cs
 0.1 kb	 0.0% Packages/com.unity.visualscripting/Runtime/VisualScripting.Flow/Framework/Variables/Obsolete/GetVariableUnit.cs
 0.1 kb	 0.0% Packages/com.unity.visualscripting/Runtime/VisualScripting.Flow/Framework/Variables/Obsolete/GetSceneVariable.cs
 0.1 kb	 0.0% Packages/com.unity.visualscripting/Runtime/VisualScripting.Flow/Framework/Variables/Obsolete/GetSavedVariable.cs
 0.1 kb	 0.0% Packages/com.unity.visualscripting/Runtime/VisualScripting.Flow/Framework/Variables/Obsolete/GetGraphVariable.cs
 0.1 kb	 0.0% Packages/com.unity.visualscripting/Runtime/VisualScripting.Flow/Framework/Time/WaitWhileUnit.cs
 0.1 kb	 0.0% Packages/com.unity.visualscripting/Runtime/VisualScripting.Flow/Framework/Time/WaitUntilUnit.cs
 0.1 kb	 0.0% Packages/com.unity.visualscripting/Runtime/VisualScripting.Flow/Framework/Math/Vector4/Vector4Subtract.cs
 0.1 kb	 0.0% Packages/com.unity.visualscripting/Runtime/VisualScripting.Flow/Framework/Math/Vector4/Vector4PerSecond.cs
 0.1 kb	 0.0% Packages/com.unity.visualscripting/Runtime/VisualScripting.Flow/Framework/Math/Vector4/Vector4Normalize.cs
 0.1 kb	 0.0% Packages/com.unity.visualscripting/Runtime/VisualScripting.Flow/Framework/Math/Vector4/Vector4Multiply.cs
 0.1 kb	 0.0% Packages/com.unity.visualscripting/Runtime/VisualScripting.Flow/Framework/Math/Vector4/Vector4Modulo.cs
 0.1 kb	 0.0% Packages/com.unity.visualscripting/Runtime/VisualScripting.Flow/Framework/Math/Vector4/Vector4Minimum.cs
 0.1 kb	 0.0% Packages/com.unity.visualscripting/Runtime/VisualScripting.Flow/Framework/Math/Vector4/Vector4Maximum.cs
 0.1 kb	 0.0% Packages/com.unity.visualscripting/Runtime/VisualScripting.Flow/Framework/Math/Vector4/Vector4Divide.cs
 0.1 kb	 0.0% Packages/com.unity.visualscripting/Runtime/VisualScripting.Flow/Framework/Math/Vector4/Vector4Distance.cs
 0.1 kb	 0.0% Packages/com.unity.visualscripting/Runtime/VisualScripting.Flow/Framework/Math/Vector4/Vector4Average.cs
 0.1 kb	 0.0% Packages/com.unity.visualscripting/Runtime/VisualScripting.Flow/Framework/Math/Vector4/Vector4Absolute.cs
 0.1 kb	 0.0% Packages/com.unity.visualscripting/Runtime/VisualScripting.Flow/Framework/Math/Vector3/Vector3Subtract.cs
 0.1 kb	 0.0% Packages/com.unity.visualscripting/Runtime/VisualScripting.Flow/Framework/Math/Vector3/Vector3Project.cs
 0.1 kb	 0.0% Packages/com.unity.visualscripting/Runtime/VisualScripting.Flow/Framework/Math/Vector3/Vector3PerSecond.cs
 0.1 kb	 0.0% Packages/com.unity.visualscripting/Runtime/VisualScripting.Flow/Framework/Math/Vector3/Vector3Normalize.cs
 0.1 kb	 0.0% Packages/com.unity.visualscripting/Runtime/VisualScripting.Flow/Framework/Math/Vector3/Vector3Multiply.cs
 0.1 kb	 0.0% Packages/com.unity.visualscripting/Runtime/VisualScripting.Flow/Framework/Math/Vector3/Vector3Modulo.cs
 0.1 kb	 0.0% Packages/com.unity.visualscripting/Runtime/VisualScripting.Flow/Framework/Math/Vector3/Vector3Minimum.cs
 0.1 kb	 0.0% Packages/com.unity.visualscripting/Runtime/VisualScripting.Flow/Framework/Math/Vector3/Vector3Maximum.cs
 0.1 kb	 0.0% Packages/com.unity.visualscripting/Runtime/VisualScripting.Flow/Framework/Math/Vector3/Vector3Divide.cs
 0.1 kb	 0.0% Packages/com.unity.visualscripting/Runtime/VisualScripting.Flow/Framework/Math/Vector3/Vector3Distance.cs
 0.1 kb	 0.0% Packages/com.unity.visualscripting/Runtime/VisualScripting.Flow/Framework/Math/Vector3/Vector3Average.cs
 0.1 kb	 0.0% Packages/com.unity.visualscripting/Runtime/VisualScripting.Flow/Framework/Math/Vector3/Vector3Absolute.cs
 0.1 kb	 0.0% Packages/com.unity.visualscripting/Runtime/VisualScripting.Flow/Framework/Math/Vector2/Vector2Subtract.cs
 0.1 kb	 0.0% Packages/com.unity.visualscripting/Runtime/VisualScripting.Flow/Framework/Math/Vector2/Vector2Project.cs
 0.1 kb	 0.0% Packages/com.unity.visualscripting/Runtime/VisualScripting.Flow/Framework/Math/Vector2/Vector2PerSecond.cs
 0.1 kb	 0.0% Packages/com.unity.visualscripting/Runtime/VisualScripting.Flow/Framework/Math/Vector2/Vector2Normalize.cs
 0.1 kb	 0.0% Packages/com.unity.visualscripting/Runtime/VisualScripting.Flow/Framework/Math/Vector2/Vector2Multiply.cs
 0.1 kb	 0.0% Packages/com.unity.visualscripting/Runtime/VisualScripting.Flow/Framework/Math/Vector2/Vector2Modulo.cs
 0.1 kb	 0.0% Packages/com.unity.visualscripting/Runtime/VisualScripting.Flow/Framework/Math/Vector2/Vector2Minimum.cs
 0.1 kb	 0.0% Packages/com.unity.visualscripting/Runtime/VisualScripting.Flow/Framework/Math/Vector2/Vector2Maximum.cs
 0.1 kb	 0.0% Packages/com.unity.visualscripting/Runtime/VisualScripting.Flow/Framework/Math/Vector2/Vector2Divide.cs
 0.1 kb	 0.0% Packages/com.unity.visualscripting/Runtime/VisualScripting.Flow/Framework/Math/Vector2/Vector2Distance.cs
 0.1 kb	 0.0% Packages/com.unity.visualscripting/Runtime/VisualScripting.Flow/Framework/Math/Vector2/Vector2Average.cs
 0.1 kb	 0.0% Packages/com.unity.visualscripting/Runtime/VisualScripting.Flow/Framework/Math/Vector2/Vector2Absolute.cs
 0.1 kb	 0.0% Packages/com.unity.visualscripting/Runtime/VisualScripting.Flow/Framework/Math/Scalar/ScalarSubtract.cs
 0.1 kb	 0.0% Packages/com.unity.visualscripting/Runtime/VisualScripting.Flow/Framework/Math/Scalar/ScalarPerSecond.cs
 0.1 kb	 0.0% Packages/com.unity.visualscripting/Runtime/VisualScripting.Flow/Framework/Math/Scalar/ScalarNormalize.cs
 0.1 kb	 0.0% Packages/com.unity.visualscripting/Runtime/VisualScripting.Flow/Framework/Math/Scalar/ScalarMultiply.cs
 0.1 kb	 0.0% Packages/com.unity.visualscripting/Runtime/VisualScripting.Flow/Framework/Math/Scalar/ScalarMinimum.cs
 0.1 kb	 0.0% Packages/com.unity.visualscripting/Runtime/VisualScripting.Flow/Framework/Math/Scalar/ScalarMaximum.cs
 0.1 kb	 0.0% Packages/com.unity.visualscripting/Runtime/VisualScripting.Flow/Framework/Math/Scalar/ScalarAverage.cs
 0.1 kb	 0.0% Packages/com.unity.visualscripting/Runtime/VisualScripting.Flow/Framework/Math/Scalar/ScalarAbsolute.cs
 0.1 kb	 0.0% Packages/com.unity.visualscripting/Runtime/VisualScripting.Flow/Framework/Math/Generic/GenericSubtract.cs
 0.1 kb	 0.0% Packages/com.unity.visualscripting/Runtime/VisualScripting.Flow/Framework/Math/Generic/GenericMultiply.cs
 0.1 kb	 0.0% Packages/com.unity.visualscripting/Runtime/VisualScripting.Flow/Framework/Math/Generic/GenericModulo.cs
 0.1 kb	 0.0% Packages/com.unity.visualscripting/Runtime/VisualScripting.Flow/Framework/Math/Generic/GenericDivide.cs
 0.1 kb	 0.0% Packages/com.unity.visualscripting/Runtime/VisualScripting.Flow/Framework/Logic/GreaterOrEqual.cs
 0.1 kb	 0.0% Packages/com.unity.visualscripting/Runtime/VisualScripting.Flow/Framework/Graph/SetScriptGraph.cs
 0.1 kb	 0.0% Packages/com.unity.visualscripting/Runtime/VisualScripting.Flow/Framework/Graph/HasScriptGraph.cs
 0.1 kb	 0.0% Packages/com.unity.visualscripting/Runtime/VisualScripting.Flow/Framework/Graph/GetScriptGraphs.cs
 0.1 kb	 0.0% Packages/com.unity.visualscripting/Runtime/VisualScripting.Flow/Framework/Graph/GetScriptGraph.cs
 0.1 kb	 0.0% Packages/com.unity.visualscripting/Runtime/VisualScripting.Flow/Framework/Events/Time/OnTimerElapsed.cs
 0.1 kb	 0.0% Packages/com.unity.visualscripting/Runtime/VisualScripting.Flow/Framework/Events/Rendering/OnBecameVisible.cs
 0.1 kb	 0.0% Packages/com.unity.visualscripting/Runtime/VisualScripting.Flow/Framework/Events/Physics2D/OnTriggerStay2D.cs
 0.1 kb	 0.0% Packages/com.unity.visualscripting/Runtime/VisualScripting.Flow/Framework/Events/Physics2D/OnTriggerExit2D.cs
 0.1 kb	 0.0% Packages/com.unity.visualscripting/Runtime/VisualScripting.Flow/Framework/Events/Physics2D/OnTriggerEnter2D.cs
 0.1 kb	 0.0% Packages/com.unity.visualscripting/Runtime/VisualScripting.Flow/Framework/Events/Physics2D/OnJointBreak2D.cs
 0.1 kb	 0.0% Packages/com.unity.visualscripting/Runtime/VisualScripting.Flow/Framework/Events/Physics/TriggerEventUnit.cs
 0.1 kb	 0.0% Packages/com.unity.visualscripting/Runtime/VisualScripting.Flow/Framework/Events/Physics/OnTriggerStay.cs
 0.1 kb	 0.0% Packages/com.unity.visualscripting/Runtime/VisualScripting.Flow/Framework/Events/Physics/OnTriggerExit.cs
 0.1 kb	 0.0% Packages/com.unity.visualscripting/Runtime/VisualScripting.Flow/Framework/Events/Physics/OnTriggerEnter.cs
 0.1 kb	 0.0% Packages/com.unity.visualscripting/Runtime/VisualScripting.Flow/Framework/Events/Physics/OnCollisionStay.cs
 0.1 kb	 0.0% Packages/com.unity.visualscripting/Runtime/VisualScripting.Flow/Framework/Events/Physics/OnCollisionExit.cs
 0.1 kb	 0.0% Packages/com.unity.visualscripting/Runtime/VisualScripting.Flow/Framework/Events/Physics/OnCollisionEnter.cs
 0.1 kb	 0.0% Packages/com.unity.visualscripting/Runtime/VisualScripting.Flow/Framework/Events/Input/OnKeyboardInput.cs
 0.1 kb	 0.0% Packages/com.unity.visualscripting/Runtime/VisualScripting.Flow/Framework/Events/Input/OnButtonInput.cs
 0.1 kb	 0.0% Packages/com.unity.visualscripting/Runtime/VisualScripting.Flow/Framework/Events/Input/IMouseEventUnit.cs
 0.1 kb	 0.0% Packages/com.unity.visualscripting/Runtime/VisualScripting.Flow/Framework/Events/GUI/PointerEventUnit.cs
 0.1 kb	 0.0% Packages/com.unity.visualscripting/Runtime/VisualScripting.Flow/Framework/Events/GUI/OnPointerExit.cs
 0.1 kb	 0.0% Packages/com.unity.visualscripting/Runtime/VisualScripting.Flow/Framework/Events/GUI/OnPointerEnter.cs
 0.1 kb	 0.0% Packages/com.unity.visualscripting/Runtime/VisualScripting.Flow/Framework/Events/GUI/OnPointerDown.cs
 0.1 kb	 0.0% Packages/com.unity.visualscripting/Runtime/VisualScripting.Flow/Framework/Events/GUI/OnPointerClick.cs
 0.1 kb	 0.0% Packages/com.unity.visualscripting/Runtime/VisualScripting.Flow/Framework/Events/GUI/OnButtonClick.cs
 0.1 kb	 0.0% Packages/com.unity.visualscripting/Runtime/VisualScripting.Flow/Framework/Events/CustomEventArgs.cs
 0.1 kb	 0.0% Packages/com.unity.visualscripting/Runtime/VisualScripting.Flow/Framework/Events/BoltUnityEvent.cs
 0.1 kb	 0.0% Packages/com.unity.visualscripting/Runtime/VisualScripting.Flow/Framework/Events/Animation/OnAnimatorMove.cs
 0.1 kb	 0.0% Packages/com.unity.visualscripting/Runtime/VisualScripting.Flow/Framework/Control/SwitchOnString.cs
 0.1 kb	 0.0% Packages/com.unity.visualscripting/Runtime/VisualScripting.Flow/Framework/Control/SwitchOnInteger.cs
 0.1 kb	 0.0% Packages/com.unity.visualscripting/Runtime/VisualScripting.Flow/Framework/Control/SelectOnString.cs
 0.1 kb	 0.0% Packages/com.unity.visualscripting/Runtime/VisualScripting.Flow/Framework/Control/SelectOnInteger.cs
 0.1 kb	 0.0% Packages/com.unity.visualscripting/Runtime/VisualScripting.Flow/Framework/Collections/Lists/RemoveListItemAt.cs
 0.1 kb	 0.0% Packages/com.unity.visualscripting/Runtime/VisualScripting.Flow/Framework/Collections/Lists/RemoveListItem.cs
 0.1 kb	 0.0% Packages/com.unity.visualscripting/Runtime/VisualScripting.Flow/Framework/Collections/Lists/ListContainsItem.cs
 0.1 kb	 0.0% Packages/com.unity.visualscripting/Runtime/VisualScripting.Flow/Framework/Collections/Lists/InsertListItem.cs
 0.1 kb	 0.0% Packages/com.unity.visualscripting/Runtime/VisualScripting.Flow/Framework/Collections/Dictionaries/CreateDictionary.cs
 0.1 kb	 0.0% Packages/com.unity.visualscripting/Runtime/VisualScripting.Flow/Framework/Collections/Dictionaries/ClearDictionary.cs
 0.1 kb	 0.0% Packages/com.unity.visualscripting/Runtime/VisualScripting.Flow/FlowGraphData.cs
 0.1 kb	 0.0% Packages/com.unity.visualscripting/Runtime/VisualScripting.Flow/EditorBinding/PortKeyAttribute.cs
 0.1 kb	 0.0% Packages/com.unity.visualscripting/Runtime/VisualScripting.Flow/Connections/ValueConnection.cs
 0.1 kb	 0.0% Packages/com.unity.visualscripting/Runtime/VisualScripting.Flow/Connections/IUnitRelation.cs
 0.1 kb	 0.0% Packages/com.unity.visualscripting/Runtime/VisualScripting.Flow/Connections/IUnitConnection.cs
 0.1 kb	 0.0% Packages/com.unity.visualscripting/Runtime/VisualScripting.Core/Variables/VariablesSaver.cs
 0.1 kb	 0.0% Packages/com.unity.visualscripting/Runtime/VisualScripting.Core/Variables/VariablesAsset.cs
 0.1 kb	 0.0% Packages/com.unity.visualscripting/Runtime/VisualScripting.Core/Variables/SceneVariables.cs
 0.1 kb	 0.0% Packages/com.unity.visualscripting/Runtime/VisualScripting.Core/Variables/SavedVariables.cs
 0.1 kb	 0.0% Packages/com.unity.visualscripting/Runtime/VisualScripting.Core/Variables/ObjectVariables.cs
 0.1 kb	 0.0% Packages/com.unity.visualscripting/Runtime/VisualScripting.Core/Utilities/StringUtility.cs
 0.1 kb	 0.0% Packages/com.unity.visualscripting/Runtime/VisualScripting.Core/Utilities/IInitializable.cs
 0.1 kb	 0.0% Packages/com.unity.visualscripting/Runtime/VisualScripting.Core/Utilities/IIdentifiable.cs
 0.1 kb	 0.0% Packages/com.unity.visualscripting/Runtime/VisualScripting.Core/Utilities/ExceptionUtility.cs
 0.1 kb	 0.0% Packages/com.unity.visualscripting/Runtime/VisualScripting.Core/Utilities/CoroutineRunner.cs
 0.1 kb	 0.0% Packages/com.unity.visualscripting/Runtime/VisualScripting.Core/Unity/LudiqBehaviour.cs
 0.1 kb	 0.0% Packages/com.unity.visualscripting/Runtime/VisualScripting.Core/Serialization/Serialization.cs
 0.1 kb	 0.0% Packages/com.unity.visualscripting/Runtime/VisualScripting.Core/Serialization/SerializableType.cs
 0.1 kb	 0.0% Packages/com.unity.visualscripting/Runtime/VisualScripting.Core/Serialization/DictionaryAsset.cs
 0.1 kb	 0.0% Packages/com.unity.visualscripting/Runtime/VisualScripting.Core/Serialization/Converters/Ray2DConverter.cs
 0.1 kb	 0.0% Packages/com.unity.visualscripting/Runtime/VisualScripting.Core/Reflection/RuntimeCodebase.cs
 0.1 kb	 0.0% Packages/com.unity.visualscripting/Runtime/VisualScripting.Core/Reflection/Operators/OperatorUtility.cs
 0.1 kb	 0.0% Packages/com.unity.visualscripting/Runtime/VisualScripting.Core/Reflection/Operators/OperatorHandler.cs
 0.1 kb	 0.0% Packages/com.unity.visualscripting/Runtime/VisualScripting.Core/Reflection/Operators/ModuloHandler.cs
 0.1 kb	 0.0% Packages/com.unity.visualscripting/Runtime/VisualScripting.Core/Reflection/Operators/LessThanHandler.cs
 0.1 kb	 0.0% Packages/com.unity.visualscripting/Runtime/VisualScripting.Core/Reflection/Operators/LeftShiftHandler.cs
 0.1 kb	 0.0% Packages/com.unity.visualscripting/Runtime/VisualScripting.Core/Reflection/Operators/IncrementHandler.cs
 0.1 kb	 0.0% Packages/com.unity.visualscripting/Runtime/VisualScripting.Core/Reflection/Operators/EqualityHandler.cs
 0.1 kb	 0.0% Packages/com.unity.visualscripting/Runtime/VisualScripting.Core/Reflection/Operators/DivisionHandler.cs
 0.1 kb	 0.0% Packages/com.unity.visualscripting/Runtime/VisualScripting.Core/Reflection/Operators/DecrementHandler.cs
 0.1 kb	 0.0% Packages/com.unity.visualscripting/Runtime/VisualScripting.Core/Reflection/Operators/AdditionHandler.cs
 0.1 kb	 0.0% Packages/com.unity.visualscripting/Runtime/VisualScripting.Core/Reflection/MemberUtility.cs
 0.1 kb	 0.0% Packages/com.unity.visualscripting/Runtime/VisualScripting.Core/Reflection/AttributeUtility.cs
 0.1 kb	 0.0% Packages/com.unity.visualscripting/Runtime/VisualScripting.Core/Profiling/ProfilingUtility.cs
 0.1 kb	 0.0% Packages/com.unity.visualscripting/Runtime/VisualScripting.Core/Profiling/ProfilingScope.cs
 0.1 kb	 0.0% Packages/com.unity.visualscripting/Runtime/VisualScripting.Core/Profiling/ProfiledSegment.cs
 0.1 kb	 0.0% Packages/com.unity.visualscripting/Runtime/VisualScripting.Core/Platforms/PlatformUtility.cs
 0.1 kb	 0.0% Packages/com.unity.visualscripting/Runtime/VisualScripting.Core/Platforms/IAotStubbable.cs
 0.1 kb	 0.0% Packages/com.unity.visualscripting/Runtime/VisualScripting.Core/Listeners/MessageListener.cs
 0.1 kb	 0.0% Packages/com.unity.visualscripting/Runtime/VisualScripting.Core/Graphs/IGraphElement.cs
 0.1 kb	 0.0% Packages/com.unity.visualscripting/Runtime/VisualScripting.Core/Graphs/IGraphDebugData.cs
 0.1 kb	 0.0% Packages/com.unity.visualscripting/Runtime/VisualScripting.Core/Graphs/GraphReference.cs
 0.1 kb	 0.0% Packages/com.unity.visualscripting/Runtime/VisualScripting.Core/Graphs/GraphInstances.cs
 0.1 kb	 0.0% Packages/com.unity.visualscripting/Runtime/VisualScripting.Core/Graphs/GraphDebugData.cs
 0.1 kb	 0.0% Packages/com.unity.visualscripting/Runtime/VisualScripting.Core/Events/IEventMachine.cs
 0.1 kb	 0.0% Packages/com.unity.visualscripting/Runtime/VisualScripting.Core/Events/EmptyEventArgs.cs
 0.1 kb	 0.0% Packages/com.unity.visualscripting/Runtime/VisualScripting.Core/Ensure/EnsureThat.Strings.cs
 0.1 kb	 0.0% Packages/com.unity.visualscripting/Runtime/VisualScripting.Core/Ensure/EnsureThat.Objects.cs
 0.1 kb	 0.0% Packages/com.unity.visualscripting/Runtime/VisualScripting.Core/Ensure/EnsureThat.Booleans.cs
 0.1 kb	 0.0% Packages/com.unity.visualscripting/Runtime/VisualScripting.Core/EditorBinding/TypeSetAttribute.cs
 0.1 kb	 0.0% Packages/com.unity.visualscripting/Runtime/VisualScripting.Core/Decorators/ValueAttribute.cs
 0.1 kb	 0.0% Packages/com.unity.visualscripting/Runtime/VisualScripting.Core/Collections/AotDictionary.cs
 0.1 kb	 0.0% Packages/com.unity.visualscripting/Runtime/VisualScripting.Core/Cloning/ISpecifiesCloner.cs
 0.1 kb	 0.0% Packages/com.unity.visualscripting/Runtime/VisualScripting.Core/Cloning/CloningContext.cs
 0.1 kb	 0.0% Packages/com.unity.visualscripting/Runtime/VisualScripting.Core/Cloning/Cloners/ReflectedCloner.cs
 0.1 kb	 0.0% Packages/com.unity.visualscripting/Runtime/VisualScripting.Core/Cloning/Cloners/GradientCloner.cs
 0.1 kb	 0.0% Packages/com.unity.visualscripting/Runtime/VisualScripting.Core/Cloning/Cloners/EnumerableCloner.cs
 0.1 kb	 0.0% Packages/com.unity.visualscripting/Runtime/VisualScripting.Core/Cloning/Cloners/DictionaryCloner.cs
 0.1 kb	 0.0% Packages/com.unity.timeline/Runtime/Utilities/TimelineCreateUtilities.cs
 0.1 kb	 0.0% Packages/com.unity.timeline/Runtime/Utilities/TimelineClipExtensions.cs
 0.1 kb	 0.0% Packages/com.unity.timeline/Runtime/Utilities/NotificationUtilities.cs
 0.1 kb	 0.0% Packages/com.unity.timeline/Runtime/Playables/PrefabControlPlayable.cs
 0.1 kb	 0.0% Packages/com.unity.timeline/Runtime/Playables/ParticleControlPlayable.cs
 0.1 kb	 0.0% Packages/com.unity.timeline/Runtime/Playables/DirectorControlPlayable.cs
 0.1 kb	 0.0% Packages/com.unity.timeline/Runtime/Events/Signals/CustomSignalEventDrawer.cs
 0.1 kb	 0.0% Packages/com.unity.timeline/Runtime/Attributes/TimelineHelpURLAttribute.cs
 0.1 kb	 0.0% Packages/com.unity.timeline/Runtime/Animation/AnimationPlayableAsset.cs
 0.1 kb	 0.0% Packages/com.unity.timeline/Runtime/Activation/ActivationPlayableAsset.cs
 0.1 kb	 0.0% Packages/com.unity.timeline/Runtime/Activation/ActivationMixerPlayable.cs
 0.1 kb	 0.0% Packages/com.unity.textmeshpro/Scripts/Runtime/TMP_ScrollbarEventHandler.cs
 0.1 kb	 0.0% Packages/com.unity.textmeshpro/Scripts/Runtime/TMP_PackageResourceImporter.cs
 0.1 kb	 0.0% Packages/com.unity.textmeshpro/Scripts/Runtime/TMP_EditorResourceManager.cs
 0.1 kb	 0.0% Packages/com.unity.test-framework/UnityEngine.TestRunner/Utils/StacktraceFilter.cs
 0.1 kb	 0.0% Packages/com.unity.test-framework/UnityEngine.TestRunner/Utils/IPrebuildSceneSetup.cs
 0.1 kb	 0.0% Packages/com.unity.test-framework/UnityEngine.TestRunner/Utils/CoroutineRunner.cs
 0.1 kb	 0.0% Packages/com.unity.test-framework/UnityEngine.TestRunner/Utils/AssemblyProvider/IAssemblyWrapper.cs
 0.1 kb	 0.0% Packages/com.unity.test-framework/UnityEngine.TestRunner/Utils/AssemblyProvider/AssemblyWrapper.cs
 0.1 kb	 0.0% Packages/com.unity.render-pipelines.core/Runtime/Volume/VolumeStack.cs
 0.1 kb	 0.0% Packages/com.unity.render-pipelines.core/Runtime/Utilities/TextureCurve.cs
 0.1 kb	 0.0% Packages/com.unity.render-pipelines.core/Runtime/Utilities/MeshGizmo.cs
 0.1 kb	 0.0% Packages/com.unity.render-pipelines.core/Runtime/Utilities/HashFNV1A32.cs
 0.1 kb	 0.0% Packages/com.unity.render-pipelines.core/Runtime/Utilities/HableCurve.cs
 0.1 kb	 0.0% Packages/com.unity.render-pipelines.core/Runtime/Utilities/CoreUtils.cs
 0.1 kb	 0.0% Packages/com.unity.render-pipelines.core/Runtime/Utilities/ColorUtils.cs
 0.1 kb	 0.0% Packages/com.unity.render-pipelines.core/Runtime/Textures/TextureXR.cs
 0.1 kb	 0.0% Packages/com.unity.render-pipelines.core/Runtime/Textures/RTHandles.cs
 0.1 kb	 0.0% Packages/com.unity.render-pipelines.core/Runtime/ShaderLibrary/Sampling/Hammersley.cs
 0.1 kb	 0.0% Packages/com.unity.render-pipelines.core/Runtime/Lighting/ProbeVolume/ProbeVolume.cs
 0.1 kb	 0.0% Packages/com.unity.render-pipelines.core/Runtime/Debugging/Prefabs/Scripts/UIFoldout.cs
 0.1 kb	 0.0% Packages/com.unity.render-pipelines.core/Runtime/Debugging/DebugUpdater.cs
 0.1 kb	 0.0% Packages/com.unity.render-pipelines.core/Runtime/Debugging/DebugUI.Panel.cs
 0.1 kb	 0.0% Packages/com.unity.render-pipelines.core/Runtime/Debugging/DebugUI.Fields.cs
 0.1 kb	 0.0% Packages/com.unity.render-pipelines.core/Runtime/Debugging/DebugShapes.cs
 0.1 kb	 0.0% Packages/com.unity.render-pipelines.core/Runtime/Debugging/DebugManager.cs
 0.1 kb	 0.0% Packages/com.unity.render-pipelines.core/Runtime/Common/XRGraphics.cs
 0.1 kb	 0.0% Packages/com.unity.render-pipelines.core/Runtime/Camera/FreeCamera.cs
 0.1 kb	 0.0% Packages/com.unity.profiling.core/Runtime/ProfilerMarkerExtensions.cs
 0.1 kb	 0.0% Packages/com.unity.mathematics/Unity.Mathematics/PropertyAttributes.cs
 0.1 kb	 0.0% Packages/com.unity.collections/Unity.Collections/UnsafeRingQueue.cs
 0.1 kb	 0.0% Packages/com.unity.collections/Unity.Collections/FixedStringParseMethods.cs
 0.1 kb	 0.0% Packages/com.unity.collections/Unity.Collections/FixedStringAppendMethods.cs
 0.1 kb	 0.0% Assets/YooAsset/Samples/Mini Game/Runtime/WechatFileSystem/Operation/WXFSLoadPackageManifestOperation.cs
 0.1 kb	 0.0% Assets/YooAsset/Samples/Mini Game/Runtime/WechatFileSystem/Operation/WXFSClearUnusedBundleFilesAsync.cs
 0.1 kb	 0.0% Assets/YooAsset/Samples/Mini Game/Runtime/WechatFileSystem/Operation/WXFSClearAllBundleFilesOperation.cs
 0.1 kb	 0.0% Assets/YooAsset/Samples/Extension Sample/Runtime/ExtensionOperation/GetCacheBundleSizeOperation.cs
 0.1 kb	 0.0% Assets/YooAsset/Samples/Extension Sample/Runtime/ExtensionOperation/CopyBuildinManifestOperation.cs
 0.1 kb	 0.0% Assets/Plugins/UniTask/Runtime/Linq/UnityExtensions/EveryValueChanged.cs
 0.1 kb	 0.0% Assets/Plugins/UniTask/Runtime/Linq/TakeUntilCanceled.cs
 0.1 kb	 0.0% Assets/Plugins/UniTask/Runtime/Linq/SkipUntilCanceled.cs
 0.1 kb	 0.0% Assets/Plugins/UniTask/Runtime/Linq/DistinctUntilChanged.cs
 0.1 kb	 0.0% Packages/com.unity.visualscripting/Runtime/VisualScripting.Core/Ensure/EnsureThat.Types.cs
 0.1 kb	 0.0% Packages/com.unity.visualscripting/Runtime/VisualScripting.Core/Ensure/EnsureThat.Guids.cs
 0.1 kb	 0.0% Packages/com.unity.visualscripting/Runtime/VisualScripting.Core/Dependencies/FullSerializer/fsResult.cs
 0.1 kb	 0.0% Packages/com.unity.visualscripting/Runtime/VisualScripting.Core/Dependencies/FullSerializer/fsData.cs
 0.1 kb	 0.0% Packages/com.unity.visualscripting/Runtime/VisualScripting.Core/Dependencies/FullSerializer/fsConfig.cs
 0.1 kb	 0.0% Packages/com.unity.ugui/Runtime/UI/Core/Utility/ReflectionMethodsCache.cs
 0.1 kb	 0.0% Packages/com.unity.ugui/Runtime/UI/Core/MultipleDisplayUtilities.cs
 0.1 kb	 0.0% Packages/com.unity.ugui/Runtime/UI/Core/Layout/HorizontalLayoutGroup.cs
 0.1 kb	 0.0% Packages/com.unity.ugui/Runtime/UI/Core/IGraphicEnabledDisabled.cs
 0.1 kb	 0.0% Packages/com.unity.ugui/Runtime/UI/Core/GraphicRebuildTracker.cs
 0.1 kb	 0.0% Packages/com.unity.ugui/Runtime/UI/Core/Culling/RectangularVertexClipper.cs
 0.1 kb	 0.0% Packages/com.unity.ugui/Runtime/EventSystem/UIElements/PanelEventHandler.cs
 0.1 kb	 0.0% Packages/com.unity.ugui/Runtime/EventSystem/Raycasters/Physics2DRaycaster.cs
 0.1 kb	 0.0% Packages/com.unity.ugui/Runtime/EventSystem/InputModules/PointerInputModule.cs
 0.1 kb	 0.0% Packages/com.unity.timeline/Runtime/TimelineAttributes.cs
 0.1 kb	 0.0% Packages/com.unity.timeline/Runtime/Playables/BasicScriptPlayable.cs
 0.1 kb	 0.0% Packages/com.unity.test-framework/UnityEngine.TestRunner/Utils/ITestRunCallback.cs
 0.1 kb	 0.0% Packages/com.unity.test-framework/UnityEngine.TestRunner/Utils/AttributeHelper.cs
 0.1 kb	 0.0% Packages/com.unity.test-framework/UnityEngine.TestRunner/NUnitExtensions/Attributes/TestEnumerator.cs
 0.1 kb	 0.0% Packages/com.unity.test-framework/UnityEngine.TestRunner/Assertions/LogScope/ILogScope.cs
 0.1 kb	 0.0% Packages/com.unity.render-pipelines.universal/Editor/ShaderGUI/MaterialAssemblyReference/RawRenderQueue.cs
 0.1 kb	 0.0% Packages/com.unity.render-pipelines.core/ShaderLibrary/DummyShaderLibrary.cs
 0.1 kb	 0.0% Packages/com.unity.render-pipelines.core/Runtime/Utilities/BitArray.cs
 0.1 kb	 0.0% Packages/com.unity.render-pipelines.core/Runtime/Inputs/InputRegistering.cs
 0.1 kb	 0.0% Packages/com.unity.collections/Unity.Collections/UnsafeText.cs
 0.1 kb	 0.0% Packages/com.unity.collections/Unity.Collections/UnsafeStream.cs
 0.1 kb	 0.0% Packages/com.unity.collections/Unity.Collections/UnsafeList.cs
 0.1 kb	 0.0% Packages/com.unity.collections/Unity.Collections/RewindableAllocator.cs
 0.1 kb	 0.0% Packages/com.unity.collections/Unity.Collections/FixedStringMethods.cs
 0.1 kb	 0.0% Packages/com.unity.collections/Unity.Collections/Deprecated.cs
 0.1 kb	 0.0% Packages/com.unity.cinemachine/Runtime/Impulse/CinemachineImpulseManager.cs
 0.1 kb	 0.0% Packages/com.unity.cinemachine/Runtime/Impulse/CinemachineImpulseListener.cs
 0.1 kb	 0.0% Packages/com.unity.cinemachine/Runtime/Impulse/CinemachineImpulseDefinition.cs
 0.1 kb	 0.0% Packages/com.unity.cinemachine/Runtime/Core/UnityVectorExtensions.cs
 0.1 kb	 0.0% Packages/com.unity.cinemachine/Runtime/Core/CinemachineVirtualCameraBase.cs
 0.1 kb	 0.0% Packages/com.unity.cinemachine/Runtime/Core/CinemachinePropertyAttribute.cs
 0.1 kb	 0.0% Packages/com.unity.cinemachine/Runtime/Core/CinemachineInputAxisDriver.cs
 0.1 kb	 0.0% Packages/com.unity.cinemachine/Runtime/Core/CinemachineBlenderSettings.cs
 0.1 kb	 0.0% Packages/com.unity.cinemachine/Runtime/Components/CinemachineOrbitalTransposer.cs
 0.1 kb	 0.0% Packages/com.unity.cinemachine/Runtime/Components/CinemachineHardLockToTarget.cs
 0.1 kb	 0.0% Packages/com.unity.cinemachine/Runtime/Components/CinemachineFramingTransposer.cs
 0.1 kb	 0.0% Packages/com.unity.cinemachine/Runtime/Components/Cinemachine3rdPersonFollow.cs
 0.1 kb	 0.0% Packages/com.unity.cinemachine/Runtime/Behaviours/CinemachineStateDrivenCamera.cs
 0.1 kb	 0.0% Packages/com.unity.cinemachine/Runtime/Behaviours/CinemachineExternalCamera.cs
 0.1 kb	 0.0% Packages/com.unity.cinemachine/Runtime/Behaviours/CinemachineBlendListCamera.cs
 0.1 kb	 0.0% Packages/com.unity.burst/Runtime/CompilerServices/AssumeRangeAttribute.cs
 0.1 kb	 0.0% Assets/YooAsset/Runtime/ResourcePackage/Operation/UpdatePackageManifestOperation.cs
 0.1 kb	 0.0% Assets/YooAsset/Runtime/ResourcePackage/Operation/RequestPackageVersionOperation.cs
 0.1 kb	 0.0% Assets/YooAsset/Runtime/FileSystem/Operation/FSRequestPackageVersionOperation.cs
 0.1 kb	 0.0% Assets/YooAsset/Runtime/FileSystem/Operation/FSLoadPackageManifestOperation.cs
 0.1 kb	 0.0% Assets/YooAsset/Runtime/FileSystem/Operation/FSInitializeFileSystemOperation.cs
 0.1 kb	 0.0% Assets/YooAsset/Runtime/FileSystem/DefaultUnpackFileSystem/DefaultUnpackFileSystemDefine.cs
 0.1 kb	 0.0% Assets/YooAsset/Runtime/FileSystem/DefaultEditorFileSystem/Operation/internal/LoadEditorPackageHashOperation.cs
 0.1 kb	 0.0% Assets/YooAsset/Runtime/FileSystem/DefaultEditorFileSystem/Operation/DEFSLoadPackageManifestOperation.cs
 0.1 kb	 0.0% Assets/YooAsset/Runtime/FileSystem/DefaultEditorFileSystem/DefaultEditorFileSystemDefine.cs
 0.1 kb	 0.0% Assets/YooAsset/Runtime/FileSystem/DefaultCacheFileSystem/Operation/internal/UnityDownloadResumeFileOperation.cs
 0.1 kb	 0.0% Assets/YooAsset/Runtime/FileSystem/DefaultCacheFileSystem/Operation/internal/UnityDownloadNormalFileOperation.cs
 0.1 kb	 0.0% Assets/YooAsset/Runtime/FileSystem/DefaultCacheFileSystem/Operation/internal/UnityDownloadLocalFileOperation.cs
 0.1 kb	 0.0% Assets/YooAsset/Runtime/FileSystem/DefaultCacheFileSystem/Operation/internal/LoadCachePackageHashOperation.cs
 0.1 kb	 0.0% Assets/YooAsset/Runtime/FileSystem/DefaultCacheFileSystem/Operation/internal/DownloadPackageManifestOperation.cs
 0.1 kb	 0.0% Assets/YooAsset/Runtime/FileSystem/DefaultCacheFileSystem/Operation/internal/DownloadPackageBundleOperation.cs
 0.1 kb	 0.0% Assets/YooAsset/Runtime/FileSystem/DefaultCacheFileSystem/Operation/DCFSLoadPackageManifestOperation.cs
 0.1 kb	 0.0% Assets/YooAsset/Runtime/FileSystem/DefaultBuildinFileSystem/Operation/internal/LoadBuildinCatalogFileOperation.cs
 0.1 kb	 0.0% Assets/YooAsset/Runtime/FileSystem/DefaultBuildinFileSystem/Operation/DBFSLoadPackageManifestOperation.cs
 0.1 kb	 0.0% Assets/YooAsset/Runtime/FileSystem/DefaultBuildinFileSystem/DefaultBuildinFileSystemDefine.cs
 0.1 kb	 0.0% Assets/YooAsset/Runtime/FileSystem/BundleResult/VirtualBundleResult/Operation/VirtualBundleLoadSceneOperation.cs
 0.1 kb	 0.0% Assets/YooAsset/Runtime/FileSystem/BundleResult/VirtualBundleResult/Operation/VirtualBundleLoadAssetOperation.cs
 0.1 kb	 0.0% Assets/YooAsset/Runtime/FileSystem/BundleResult/RawBundleResult/Operation/RawBundleLoadSubAssetsOperation.cs
 0.1 kb	 0.0% Assets/YooAsset/Runtime/FileSystem/BundleResult/RawBundleResult/Operation/RawBundleLoadAllAssetsOperation.cs
 0.1 kb	 0.0% Assets/YooAsset/Runtime/FileSystem/BundleResult/AssetBundleResult/Operation/AssetBundleLoadSceneOperation.cs
 0.1 kb	 0.0% Assets/YooAsset/Runtime/FileSystem/BundleResult/AssetBundleResult/Operation/AssetBundleLoadAssetOperation.cs
 0.1 kb	 0.0% Assets/YooAsset/Runtime/DownloadSystem/Operation/Internal/UnityWebCacheRequestOperation.cs
 0.1 kb	 0.0% Assets/YooAsset/Runtime/DownloadSystem/Operation/Internal/UnityAssetBundleRequestOperation.cs
 0.1 kb	 0.0% Assets/TextMesh Pro/Examples & Extras/Scripts/TextMeshProFloatingText.cs
 0.1 kb	 0.0% Assets/TextMesh Pro/Examples & Extras/Scripts/TMPro_InstructionOverlay.cs
 0.1 kb	 0.0% Assets/TextMesh Pro/Examples & Extras/Scripts/TMP_UiFrameRateCounter.cs
 0.1 kb	 0.0% Assets/TextMesh Pro/Examples & Extras/Scripts/TMP_TextInfoDebugTool.cs
 0.1 kb	 0.0% Assets/Script/Config/PartialConfig/Config_LevelTreasurechest.Partial.cs
 0.1 kb	 0.0% Assets/Plugins/UniTask/Runtime/UnityWebRequestException.cs
 0.1 kb	 0.0% Assets/Plugins/UniTask/Runtime/UnityBindingExtensions.cs
 0.1 kb	 0.0% Assets/Plugins/UniTask/Runtime/UnityAsyncExtensions.uGUI.cs
 0.1 kb	 0.0% Assets/Plugins/UniTask/Runtime/UnityAsyncExtensions.Jobs.cs
 0.1 kb	 0.0% Assets/Plugins/UniTask/Runtime/UniTaskExtensions.Shorthand.cs
 0.1 kb	 0.0% Assets/Plugins/UniTask/Runtime/UniTaskCompletionSource.cs
 0.1 kb	 0.0% Assets/Plugins/UniTask/Runtime/UniTask.AsValueTask.cs
 0.1 kb	 0.0% Assets/Plugins/UniTask/Runtime/Triggers/AsyncStartTrigger.cs
 0.1 kb	 0.0% Assets/Plugins/UniTask/Runtime/Triggers/AsyncDestroyTrigger.cs
 0.1 kb	 0.0% Assets/Plugins/UniTask/Runtime/Triggers/AsyncAwakeTrigger.cs
 0.1 kb	 0.0% Assets/Plugins/UniTask/Runtime/Linq/DefaultIfEmpty.cs
 0.1 kb	 0.0% Assets/Plugins/UniTask/Runtime/Linq/CombineLatest.cs
 0.1 kb	 0.0% Assets/Plugins/UniTask/Runtime/Linq/AppendPrepend.cs
 0.1 kb	 0.0% Assets/Plugins/UniTask/Runtime/Internal/ContinuationQueue.cs
 0.1 kb	 0.0% Assets/Plugins/DOTween/Modules/DOTweenModuleUtils.cs
 0.1 kb	 0.0% Assets/Plugins/DOTween/Modules/DOTweenModuleSprite.cs
 0.1 kb	 0.0% Assets/Plugins/DOTween/Modules/DOTweenModulePhysics.cs
 0.1 kb	 0.0% Assets/Plugins/DOTween/Modules/DOTweenModuleAudio.cs
 0.1 kb	 0.0% Assets/Plugins/AllIn1SpriteShader/Scripts/SetGlobalTimeNew.cs
 0.1 kb	 0.0% Assets/Plugins/AllIn1SpriteShader/Demo/Scripts/Demo2AutoScroll.cs
 0.1 kb	 0.0% Packages/com.unity.visualscripting/Runtime/VisualScripting.State/SuperState.cs
 0.1 kb	 0.0% Packages/com.unity.visualscripting/Runtime/VisualScripting.State/StateUnit.cs
 0.1 kb	 0.0% Packages/com.unity.visualscripting/Runtime/VisualScripting.State/StateMachine.cs
 0.1 kb	 0.0% Packages/com.unity.visualscripting/Runtime/VisualScripting.State/StateGraph.cs
 0.1 kb	 0.0% Packages/com.unity.visualscripting/Runtime/VisualScripting.State/OnExitState.cs
 0.1 kb	 0.0% Packages/com.unity.visualscripting/Runtime/VisualScripting.State/OnEnterState.cs
 0.1 kb	 0.0% Packages/com.unity.visualscripting/Runtime/VisualScripting.State/INesterState.cs
 0.1 kb	 0.0% Packages/com.unity.visualscripting/Runtime/VisualScripting.State/FlowState.cs
 0.1 kb	 0.0% Packages/com.unity.visualscripting/Runtime/VisualScripting.Flow/UnitCategory.cs
 0.1 kb	 0.0% Packages/com.unity.visualscripting/Runtime/VisualScripting.Flow/SubgraphUnit.cs
 0.1 kb	 0.0% Packages/com.unity.visualscripting/Runtime/VisualScripting.Flow/Ports/ValueOutput.cs
 0.1 kb	 0.0% Packages/com.unity.visualscripting/Runtime/VisualScripting.Flow/Ports/ValueInput.cs
 0.1 kb	 0.0% Packages/com.unity.visualscripting/Runtime/VisualScripting.Flow/Ports/InvalidInput.cs
 0.1 kb	 0.0% Packages/com.unity.visualscripting/Runtime/VisualScripting.Flow/Ports/IUnitPort.cs
 0.1 kb	 0.0% Packages/com.unity.visualscripting/Runtime/VisualScripting.Flow/Ports/ControlInput.cs
 0.1 kb	 0.0% Packages/com.unity.visualscripting/Runtime/VisualScripting.Flow/INesterUnit.cs
 0.1 kb	 0.0% Packages/com.unity.visualscripting/Runtime/VisualScripting.Flow/Framework/Variables/SetVariable.cs
 0.1 kb	 0.0% Packages/com.unity.visualscripting/Runtime/VisualScripting.Flow/Framework/Variables/Obsolete/VariableUnit.cs
 0.1 kb	 0.0% Packages/com.unity.visualscripting/Runtime/VisualScripting.Flow/Framework/Variables/GetVariable.cs
 0.1 kb	 0.0% Packages/com.unity.visualscripting/Runtime/VisualScripting.Flow/Framework/Time/WaitForFlow.cs
 0.1 kb	 0.0% Packages/com.unity.visualscripting/Runtime/VisualScripting.Flow/Framework/Nulls/NullCoalesce.cs
 0.1 kb	 0.0% Packages/com.unity.visualscripting/Runtime/VisualScripting.Flow/Framework/Nulls/NullCheck.cs
 0.1 kb	 0.0% Packages/com.unity.visualscripting/Runtime/VisualScripting.Flow/Framework/Nesting/GraphOutput.cs
 0.1 kb	 0.0% Packages/com.unity.visualscripting/Runtime/VisualScripting.Flow/Framework/Nesting/GraphInput.cs
 0.1 kb	 0.0% Packages/com.unity.visualscripting/Runtime/VisualScripting.Flow/Framework/MissingType.cs
 0.1 kb	 0.0% Packages/com.unity.visualscripting/Runtime/VisualScripting.Flow/Framework/Math/Vector4/Vector4Sum.cs
 0.1 kb	 0.0% Packages/com.unity.visualscripting/Runtime/VisualScripting.Flow/Framework/Math/Vector4/Vector4Round.cs
 0.1 kb	 0.0% Packages/com.unity.visualscripting/Runtime/VisualScripting.Flow/Framework/Math/Vector4/Vector4Lerp.cs
 0.1 kb	 0.0% Packages/com.unity.visualscripting/Runtime/VisualScripting.Flow/Framework/Math/Vector3/Vector3Sum.cs
 0.1 kb	 0.0% Packages/com.unity.visualscripting/Runtime/VisualScripting.Flow/Framework/Math/Vector3/Vector3Round.cs
 0.1 kb	 0.0% Packages/com.unity.visualscripting/Runtime/VisualScripting.Flow/Framework/Math/Vector3/Vector3Lerp.cs
 0.1 kb	 0.0% Packages/com.unity.visualscripting/Runtime/VisualScripting.Flow/Framework/Math/Vector3/Vector3Angle.cs
 0.1 kb	 0.0% Packages/com.unity.visualscripting/Runtime/VisualScripting.Flow/Framework/Math/Vector2/Vector2Sum.cs
 0.1 kb	 0.0% Packages/com.unity.visualscripting/Runtime/VisualScripting.Flow/Framework/Math/Vector2/Vector2Round.cs
 0.1 kb	 0.0% Packages/com.unity.visualscripting/Runtime/VisualScripting.Flow/Framework/Math/Vector2/Vector2Lerp.cs
 0.1 kb	 0.0% Packages/com.unity.visualscripting/Runtime/VisualScripting.Flow/Framework/Math/Vector2/Vector2Angle.cs
 0.1 kb	 0.0% Packages/com.unity.visualscripting/Runtime/VisualScripting.Flow/Framework/Math/Scalar/ScalarSum.cs
 0.1 kb	 0.0% Packages/com.unity.visualscripting/Runtime/VisualScripting.Flow/Framework/Math/Scalar/ScalarRound.cs
 0.1 kb	 0.0% Packages/com.unity.visualscripting/Runtime/VisualScripting.Flow/Framework/Math/Scalar/ScalarRoot.cs
 0.1 kb	 0.0% Packages/com.unity.visualscripting/Runtime/VisualScripting.Flow/Framework/Math/Scalar/ScalarModulo.cs
 0.1 kb	 0.0% Packages/com.unity.visualscripting/Runtime/VisualScripting.Flow/Framework/Math/Scalar/ScalarLerp.cs
 0.1 kb	 0.0% Packages/com.unity.visualscripting/Runtime/VisualScripting.Flow/Framework/Math/Scalar/ScalarDivide.cs
 0.1 kb	 0.0% Packages/com.unity.visualscripting/Runtime/VisualScripting.Flow/Framework/Math/Generic/GenericSum.cs
 0.1 kb	 0.0% Packages/com.unity.visualscripting/Runtime/VisualScripting.Flow/Framework/Logic/LessOrEqual.cs
 0.1 kb	 0.0% Packages/com.unity.visualscripting/Runtime/VisualScripting.Flow/Framework/Logic/ExclusiveOr.cs
 0.1 kb	 0.0% Packages/com.unity.visualscripting/Runtime/VisualScripting.Flow/Framework/Logic/Comparison.cs
 0.1 kb	 0.0% Packages/com.unity.visualscripting/Runtime/VisualScripting.Flow/Framework/Events/Physics/OnJointBreak.cs
 0.1 kb	 0.0% Packages/com.unity.visualscripting/Runtime/VisualScripting.Flow/Framework/Events/Lifecycle/OnDisable.cs
 0.1 kb	 0.0% Packages/com.unity.visualscripting/Runtime/VisualScripting.Flow/Framework/Events/Lifecycle/OnDestroy.cs
 0.1 kb	 0.0% Packages/com.unity.visualscripting/Runtime/VisualScripting.Flow/Framework/Events/Lifecycle/LateUpdate.cs
 0.1 kb	 0.0% Packages/com.unity.visualscripting/Runtime/VisualScripting.Flow/Framework/Events/Lifecycle/FixedUpdate.cs
 0.1 kb	 0.0% Packages/com.unity.visualscripting/Runtime/VisualScripting.Flow/Framework/Events/Input/OnMouseUp.cs
 0.1 kb	 0.0% Packages/com.unity.visualscripting/Runtime/VisualScripting.Flow/Framework/Events/Input/OnMouseOver.cs
 0.1 kb	 0.0% Packages/com.unity.visualscripting/Runtime/VisualScripting.Flow/Framework/Events/Input/OnMouseInput.cs
 0.1 kb	 0.0% Packages/com.unity.visualscripting/Runtime/VisualScripting.Flow/Framework/Events/Input/OnMouseExit.cs
 0.1 kb	 0.0% Packages/com.unity.visualscripting/Runtime/VisualScripting.Flow/Framework/Events/Input/OnMouseEnter.cs
 0.1 kb	 0.0% Packages/com.unity.visualscripting/Runtime/VisualScripting.Flow/Framework/Events/Input/OnMouseDrag.cs
 0.1 kb	 0.0% Packages/com.unity.visualscripting/Runtime/VisualScripting.Flow/Framework/Events/Input/OnMouseDown.cs
 0.1 kb	 0.0% Packages/com.unity.visualscripting/Runtime/VisualScripting.Flow/Framework/Events/IEventUnit.cs
 0.1 kb	 0.0% Packages/com.unity.visualscripting/Runtime/VisualScripting.Flow/Framework/Events/GUI/OnPointerUp.cs
 0.1 kb	 0.0% Packages/com.unity.visualscripting/Runtime/VisualScripting.Flow/Framework/Events/GUI/OnEndDrag.cs
 0.1 kb	 0.0% Packages/com.unity.visualscripting/Runtime/VisualScripting.Flow/Framework/Events/GUI/OnDeselect.cs
 0.1 kb	 0.0% Packages/com.unity.visualscripting/Runtime/VisualScripting.Flow/Framework/Events/GUI/OnBeginDrag.cs
 0.1 kb	 0.0% Packages/com.unity.visualscripting/Runtime/VisualScripting.Flow/Framework/Events/Editor/OnDrawGizmos.cs
 0.1 kb	 0.0% Packages/com.unity.visualscripting/Runtime/VisualScripting.Flow/Framework/Events/CustomEvent.cs
 0.1 kb	 0.0% Packages/com.unity.visualscripting/Runtime/VisualScripting.Flow/Framework/Events/Animation/OnAnimatorIK.cs
 0.1 kb	 0.0% Packages/com.unity.visualscripting/Runtime/VisualScripting.Flow/Framework/Control/ToggleValue.cs
 0.1 kb	 0.0% Packages/com.unity.visualscripting/Runtime/VisualScripting.Flow/Framework/Control/ToggleFlow.cs
 0.1 kb	 0.0% Packages/com.unity.visualscripting/Runtime/VisualScripting.Flow/Framework/Control/SwitchOnEnum.cs
 0.1 kb	 0.0% Packages/com.unity.visualscripting/Runtime/VisualScripting.Flow/Framework/Control/SelectUnit_T.cs
 0.1 kb	 0.0% Packages/com.unity.visualscripting/Runtime/VisualScripting.Flow/Framework/Control/SelectUnit.cs
 0.1 kb	 0.0% Packages/com.unity.visualscripting/Runtime/VisualScripting.Flow/Framework/Control/SelectOnFlow.cs
 0.1 kb	 0.0% Packages/com.unity.visualscripting/Runtime/VisualScripting.Flow/Framework/Control/SelectOnEnum.cs
 0.1 kb	 0.0% Packages/com.unity.visualscripting/Runtime/VisualScripting.Flow/Framework/Control/ISelectUnit.cs
 0.1 kb	 0.0% Packages/com.unity.visualscripting/Runtime/VisualScripting.Flow/Framework/Control/IBranchUnit.cs
 0.1 kb	 0.0% Packages/com.unity.visualscripting/Runtime/VisualScripting.Flow/Framework/Collections/Lists/SetListItem.cs
 0.1 kb	 0.0% Packages/com.unity.visualscripting/Runtime/VisualScripting.Flow/Framework/Collections/Lists/MergeLists.cs
 0.1 kb	 0.0% Packages/com.unity.visualscripting/Runtime/VisualScripting.Flow/Framework/Collections/Lists/GetListItem.cs
 0.1 kb	 0.0% Packages/com.unity.visualscripting/Runtime/VisualScripting.Flow/Framework/Collections/Lists/CreateList.cs
 0.1 kb	 0.0% Packages/com.unity.visualscripting/Runtime/VisualScripting.Flow/Framework/Collections/Lists/ClearList.cs
 0.1 kb	 0.0% Packages/com.unity.visualscripting/Runtime/VisualScripting.Flow/Framework/Collections/Lists/AddListItem.cs
 0.1 kb	 0.0% Packages/com.unity.visualscripting/Runtime/VisualScripting.Flow/Framework/Collections/FirstItem.cs
 0.1 kb	 0.0% Packages/com.unity.visualscripting/Runtime/VisualScripting.Flow/Framework/Collections/CountItems.cs
 0.1 kb	 0.0% Packages/com.unity.visualscripting/Runtime/VisualScripting.Flow/Framework/Codebase/SetMember.cs
 0.1 kb	 0.0% Packages/com.unity.visualscripting/Runtime/VisualScripting.Flow/Framework/Codebase/MemberUnit.cs
 0.1 kb	 0.0% Packages/com.unity.visualscripting/Runtime/VisualScripting.Flow/Framework/Codebase/InvokeMember.cs
 0.1 kb	 0.0% Packages/com.unity.visualscripting/Runtime/VisualScripting.Flow/Framework/Codebase/GetMember.cs
 0.1 kb	 0.0% Packages/com.unity.visualscripting/Runtime/VisualScripting.Flow/Framework/Codebase/CreateStruct.cs
 0.1 kb	 0.0% Packages/com.unity.visualscripting/Runtime/VisualScripting.Flow/FlowGraph.cs
 0.1 kb	 0.0% Packages/com.unity.visualscripting/Runtime/VisualScripting.Flow/Connections/UnitRelation.cs
 0.1 kb	 0.0% Packages/com.unity.visualscripting/Runtime/VisualScripting.Core/Variables/Variables.cs
 0.1 kb	 0.0% Packages/com.unity.visualscripting/Runtime/VisualScripting.Core/Utilities/Recursion.cs
 0.1 kb	 0.0% Packages/com.unity.visualscripting/Runtime/VisualScripting.Core/Utilities/LinqUtility.cs
 0.1 kb	 0.0% Packages/com.unity.visualscripting/Runtime/VisualScripting.Core/Utilities/IGettable.cs
 0.1 kb	 0.0% Packages/com.unity.visualscripting/Runtime/VisualScripting.Core/Utilities/HashUtility.cs
 0.1 kb	 0.0% Packages/com.unity.visualscripting/Runtime/VisualScripting.Core/Utilities/EnumUtility.cs
 0.1 kb	 0.0% Packages/com.unity.visualscripting/Runtime/VisualScripting.Core/Unity/UnityThread.cs
 0.1 kb	 0.0% Packages/com.unity.visualscripting/Runtime/VisualScripting.Core/Unity/ISingleton.cs
 0.1 kb	 0.0% Packages/com.unity.visualscripting/Runtime/VisualScripting.Core/Unity/IGizmoDrawer.cs
 0.1 kb	 0.0% Packages/com.unity.visualscripting/Runtime/VisualScripting.Core/StickyNote/StickyNote.cs
 0.1 kb	 0.0% Packages/com.unity.visualscripting/Runtime/VisualScripting.Core/Serialization/Converters/RayConverter.cs
 0.1 kb	 0.0% Packages/com.unity.visualscripting/Runtime/VisualScripting.Core/Reflection/TypeUtility.cs
 0.1 kb	 0.0% Packages/com.unity.visualscripting/Runtime/VisualScripting.Core/Reflection/TypeFilter.cs
 0.1 kb	 0.0% Packages/com.unity.visualscripting/Runtime/VisualScripting.Core/Reflection/Optimization/InvokerBase.cs
 0.1 kb	 0.0% Packages/com.unity.visualscripting/Runtime/VisualScripting.Core/Reflection/Operators/PlusHandler.cs
 0.1 kb	 0.0% Packages/com.unity.visualscripting/Runtime/VisualScripting.Core/Reflection/Operators/OrHandler.cs
 0.1 kb	 0.0% Packages/com.unity.visualscripting/Runtime/VisualScripting.Core/Reflection/Operators/AndHandler.cs
 0.1 kb	 0.0% Packages/com.unity.visualscripting/Runtime/VisualScripting.Core/Reflection/Namespace.cs
 0.1 kb	 0.0% Packages/com.unity.visualscripting/Runtime/VisualScripting.Core/Reflection/MemberFilter.cs
 0.1 kb	 0.0% Packages/com.unity.visualscripting/Runtime/VisualScripting.Core/Reflection/IPrewarmable.cs
 0.1 kb	 0.0% Packages/com.unity.visualscripting/Runtime/VisualScripting.Core/Pooling/IPoolable.cs
 0.1 kb	 0.0% Packages/com.unity.visualscripting/Runtime/VisualScripting.Core/Groups/GraphGroup.cs
 0.1 kb	 0.0% Packages/com.unity.visualscripting/Runtime/VisualScripting.Core/Graphs/IGraphRoot.cs
 0.1 kb	 0.0% Packages/com.unity.visualscripting/Runtime/VisualScripting.Core/Graphs/IGraphParent.cs
 0.1 kb	 0.0% Packages/com.unity.visualscripting/Runtime/VisualScripting.Core/Graphs/IGraphNester.cs
 0.1 kb	 0.0% Packages/com.unity.visualscripting/Runtime/VisualScripting.Core/Graphs/IGraphNest.cs
 0.1 kb	 0.0% Packages/com.unity.visualscripting/Runtime/VisualScripting.Core/Graphs/IGraphItem.cs
 0.1 kb	 0.0% Packages/com.unity.visualscripting/Runtime/VisualScripting.Core/Graphs/IGraphData.cs
 0.1 kb	 0.0% Packages/com.unity.visualscripting/Runtime/VisualScripting.Core/Graphs/GraphStack.cs
 0.1 kb	 0.0% Packages/com.unity.visualscripting/Runtime/VisualScripting.Core/Graphs/GraphPointer.cs
 0.1 kb	 0.0% Packages/com.unity.visualscripting/Runtime/VisualScripting.Core/Exceptions/DebugUtility.cs
 0.1 kb	 0.0% Packages/com.unity.visualscripting/Runtime/VisualScripting.Core/Events/IEventGraph.cs
 0.1 kb	 0.0% Packages/com.unity.visualscripting/Runtime/VisualScripting.Core/Events/EventHooks.cs
 0.1 kb	 0.0% Packages/com.unity.visualscripting/Runtime/VisualScripting.Core/Events/EventHook.cs
 0.1 kb	 0.0% Packages/com.unity.visualscripting/Runtime/VisualScripting.Core/Ensure/Extensions/XComparable.cs
 0.1 kb	 0.0% Packages/com.unity.visualscripting/Runtime/VisualScripting.Core/Ensure/EnsureThat.cs
 0.1 kb	 0.0% Packages/com.unity.visualscripting/Runtime/VisualScripting.Core/Cloning/Cloners/ListCloner.cs
 0.1 kb	 0.0% Packages/com.unity.visualscripting/Runtime/VisualScripting.Core/Cloning/Cloners/FieldsCloner.cs
 0.1 kb	 0.0% Packages/com.unity.visualscripting/Runtime/VisualScripting.Core/Cloning/Cloners/ArrayCloner.cs
 0.1 kb	 0.0% Packages/com.unity.ugui/Runtime/UI/Animation/CoroutineTween.cs
 0.1 kb	 0.0% Packages/com.unity.ugui/Runtime/EventSystem/EventInterfaces.cs
 0.1 kb	 0.0% Packages/com.unity.timeline/Runtime/Utilities/IPropertyCollector.cs
 0.1 kb	 0.0% Packages/com.unity.timeline/Runtime/Utilities/AnimatorBindingCache.cs
 0.1 kb	 0.0% Packages/com.unity.timeline/Runtime/Playables/TimeControlPlayable.cs
 0.1 kb	 0.0% Packages/com.unity.timeline/Runtime/Evaluation/ScheduleRuntimeClip.cs
 0.1 kb	 0.0% Packages/com.unity.timeline/Runtime/Evaluation/InfiniteRuntimeClip.cs
 0.1 kb	 0.0% Packages/com.unity.timeline/Runtime/Control/ControlPlayableAsset.cs
 0.1 kb	 0.0% Packages/com.unity.timeline/Runtime/Audio/AudioPlayableAsset.cs
 0.1 kb	 0.0% Packages/com.unity.timeline/Runtime/Audio/AudioMixerProperties.cs
 0.1 kb	 0.0% Packages/com.unity.timeline/Runtime/Audio/AudioClipProperties.cs
 0.1 kb	 0.0% Packages/com.unity.timeline/Runtime/Attributes/TrackColorAttribute.cs
 0.1 kb	 0.0% Packages/com.unity.textmeshpro/Scripts/Runtime/TMPro_ExtensionMethods.cs
 0.1 kb	 0.0% Packages/com.unity.textmeshpro/Scripts/Runtime/TMP_TextParsingUtilities.cs
 0.1 kb	 0.0% Packages/com.unity.textmeshpro/Scripts/Runtime/TMP_TextElement_Legacy.cs
 0.1 kb	 0.0% Packages/com.unity.textmeshpro/Scripts/Runtime/TMP_FontAssetUtilities.cs
 0.1 kb	 0.0% Packages/com.unity.textmeshpro/Scripts/Runtime/MaterialReferenceManager.cs
 0.1 kb	 0.0% Packages/com.unity.render-pipelines.core/Runtime/Volume/Volume.cs
 0.1 kb	 0.0% Packages/com.unity.render-pipelines.core/Runtime/Volume/IVolume.cs
 0.1 kb	 0.0% Packages/com.unity.render-pipelines.core/Runtime/Utilities/XRUtils.cs
 0.1 kb	 0.0% Packages/com.unity.render-pipelines.core/Runtime/Utilities/FSRUtils.cs
 0.1 kb	 0.0% Packages/com.unity.render-pipelines.core/Runtime/Utilities/Blitter.cs
 0.1 kb	 0.0% Packages/com.unity.render-pipelines.core/Runtime/Textures/RTHandle.cs
 0.1 kb	 0.0% Packages/com.unity.render-pipelines.core/Runtime/Debugging/DebugUI.cs
 0.1 kb	 0.0% Packages/com.unity.collections/Unity.Collections/NativeQueue.cs
 0.1 kb	 0.0% Packages/com.unity.collections/Unity.Collections/FixedStringFormat.gen.cs
 0.1 kb	 0.0% Packages/com.unity.collections/Unity.Collections/Attributes.cs
 0.1 kb	 0.0% Assets/YooAsset/Samples/Mini Game/Runtime/WechatFileSystem/Operation/WXFSDownloadFileOperation.cs
 0.1 kb	 0.0% Assets/YooAsset/Samples/Extension Sample/Runtime/GameObjectAssetReference.cs
 0.1 kb	 0.0% Assets/YooAsset/Samples/Extension Sample/Runtime/ExtensionOperation/LoadGameObjectOperation.cs
 0.1 kb	 0.0% Assets/UnityWebSocket/Demo/UnityWebSocketDemo.cs
 0.1 kb	 0.0% Assets/Plugins/UniTask/Runtime/Linq/ToObservable.cs
 0.1 kb	 0.0% Assets/Plugins/UniTask/Runtime/Linq/TakeWhile.cs
 0.1 kb	 0.0% Assets/Plugins/UniTask/Runtime/Linq/TakeUntil.cs
 0.1 kb	 0.0% Assets/Plugins/UniTask/Runtime/Linq/SkipWhile.cs
 0.1 kb	 0.0% Assets/Plugins/UniTask/Runtime/Linq/SkipUntil.cs
 0.1 kb	 0.0% Assets/Plugins/UniTask/Runtime/Linq/SelectMany.cs
 0.1 kb	 0.0% Assets/Plugins/UniTask/Runtime/Linq/Intersect.cs
 0.1 kb	 0.0% Assets/Plugins/UniTask/Runtime/Linq/GroupJoin.cs
 0.1 kb	 0.0% Assets/Plugins/AllIn1SpriteShader/Scripts/Editor/RenderPipelineChecker.cs
 0.1 kb	 0.0% Packages/com.unity.ugui/Runtime/UI/Core/SetPropertyUtility.cs
 0.1 kb	 0.0% Packages/com.unity.ugui/Runtime/UI/Core/MaterialModifiers/IMaterialModifier.cs
 0.1 kb	 0.0% Packages/com.unity.ugui/Runtime/UI/Core/Layout/VerticalLayoutGroup.cs
 0.1 kb	 0.0% Packages/com.unity.ugui/Runtime/UI/Core/Layout/ContentSizeFitter.cs
 0.1 kb	 0.0% Packages/com.unity.ugui/Runtime/UI/Core/Layout/AspectRatioFitter.cs
 0.1 kb	 0.0% Packages/com.unity.ugui/Runtime/UI/Core/FontUpdateTracker.cs
 0.1 kb	 0.0% Packages/com.unity.ugui/Runtime/UI/Core/CanvasUpdateRegistry.cs
 0.1 kb	 0.0% Packages/com.unity.ugui/Runtime/UI/Core/AnimationTriggers.cs
 0.1 kb	 0.0% Packages/com.unity.ugui/Runtime/EventSystem/UIElements/PanelRaycaster.cs
 0.1 kb	 0.0% Packages/com.unity.ugui/Runtime/EventSystem/Raycasters/PhysicsRaycaster.cs
 0.1 kb	 0.0% Packages/com.unity.ugui/Runtime/EventSystem/Raycasters/BaseRaycaster.cs
 0.1 kb	 0.0% Packages/com.unity.ugui/Runtime/EventSystem/RaycasterManager.cs
 0.1 kb	 0.0% Packages/com.unity.ugui/Runtime/EventSystem/RaycastResult.cs
 0.1 kb	 0.0% Packages/com.unity.ugui/Runtime/EventSystem/InputModules/TouchInputModule.cs
 0.1 kb	 0.0% Packages/com.unity.ugui/Runtime/EventSystem/InputModules/BaseInputModule.cs
 0.1 kb	 0.0% Packages/com.unity.ugui/Runtime/EventSystem/ExecuteEvents.cs
 0.1 kb	 0.0% Packages/com.unity.ugui/Runtime/EventSystem/EventData/PointerEventData.cs
 0.1 kb	 0.0% Packages/com.unity.ugui/Runtime/EventSystem/EventData/BaseEventData.cs
 0.1 kb	 0.0% Packages/com.unity.ugui/Runtime/EventSystem/EventData/AxisEventData.cs
 0.1 kb	 0.0% Packages/com.unity.timeline/Runtime/Extensions/TrackExtensions.cs
 0.1 kb	 0.0% Packages/com.unity.timeline/Runtime/ClipCaps.cs
 0.1 kb	 0.0% Packages/com.unity.textmeshpro/Scripts/Runtime/TMP_TextProcessingStack.cs
 0.1 kb	 0.0% Packages/com.unity.textmeshpro/Scripts/Runtime/TMP_FontFeaturesCommon.cs
 0.1 kb	 0.0% Packages/com.unity.test-framework/UnityEngine.TestRunner/Assertions/LogScope/LogScope.cs
 0.1 kb	 0.0% Packages/com.unity.test-framework/UnityEngine.TestRunner/Assertions/LogScope/LogMatch.cs
 0.1 kb	 0.0% Packages/com.unity.test-framework/UnityEngine.TestRunner/Assertions/LogScope/LogEvent.cs
 0.1 kb	 0.0% Packages/com.unity.test-framework/UnityEngine.TestRunner/Assertions/LogAssert.cs
 0.1 kb	 0.0% Packages/com.unity.render-pipelines.core/Runtime/Lights/LightAnchor.cs
 0.1 kb	 0.0% Packages/com.unity.memoryprofiler/Runtime/MetadataInjector.cs
 0.1 kb	 0.0% Packages/com.unity.mathematics/Unity.Mathematics/rigid_transform.cs
 0.1 kb	 0.0% Packages/com.unity.mathematics/Unity.Mathematics/math_unity_conversion.cs
 0.1 kb	 0.0% Packages/com.unity.mathematics/Unity.Mathematics/Geometry/MinMaxAABB.cs
 0.1 kb	 0.0% Packages/com.unity.collections/Unity.Collections/xxHash3.StreamingState.cs
 0.1 kb	 0.0% Packages/com.unity.collections/Unity.Collections/NativeSort.cs
 0.1 kb	 0.0% Packages/com.unity.collections/Unity.Collections/NativeBitArray.cs
 0.1 kb	 0.0% Packages/com.unity.collections/Unity.Collections/ListExtensions.cs
 0.1 kb	 0.0% Packages/com.unity.collections/Unity.Collections/FixedStringUtils.cs
 0.1 kb	 0.0% Packages/com.unity.collections/Unity.Collections/ConcurrentMask.cs
 0.1 kb	 0.0% Packages/com.unity.collections/Unity.Collections/CollectionHelper.cs
 0.1 kb	 0.0% Packages/com.unity.collections/Unity.Collections/AllocatorManager.cs
 0.1 kb	 0.0% Packages/com.unity.cinemachine/Runtime/Impulse/CinemachineImpulseSource.cs
 0.1 kb	 0.0% Packages/com.unity.cinemachine/Runtime/Impulse/CinemachineFixedSignal.cs
 0.1 kb	 0.0% Packages/com.unity.cinemachine/Runtime/Helpers/GroupWeightManipulator.cs
 0.1 kb	 0.0% Packages/com.unity.cinemachine/Runtime/Helpers/CinemachineTriggerAction.cs
 0.1 kb	 0.0% Packages/com.unity.cinemachine/Runtime/Helpers/CinemachineInputProvider.cs
 0.1 kb	 0.0% Packages/com.unity.cinemachine/Runtime/Core/CinemachineComponentBase.cs
 0.1 kb	 0.0% Packages/com.unity.cinemachine/Runtime/Components/CinemachineTransposer.cs
 0.1 kb	 0.0% Packages/com.unity.cinemachine/Runtime/Components/CinemachineTrackedDolly.cs
 0.1 kb	 0.0% Packages/com.unity.cinemachine/Runtime/Components/CinemachineHardLookAt.cs
 0.1 kb	 0.0% Packages/com.unity.cinemachine/Runtime/Components/CinemachineGroupComposer.cs
 0.1 kb	 0.0% Packages/com.unity.cinemachine/Runtime/Behaviours/CinemachineVirtualCamera.cs
 0.1 kb	 0.0% Packages/com.unity.cinemachine/Runtime/Behaviours/CinemachineTargetGroup.cs
 0.1 kb	 0.0% Packages/com.unity.cinemachine/Runtime/Behaviours/CinemachineStoryboard.cs
 0.1 kb	 0.0% Packages/com.unity.cinemachine/Runtime/Behaviours/CinemachineSmoothPath.cs
 0.1 kb	 0.0% Packages/com.unity.cinemachine/Runtime/Behaviours/CinemachinePixelPerfect.cs
 0.1 kb	 0.0% Packages/com.unity.cinemachine/Runtime/Behaviours/CinemachineMixingCamera.cs
 0.1 kb	 0.0% Packages/com.unity.cinemachine/Runtime/Behaviours/CinemachineFollowZoom.cs
 0.1 kb	 0.0% Packages/com.unity.cinemachine/Runtime/Behaviours/CinemachineConfiner2D.cs
 0.1 kb	 0.0% Packages/com.unity.cinemachine/Runtime/Behaviours/Cinemachine3rdPersonAim.cs
 0.1 kb	 0.0% Packages/com.unity.burst/Runtime/SafeStringArrayHelper.cs
 0.1 kb	 0.0% Packages/com.unity.burst/Runtime/Editor/BurstEditorOptions.cs
 0.1 kb	 0.0% Packages/com.unity.burst/Runtime/Editor/BurstCompileTarget.cs
 0.1 kb	 0.0% Packages/com.unity.burst/Runtime/Editor/BurstAssemblyDisable.cs
 0.1 kb	 0.0% Packages/com.unity.burst/Runtime/BurstCompileAttribute.cs
 0.1 kb	 0.0% Assets/YooAsset/Runtime/ResourcePackage/Operation/PreDownloadContentOperation.cs
 0.1 kb	 0.0% Assets/YooAsset/Runtime/ResourcePackage/Operation/Internal/DeserializeManifestOperation.cs
 0.1 kb	 0.0% Assets/YooAsset/Runtime/ResourceManager/Operation/UnloadUnusedAssetsOperation.cs
 0.1 kb	 0.0% Assets/YooAsset/Runtime/FileSystem/Operation/Internal/LoadWebAssetBundleOperation.cs
 0.1 kb	 0.0% Assets/YooAsset/Runtime/FileSystem/Operation/FSClearCacheFilesOperation.cs
 0.1 kb	 0.0% Assets/YooAsset/Runtime/FileSystem/FileSystemParametersDefine.cs
 0.1 kb	 0.0% Assets/YooAsset/Runtime/FileSystem/DefaultWebServerFileSystem/Operation/DWSFSLoadBundleOperation.cs
 0.1 kb	 0.0% Assets/YooAsset/Runtime/FileSystem/DefaultWebServerFileSystem/DefaultWebServerFileSystem.cs
 0.1 kb	 0.0% Assets/YooAsset/Runtime/FileSystem/DefaultWebRemoteFileSystem/Operation/DWRFSLoadBundleOperation.cs
 0.1 kb	 0.0% Assets/YooAsset/Runtime/FileSystem/DefaultWebRemoteFileSystem/DefaultWebRemoteFileSystem.cs
 0.1 kb	 0.0% Assets/YooAsset/Runtime/FileSystem/DefaultUnpackFileSystem/DefaultUnpackRemoteServices.cs
 0.1 kb	 0.0% Assets/YooAsset/Runtime/FileSystem/DefaultCacheFileSystem/Operation/internal/VerifyCacheFilesOperation.cs
 0.1 kb	 0.0% Assets/YooAsset/Runtime/FileSystem/DefaultCacheFileSystem/Operation/internal/UnityDownloadFileOperation.cs
 0.1 kb	 0.0% Assets/YooAsset/Runtime/FileSystem/DefaultCacheFileSystem/Operation/internal/SearchCacheFilesOperation.cs
 0.1 kb	 0.0% Assets/YooAsset/Runtime/FileSystem/DefaultCacheFileSystem/Operation/internal/DownloadPackageHashOperation.cs
 0.1 kb	 0.0% Assets/YooAsset/Runtime/FileSystem/DefaultCacheFileSystem/DefaultCacheFileSystemDefine.cs
 0.1 kb	 0.0% Assets/YooAsset/Runtime/FileSystem/DefaultBuildinFileSystem/DefaultBuildinFileCatalog.cs
 0.1 kb	 0.0% Assets/YooAsset/Runtime/FileSystem/BundleResult/RawBundleResult/Operation/RawBundleLoadSceneOperation.cs
 0.1 kb	 0.0% Assets/YooAsset/Runtime/FileSystem/BundleResult/RawBundleResult/Operation/RawBundleLoadAssetOperation.cs
 0.1 kb	 0.0% Assets/YooAsset/Runtime/DownloadSystem/Operation/Internal/UnityWebTextRequestOperation.cs
 0.1 kb	 0.0% Assets/YooAsset/Runtime/DownloadSystem/Operation/Internal/UnityWebFileRequestOperation.cs
 0.1 kb	 0.0% Assets/YooAsset/Runtime/DownloadSystem/Operation/Internal/UnityWebDataRequestOperation.cs
 0.1 kb	 0.0% Assets/UnityWebSocket/Scripts/Runtime/Implementation/NoWebGL/WebSocketManager.cs
 0.1 kb	 0.0% Assets/UnityWebSocket/Scripts/Runtime/Core/OpenEventArgs.cs
 0.1 kb	 0.0% Assets/UnityWebSocket/Scripts/Runtime/Core/MessageEventArgs.cs
 0.1 kb	 0.0% Assets/UnityWebSocket/Scripts/Runtime/Core/ErrorEventArgs.cs
 0.1 kb	 0.0% Assets/UnityWebSocket/Scripts/Runtime/Core/CloseEventArgs.cs
 0.1 kb	 0.0% Assets/TextMesh Pro/Examples & Extras/Scripts/VertexColorCycler.cs
 0.1 kb	 0.0% Assets/TextMesh Pro/Examples & Extras/Scripts/TextConsoleSimulator.cs
 0.1 kb	 0.0% Assets/TextMesh Pro/Examples & Extras/Scripts/TMP_TextSelector_B.cs
 0.1 kb	 0.0% Assets/TextMesh Pro/Examples & Extras/Scripts/TMP_TextSelector_A.cs
 0.1 kb	 0.0% Assets/TextMesh Pro/Examples & Extras/Scripts/TMP_TextEventCheck.cs
 0.1 kb	 0.0% Assets/TextMesh Pro/Examples & Extras/Scripts/TMP_PhoneNumberValidator.cs
 0.1 kb	 0.0% Assets/TextMesh Pro/Examples & Extras/Scripts/TMP_FrameRateCounter.cs
 0.1 kb	 0.0% Assets/TextMesh Pro/Examples & Extras/Scripts/TMP_ExampleScript_01.cs
 0.1 kb	 0.0% Assets/TextMesh Pro/Examples & Extras/Scripts/ShaderPropAnimator.cs
 0.1 kb	 0.0% Assets/Script/Framework/UIExtend/Common/CustomOutlineDouble.cs
 0.1 kb	 0.0% Assets/Script/Config/PartialConfig/Config_OutworldLibrary.Partial.cs
 0.1 kb	 0.0% Assets/Script/Config/PartialConfig/Config_NpcitemLibrary.Partial.cs
 0.1 kb	 0.0% Assets/Script/Config/PartialConfig/Config_FighteffectBase.Partial.cs
 0.1 kb	 0.0% Assets/Script/Config/PartialConfig/Config_FightchatLibrary.Partial.cs
 0.1 kb	 0.0% Assets/Script/Config/AnalyzeConfig/Config_RandomwordComplete.cs
 0.1 kb	 0.0% Assets/Script/Config/AnalyzeConfig/Config_LevelTreasurechest.cs
 0.1 kb	 0.0% Assets/Plugins/UniTask/Runtime/UnityAsyncExtensions.cs
 0.1 kb	 0.0% Assets/Plugins/UniTask/Runtime/UniTaskExtensions.cs
 0.1 kb	 0.0% Assets/Plugins/UniTask/Runtime/TimeoutController.cs
 0.1 kb	 0.0% Assets/Plugins/UniTask/Runtime/Linq/Where.cs
 0.1 kb	 0.0% Assets/Plugins/UniTask/Runtime/Linq/Union.cs
 0.1 kb	 0.0% Assets/Plugins/UniTask/Runtime/Linq/Throw.cs
 0.1 kb	 0.0% Assets/Plugins/UniTask/Runtime/Linq/TakeLast.cs
 0.1 kb	 0.0% Assets/Plugins/UniTask/Runtime/Linq/SkipLast.cs
 0.1 kb	 0.0% Assets/Plugins/UniTask/Runtime/Linq/Single.cs
 0.1 kb	 0.0% Assets/Plugins/UniTask/Runtime/Linq/SequenceEqual.cs
 0.1 kb	 0.0% Assets/Plugins/UniTask/Runtime/Linq/Select.cs
 0.1 kb	 0.0% Assets/Plugins/UniTask/Runtime/Linq/Reverse.cs
 0.1 kb	 0.0% Assets/Plugins/UniTask/Runtime/Linq/Return.cs
 0.1 kb	 0.0% Assets/Plugins/UniTask/Runtime/Linq/Repeat.cs
 0.1 kb	 0.0% Assets/Plugins/UniTask/Runtime/Linq/Queue.cs
 0.1 kb	 0.0% Assets/Plugins/UniTask/Runtime/Linq/Publish.cs
 0.1 kb	 0.0% Assets/Plugins/UniTask/Runtime/Linq/Pairwise.cs
 0.1 kb	 0.0% Assets/Plugins/UniTask/Runtime/Linq/OrderBy.cs
 0.1 kb	 0.0% Assets/Plugins/UniTask/Runtime/Linq/OfType.cs
 0.1 kb	 0.0% Assets/Plugins/UniTask/Runtime/Linq/Never.cs
 0.1 kb	 0.0% Assets/Plugins/UniTask/Runtime/Linq/MinMax.cs
 0.1 kb	 0.0% Assets/Plugins/UniTask/Runtime/Linq/Merge.cs
 0.1 kb	 0.0% Assets/Plugins/UniTask/Runtime/Linq/GroupBy.cs
 0.1 kb	 0.0% Assets/Plugins/UniTask/Runtime/Linq/Except.cs
 0.1 kb	 0.0% Assets/Plugins/UniTask/Runtime/Linq/Empty.cs
 0.1 kb	 0.0% Assets/Plugins/UniTask/Runtime/Linq/Distinct.cs
 0.1 kb	 0.0% Assets/Plugins/UniTask/Runtime/Linq/Create.cs
 0.1 kb	 0.0% Assets/Plugins/UniTask/Runtime/Linq/Concat.cs
 0.1 kb	 0.0% Assets/Plugins/UniTask/Runtime/Linq/Buffer.cs
 0.1 kb	 0.0% Assets/Plugins/UniTask/Runtime/Internal/ValueStopwatch.cs
 0.1 kb	 0.0% Assets/Plugins/UniTask/Runtime/Internal/PlayerLoopRunner.cs
 0.1 kb	 0.0% Assets/Plugins/UniTask/Runtime/Internal/ArrayPoolUtil.cs
 0.1 kb	 0.0% Assets/Plugins/UniTask/Runtime/ExceptionExtensions.cs
 0.1 kb	 0.0% Assets/Plugins/DOTween/Modules/DOTweenModuleUI.cs
 0.1 kb	 0.0% Assets/Plugins/AllIn1SpriteShader/Scripts/SetAtlasUvs.cs
 0.1 kb	 0.0% Assets/Plugins/AllIn1SpriteShader/Scripts/RandomSeed.cs
 0.1 kb	 0.0% Assets/Plugins/AllIn1SpriteShader/Scripts/AllIn1Shader.cs
 0.1 kb	 0.0% Assets/Plugins/AllIn1SpriteShader/Demo/Scripts/DemoCamera.cs
 0.1 kb	 0.0% Packages/com.unity.visualscripting/Runtime/VisualScripting.State/State.cs
 0.1 kb	 0.0% Packages/com.unity.visualscripting/Runtime/VisualScripting.State/IState.cs
 0.1 kb	 0.0% Packages/com.unity.visualscripting/Runtime/VisualScripting.State/AnyState.cs
 0.1 kb	 0.0% Packages/com.unity.visualscripting/Runtime/VisualScripting.Flow/IUnit.cs
 0.1 kb	 0.0% Packages/com.unity.visualscripting/Runtime/VisualScripting.Flow/Framework/Time/WaitUnit.cs
 0.1 kb	 0.0% Packages/com.unity.visualscripting/Runtime/VisualScripting.Flow/Framework/Time/Timer.cs
 0.1 kb	 0.0% Packages/com.unity.visualscripting/Runtime/VisualScripting.Flow/Framework/Time/Cooldown.cs
 0.1 kb	 0.0% Packages/com.unity.visualscripting/Runtime/VisualScripting.Flow/Framework/Logic/NotEqual.cs
 0.1 kb	 0.0% Packages/com.unity.visualscripting/Runtime/VisualScripting.Flow/Framework/Logic/Negate.cs
 0.1 kb	 0.0% Packages/com.unity.visualscripting/Runtime/VisualScripting.Flow/Framework/Logic/Greater.cs
 0.1 kb	 0.0% Packages/com.unity.visualscripting/Runtime/VisualScripting.Flow/Framework/Logic/Equal.cs
 0.1 kb	 0.0% Packages/com.unity.visualscripting/Runtime/VisualScripting.Flow/Framework/Literal.cs
 0.1 kb	 0.0% Packages/com.unity.visualscripting/Runtime/VisualScripting.Flow/Framework/Formula.cs
 0.1 kb	 0.0% Packages/com.unity.visualscripting/Runtime/VisualScripting.Flow/Framework/Events/Lifecycle/Update.cs
 0.1 kb	 0.0% Packages/com.unity.visualscripting/Runtime/VisualScripting.Flow/Framework/Events/Lifecycle/Start.cs
 0.1 kb	 0.0% Packages/com.unity.visualscripting/Runtime/VisualScripting.Flow/Framework/Events/Lifecycle/OnEnable.cs
 0.1 kb	 0.0% Packages/com.unity.visualscripting/Runtime/VisualScripting.Flow/Framework/Events/GUI/OnSubmit.cs
 0.1 kb	 0.0% Packages/com.unity.visualscripting/Runtime/VisualScripting.Flow/Framework/Events/GUI/OnSelect.cs
 0.1 kb	 0.0% Packages/com.unity.visualscripting/Runtime/VisualScripting.Flow/Framework/Events/GUI/OnScroll.cs
 0.1 kb	 0.0% Packages/com.unity.visualscripting/Runtime/VisualScripting.Flow/Framework/Events/GUI/OnMove.cs
 0.1 kb	 0.0% Packages/com.unity.visualscripting/Runtime/VisualScripting.Flow/Framework/Events/GUI/OnGUI.cs
 0.1 kb	 0.0% Packages/com.unity.visualscripting/Runtime/VisualScripting.Flow/Framework/Events/GUI/OnDrop.cs
 0.1 kb	 0.0% Packages/com.unity.visualscripting/Runtime/VisualScripting.Flow/Framework/Events/GUI/OnDrag.cs
 0.1 kb	 0.0% Packages/com.unity.visualscripting/Runtime/VisualScripting.Flow/Framework/Events/GUI/OnCancel.cs
 0.1 kb	 0.0% Packages/com.unity.visualscripting/Runtime/VisualScripting.Flow/Framework/Control/While.cs
 0.1 kb	 0.0% Packages/com.unity.visualscripting/Runtime/VisualScripting.Flow/Framework/Control/TryCatch.cs
 0.1 kb	 0.0% Packages/com.unity.visualscripting/Runtime/VisualScripting.Flow/Framework/Control/Throw.cs
 0.1 kb	 0.0% Packages/com.unity.visualscripting/Runtime/VisualScripting.Flow/Framework/Control/Sequence.cs
 0.1 kb	 0.0% Packages/com.unity.visualscripting/Runtime/VisualScripting.Flow/Framework/Control/LoopUnit.cs
 0.1 kb	 0.0% Packages/com.unity.visualscripting/Runtime/VisualScripting.Flow/Framework/Control/ForEach.cs
 0.1 kb	 0.0% Packages/com.unity.visualscripting/Runtime/VisualScripting.Flow/Framework/Control/Cache.cs
 0.1 kb	 0.0% Packages/com.unity.visualscripting/Runtime/VisualScripting.Flow/Framework/Control/Break.cs
 0.1 kb	 0.0% Packages/com.unity.visualscripting/Runtime/VisualScripting.Flow/Framework/Collections/LastItem.cs
 0.1 kb	 0.0% Packages/com.unity.visualscripting/Runtime/VisualScripting.Flow/Framework/Codebase/Expose.cs
 0.1 kb	 0.0% Packages/com.unity.visualscripting/Runtime/VisualScripting.Core/Utilities/XColor.cs
 0.1 kb	 0.0% Packages/com.unity.visualscripting/Runtime/VisualScripting.Core/Reflection/TypeName.cs
 0.1 kb	 0.0% Packages/com.unity.visualscripting/Runtime/VisualScripting.Core/Reflection/Member.cs
 0.1 kb	 0.0% Packages/com.unity.visualscripting/Runtime/VisualScripting.Core/Macros/IMacro.cs
 0.1 kb	 0.0% Packages/com.unity.visualscripting/Runtime/VisualScripting.Core/Machines/IMachine.cs
 0.1 kb	 0.0% Packages/com.unity.visualscripting/Runtime/VisualScripting.Core/Graphs/IGraph.cs
 0.1 kb	 0.0% Packages/com.unity.visualscripting/Runtime/VisualScripting.Core/Graphs/Graph.cs
 0.1 kb	 0.0% Packages/com.unity.visualscripting/Runtime/VisualScripting.Core/Events/EventBus.cs
 0.1 kb	 0.0% Packages/com.unity.visualscripting/Runtime/VisualScripting.Core/Ensure/Extensions/XString.cs
 0.1 kb	 0.0% Packages/com.unity.visualscripting/Runtime/VisualScripting.Core/Ensure/Ensure.cs
 0.1 kb	 0.0% Packages/com.unity.visualscripting/Runtime/VisualScripting.Core/Collections/AotList.cs
 0.1 kb	 0.0% Packages/com.unity.visualscripting/Runtime/VisualScripting.Core/Cloning/ICloner.cs
 0.1 kb	 0.0% Packages/com.unity.visualscripting/Runtime/VisualScripting.Core/Cloning/Cloning.cs
 0.1 kb	 0.0% Packages/com.unity.timeline/Runtime/Utilities/WeightUtility.cs
 0.1 kb	 0.0% Packages/com.unity.timeline/Runtime/Utilities/IPropertyPreview.cs
 0.1 kb	 0.0% Packages/com.unity.timeline/Runtime/Utilities/Extrapolation.cs
 0.1 kb	 0.0% Packages/com.unity.timeline/Runtime/TimelinePlayable.cs
 0.1 kb	 0.0% Packages/com.unity.timeline/Runtime/TimelineAsset.cs
 0.1 kb	 0.0% Packages/com.unity.timeline/Runtime/Scripting/PlayableTrack.cs
 0.1 kb	 0.0% Packages/com.unity.timeline/Runtime/Events/Signals/SignalReceiver.cs
 0.1 kb	 0.0% Packages/com.unity.timeline/Runtime/Events/Signals/SignalEmitter.cs
 0.1 kb	 0.0% Packages/com.unity.timeline/Runtime/Evaluation/RuntimeElement.cs
 0.1 kb	 0.0% Packages/com.unity.timeline/Runtime/Evaluation/RuntimeClipBase.cs
 0.1 kb	 0.0% Packages/com.unity.timeline/Runtime/Animation/AnimationTrack.cs
 0.1 kb	 0.0% Packages/com.unity.timeline/Runtime/Activation/ActivationTrack.cs
 0.1 kb	 0.0% Packages/com.unity.textmeshpro/Scripts/Runtime/TMPro_EventManager.cs
 0.1 kb	 0.0% Packages/com.unity.textmeshpro/Scripts/Runtime/TMP_UpdateRegistery.cs
 0.1 kb	 0.0% Packages/com.unity.textmeshpro/Scripts/Runtime/TMP_UpdateManager.cs
 0.1 kb	 0.0% Packages/com.unity.textmeshpro/Scripts/Runtime/TMP_TextUtilities.cs
 0.1 kb	 0.0% Packages/com.unity.textmeshpro/Scripts/Runtime/TMP_SpriteCharacter.cs
 0.1 kb	 0.0% Packages/com.unity.textmeshpro/Scripts/Runtime/TMP_SpriteAnimator.cs
 0.1 kb	 0.0% Packages/com.unity.textmeshpro/Scripts/Runtime/TMP_SelectionCaret.cs
 0.1 kb	 0.0% Packages/com.unity.textmeshpro/Scripts/Runtime/TMP_ResourcesManager.cs
 0.1 kb	 0.0% Packages/com.unity.textmeshpro/Scripts/Runtime/TMP_MaterialManager.cs
 0.1 kb	 0.0% Packages/com.unity.textmeshpro/Scripts/Runtime/TMP_InputValidator.cs
 0.1 kb	 0.0% Packages/com.unity.textmeshpro/Scripts/Runtime/TMP_FontFeatureTable.cs
 0.1 kb	 0.0% Packages/com.unity.textmeshpro/Scripts/Runtime/TMP_DefaultControls.cs
 0.1 kb	 0.0% Packages/com.unity.textmeshpro/Scripts/Runtime/TMP_Compatibility.cs
 0.1 kb	 0.0% Packages/com.unity.textmeshpro/Scripts/Runtime/TMP_ColorGradient.cs
 0.1 kb	 0.0% Packages/com.unity.textmeshpro/Scripts/Runtime/TMP_CharacterInfo.cs
 0.1 kb	 0.0% Packages/com.unity.textmeshpro/Scripts/Runtime/ITextPreProcessor.cs
 0.1 kb	 0.0% Packages/com.unity.test-framework/UnityEngine.TestRunner/Utils/Utils.cs
 0.1 kb	 0.0% Packages/com.unity.test-framework/UnityEngine.TestRunner/Assertions/Is.cs
 0.1 kb	 0.0% Packages/com.unity.profiling.core/Runtime/ProfilerUtility.cs
 0.1 kb	 0.0% Packages/com.unity.mathematics/Unity.Mathematics/double4x4.gen.cs
 0.1 kb	 0.0% Packages/com.unity.mathematics/Unity.Mathematics/double4x3.gen.cs
 0.1 kb	 0.0% Packages/com.unity.mathematics/Unity.Mathematics/double4x2.gen.cs
 0.1 kb	 0.0% Packages/com.unity.mathematics/Unity.Mathematics/double3x4.gen.cs
 0.1 kb	 0.0% Packages/com.unity.mathematics/Unity.Mathematics/double3x3.gen.cs
 0.1 kb	 0.0% Packages/com.unity.mathematics/Unity.Mathematics/double3x2.gen.cs
 0.1 kb	 0.0% Packages/com.unity.mathematics/Unity.Mathematics/double2x4.gen.cs
 0.1 kb	 0.0% Packages/com.unity.mathematics/Unity.Mathematics/double2x3.gen.cs
 0.1 kb	 0.0% Packages/com.unity.mathematics/Unity.Mathematics/double2x2.gen.cs
 0.1 kb	 0.0% Packages/com.unity.collections/Unity.Collections/NativeText.gen.cs
 0.1 kb	 0.0% Packages/com.unity.collections/Unity.Collections/HeapString.gen.cs
 0.1 kb	 0.0% Packages/com.unity.collections/Unity.Collections/FixedString.gen.cs
 0.1 kb	 0.0% Packages/com.unity.collections/Unity.Collections/FixedList.gen.cs
 0.1 kb	 0.0% Packages/com.unity.cinemachine/Runtime/Helpers/CinemachineTouchInputMapper.cs
 0.1 kb	 0.0% Assets/YooAsset/Samples/Mini Game/Runtime/WechatFileSystem/Operation/WXFSLoadBundleOperation.cs
 0.1 kb	 0.0% Assets/YooAsset/Samples/Mini Game/Runtime/WechatFileSystem/Operation/WXFSInitializeOperation.cs
 0.1 kb	 0.0% Assets/YooAsset/Samples/Mini Game/Runtime/WechatFileSystem/BundleResult/WXAssetBundleResult.cs
 0.1 kb	 0.0% Assets/YooAsset/Samples/Mini Game/Runtime/MiniGameTest/WechatFileSystemTest.cs
 0.1 kb	 0.0% Assets/YooAsset/Samples/Extension Sample/Runtime/SpriteAtlasLoader/SpriteAtlasLoader.cs
 0.1 kb	 0.0% Assets/YooAsset/Samples/Extension Sample/Runtime/ExtensionClass/HandleBaseExtension.cs
 0.1 kb	 0.0% Assets/YooAsset/Samples/Extension Sample/Runtime/ExtensionClass/AssetHandleExtension.cs
 0.1 kb	 0.0% Assets/YooAsset/Runtime/FileSystem/DefaultCacheFileSystem/Operation/DCFSLoadBundleOperation.cs
 0.1 kb	 0.0% Assets/YooAsset/Runtime/FileSystem/DefaultBuildinFileSystem/Operation/DBFSLoadBundleOperation.cs
 0.1 kb	 0.0% Assets/Script/Framework/Core/Resource/ResourceManagerNew.cs
 0.1 kb	 0.0% Assets/Script/Fight/LevelEditor/LevelEditroManager.cs
 0.1 kb	 0.0% Assets/Script/Fight/LevelEditor/LevelEditorSaveUI.cs
 0.1 kb	 0.0% Assets/Plugins/UniTask/Runtime/UniTask.WhenAny.Generated.cs
 0.1 kb	 0.0% Assets/Plugins/UniTask/Runtime/UniTask.WhenAll.Generated.cs
 0.1 kb	 0.0% Assets/Plugins/UniTask/Runtime/Linq/Zip.cs
 0.1 kb	 0.0% Assets/Plugins/UniTask/Runtime/Linq/Take.cs
 0.1 kb	 0.0% Assets/Plugins/UniTask/Runtime/Linq/Skip.cs
 0.1 kb	 0.0% Assets/Plugins/UniTask/Runtime/Linq/Join.cs
 0.1 kb	 0.0% Assets/Plugins/UniTask/Runtime/Linq/Do.cs
 0.1 kb	 0.0% Assets/Plugins/UniTask/Runtime/Linq/Cast.cs
 0.1 kb	 0.0% Assets/Plugins/AllIn1SpriteShader/Scripts/Editor/AllIn1ShaderImporter.cs
 0.1 kb	 0.0% Packages/com.unity.ugui/Runtime/UI/Core/VertexModifiers/PositionAsUV1.cs
 0.1 kb	 0.0% Packages/com.unity.ugui/Runtime/UI/Core/VertexModifiers/IMeshModifier.cs
 0.1 kb	 0.0% Packages/com.unity.ugui/Runtime/UI/Core/VertexModifiers/BaseMeshEffect.cs
 0.1 kb	 0.0% Packages/com.unity.ugui/Runtime/UI/Core/StencilMaterial.cs
 0.1 kb	 0.0% Packages/com.unity.ugui/Runtime/UI/Core/MaskableGraphic.cs
 0.1 kb	 0.0% Packages/com.unity.ugui/Runtime/UI/Core/MaskUtilities.cs
 0.1 kb	 0.0% Packages/com.unity.ugui/Runtime/UI/Core/Layout/LayoutUtility.cs
 0.1 kb	 0.0% Packages/com.unity.ugui/Runtime/UI/Core/Layout/LayoutRebuilder.cs
 0.1 kb	 0.0% Packages/com.unity.ugui/Runtime/UI/Core/Layout/LayoutElement.cs
 0.1 kb	 0.0% Packages/com.unity.ugui/Runtime/UI/Core/Layout/ILayoutElement.cs
 0.1 kb	 0.0% Packages/com.unity.ugui/Runtime/UI/Core/Layout/GridLayoutGroup.cs
 0.1 kb	 0.0% Packages/com.unity.ugui/Runtime/UI/Core/GraphicRegistry.cs
 0.1 kb	 0.0% Packages/com.unity.ugui/Runtime/UI/Core/GraphicRaycaster.cs
 0.1 kb	 0.0% Packages/com.unity.ugui/Runtime/UI/Core/DefaultControls.cs
 0.1 kb	 0.0% Packages/com.unity.ugui/Runtime/UI/Core/Culling/ClipperRegistry.cs
 0.1 kb	 0.0% Packages/com.unity.ugui/Runtime/EventSystem/UIBehaviour.cs
 0.1 kb	 0.0% Packages/com.unity.ugui/Runtime/EventSystem/InputModules/BaseInput.cs
 0.1 kb	 0.0% Packages/com.unity.ugui/Runtime/EventSystem/EventTrigger.cs
 0.1 kb	 0.0% Packages/com.unity.ugui/Runtime/EventSystem/EventSystem.cs
 0.1 kb	 0.0% Packages/com.unity.textmeshpro/Scripts/Runtime/TMPro_MeshUtilities.cs
 0.1 kb	 0.0% Packages/com.unity.textmeshpro/Scripts/Runtime/TMP_ShaderUtilities.cs
 0.1 kb	 0.0% Packages/com.unity.textmeshpro/Scripts/Runtime/TMP_RichTextTagsCommon.cs
 0.1 kb	 0.0% Packages/com.unity.textmeshpro/Scripts/Runtime/TMP_FontAssetCommon.cs
 0.1 kb	 0.0% Packages/com.unity.mathematics/Unity.Mathematics/quaternion.cs
 0.1 kb	 0.0% Packages/com.unity.mathematics/Unity.Mathematics/Noise/classicnoise4D.cs
 0.1 kb	 0.0% Packages/com.unity.mathematics/Unity.Mathematics/Noise/classicnoise3D.cs
 0.1 kb	 0.0% Packages/com.unity.mathematics/Unity.Mathematics/Noise/classicnoise2D.cs
 0.1 kb	 0.0% Packages/com.unity.mathematics/Unity.Mathematics/Noise/cellular2x2x2.cs
 0.1 kb	 0.0% Packages/com.unity.mathematics/Unity.Mathematics/Geometry/Plane.cs
 0.1 kb	 0.0% Packages/com.unity.collections/Unity.Collections/NativeStream.cs
 0.1 kb	 0.0% Packages/com.unity.cinemachine/Runtime/Core/TargetPositionCache.cs
 0.1 kb	 0.0% Packages/com.unity.cinemachine/Runtime/Core/SplineHelpers.cs
 0.1 kb	 0.0% Packages/com.unity.cinemachine/Runtime/Core/SignalSourceAsset.cs
 0.1 kb	 0.0% Packages/com.unity.cinemachine/Runtime/Core/Predictor.cs
 0.1 kb	 0.0% Packages/com.unity.cinemachine/Runtime/Core/ICinemachineCamera.cs
 0.1 kb	 0.0% Packages/com.unity.cinemachine/Runtime/Core/CinemachinePathBase.cs
 0.1 kb	 0.0% Packages/com.unity.cinemachine/Runtime/Core/CinemachineExtension.cs
 0.1 kb	 0.0% Packages/com.unity.cinemachine/Runtime/Core/CinemachineDebug.cs
 0.1 kb	 0.0% Packages/com.unity.cinemachine/Runtime/Components/CinemachineComposer.cs
 0.1 kb	 0.0% Packages/com.unity.cinemachine/Runtime/Behaviours/CinemachinePipeline.cs
 0.1 kb	 0.0% Packages/com.unity.cinemachine/Runtime/Behaviours/CinemachineFreeLook.cs
 0.1 kb	 0.0% Packages/com.unity.cinemachine/Runtime/Behaviours/CinemachineDollyCart.cs
 0.1 kb	 0.0% Packages/com.unity.cinemachine/Runtime/Behaviours/CinemachineConfiner.cs
 0.1 kb	 0.0% Packages/com.unity.cinemachine/Runtime/Behaviours/CinemachineCollider.cs
 0.1 kb	 0.0% Packages/com.unity.cinemachine/Runtime/Behaviours/CinemachineClearShot.cs
 0.1 kb	 0.0% Packages/com.unity.burst/Runtime/Intrinsics/SimdDebugViews.cs
 0.1 kb	 0.0% Packages/com.unity.burst/Runtime/Editor/BurstReflection.cs
 0.1 kb	 0.0% Packages/com.unity.burst/Runtime/BurstCompilerOptions.cs
 0.1 kb	 0.0% Assets/YooAsset/Runtime/Services/IWebDecryptionServices.cs
 0.1 kb	 0.0% Assets/YooAsset/Runtime/Services/IManifestRestoreServices.cs
 0.1 kb	 0.0% Assets/YooAsset/Runtime/Services/IManifestProcessServices.cs
 0.1 kb	 0.0% Assets/YooAsset/Runtime/Services/ICopyLocalFileServices.cs
 0.1 kb	 0.0% Assets/YooAsset/Runtime/ResourcePackage/PlayMode/EditorSimulateModeHelper.cs
 0.1 kb	 0.0% Assets/YooAsset/Runtime/ResourcePackage/Operation/InitializationOperation.cs
 0.1 kb	 0.0% Assets/YooAsset/Runtime/ResourcePackage/Operation/ClearCacheFilesOperation.cs
 0.1 kb	 0.0% Assets/YooAsset/Runtime/ResourceManager/Operation/UnloadAllAssetsOperation.cs
 0.1 kb	 0.0% Assets/YooAsset/Runtime/ResourceManager/Operation/Internal/LoadBundleFileOperation.cs
 0.1 kb	 0.0% Assets/YooAsset/Runtime/PackageInvokeBuilder/PackageInvokeBuildResult.cs
 0.1 kb	 0.0% Assets/YooAsset/Runtime/PackageInvokeBuilder/PackageInvokeBuildParam.cs
 0.1 kb	 0.0% Assets/YooAsset/Runtime/FileSystem/Operation/FSLoadSubAssetsOperation.cs
 0.1 kb	 0.0% Assets/YooAsset/Runtime/FileSystem/Operation/FSLoadBundleOperation.cs
 0.1 kb	 0.0% Assets/YooAsset/Runtime/FileSystem/Operation/FSLoadAllAssetsOperation.cs
 0.1 kb	 0.0% Assets/YooAsset/Runtime/FileSystem/Operation/FSDownloadFileOperation.cs
 0.1 kb	 0.0% Assets/YooAsset/Runtime/FileSystem/DefaultWebServerFileSystem/Operation/DWSFSInitializeOperation.cs
 0.1 kb	 0.0% Assets/YooAsset/Runtime/FileSystem/DefaultWebRemoteFileSystem/Operation/DWRFSInitializeOperation.cs
 0.1 kb	 0.0% Assets/YooAsset/Runtime/FileSystem/DefaultUnpackFileSystem/DefaultUnpackFileSystem.cs
 0.1 kb	 0.0% Assets/YooAsset/Runtime/FileSystem/DefaultEditorFileSystem/Operation/DEFSLoadBundleOperation.cs
 0.1 kb	 0.0% Assets/YooAsset/Runtime/FileSystem/DefaultEditorFileSystem/Operation/DEFSInitializeOperation.cs
 0.1 kb	 0.0% Assets/YooAsset/Runtime/FileSystem/DefaultEditorFileSystem/DefaultEditorFileSystem.cs
 0.1 kb	 0.0% Assets/YooAsset/Runtime/FileSystem/DefaultCacheFileSystem/Operation/internal/VerifyTempFileOperation.cs
 0.1 kb	 0.0% Assets/YooAsset/Runtime/FileSystem/DefaultCacheFileSystem/Operation/internal/DownloadCenterOperation.cs
 0.1 kb	 0.0% Assets/YooAsset/Runtime/FileSystem/DefaultCacheFileSystem/Operation/DCFSInitializeOperation.cs
 0.1 kb	 0.0% Assets/YooAsset/Runtime/FileSystem/DefaultCacheFileSystem/DefaultCacheFileSystem.cs
 0.1 kb	 0.0% Assets/YooAsset/Runtime/FileSystem/DefaultBuildinFileSystem/Operation/DBFSInitializeOperation.cs
 0.1 kb	 0.0% Assets/YooAsset/Runtime/FileSystem/DefaultBuildinFileSystem/DefaultBuildinFileSystem.cs
 0.1 kb	 0.0% Assets/YooAsset/Runtime/DownloadSystem/Operation/Internal/UnityWebRequestOperation.cs
 0.1 kb	 0.0% Assets/YooAsset/Runtime/DiagnosticSystem/RemotePlayerConnection.cs
 0.1 kb	 0.0% Assets/YooAsset/Runtime/DiagnosticSystem/RemoteEditorConnection.cs
 0.1 kb	 0.0% Assets/YooAsset/Runtime/DiagnosticSystem/RemoteDebuggerInRuntime.cs
 0.1 kb	 0.0% Assets/UnityWebSocket/Scripts/Runtime/Implementation/NoWebGL/WebSocket.cs
 0.1 kb	 0.0% Assets/UnityWebSocket/Scripts/Runtime/Core/IWebSocket.cs
 0.1 kb	 0.0% Assets/TextMesh Pro/Examples & Extras/Scripts/WarpTextExample.cs
 0.1 kb	 0.0% Assets/TextMesh Pro/Examples & Extras/Scripts/TextMeshSpawner.cs
 0.1 kb	 0.0% Assets/TextMesh Pro/Examples & Extras/Scripts/TMP_TextEventHandler.cs
 0.1 kb	 0.0% Assets/TextMesh Pro/Examples & Extras/Scripts/TMP_DigitValidator.cs
 0.1 kb	 0.0% Assets/TextMesh Pro/Examples & Extras/Scripts/SkewTextExample.cs
 0.1 kb	 0.0% Assets/TextMesh Pro/Examples & Extras/Scripts/CameraController.cs
 0.1 kb	 0.0% Assets/TextMesh Pro/Examples & Extras/Scripts/Benchmark01_UGUI.cs
 0.1 kb	 0.0% Assets/Script/Platform/EditorPlatformAdapter.cs
 0.1 kb	 0.0% Assets/Script/Fight/FightEffect/FightEffect_CreateItem.cs
 0.1 kb	 0.0% Assets/Script/Fight/FightEffect/FightEffect_CreateIce.cs
 0.1 kb	 0.0% Assets/Script/Config/PartialConfig/Config_RankWujing.Partial.cs
 0.1 kb	 0.0% Assets/Script/Config/PartialConfig/Config_NpcLibrary.Partial.cs
 0.1 kb	 0.0% Assets/Script/Config/PartialConfig/Config_LevelOrder.Partial.cs
 0.1 kb	 0.0% Assets/Script/Config/PartialConfig/Config_ChapterBase.Partial.cs
 0.1 kb	 0.0% Assets/Script/Config/PartialConfig/Config_BlockColor.Partial.cs
 0.1 kb	 0.0% Assets/Script/Config/AnalyzeConfig/Config_ShareWechatImage.cs
 0.1 kb	 0.0% Assets/Script/Config/AnalyzeConfig/Config_RandomwordHarry.cs
 0.1 kb	 0.0% Assets/Script/Config/AnalyzeConfig/Config_OutworldLibrary.cs
 0.1 kb	 0.0% Assets/Script/Config/AnalyzeConfig/Config_NpcitemLibrary.cs
 0.1 kb	 0.0% Assets/Script/Config/AnalyzeConfig/Config_MechanismGuild.cs
 0.1 kb	 0.0% Assets/Script/Config/AnalyzeConfig/Config_LevelWujingModle.cs
 0.1 kb	 0.0% Assets/Script/Config/AnalyzeConfig/Config_FighteffectBase.cs
 0.1 kb	 0.0% Assets/Script/Config/AnalyzeConfig/Config_FightchatLibrary.cs
 0.1 kb	 0.0% Assets/Script/Config/AnalyzeConfig/Config_CallwordLibrary.cs
 0.1 kb	 0.0% Assets/Plugins/UniTask/Runtime/UniTaskScheduler.cs
 0.1 kb	 0.0% Assets/Plugins/UniTask/Runtime/PlayerLoopTimer.cs
 0.1 kb	 0.0% Assets/Plugins/UniTask/Runtime/PlayerLoopHelper.cs
 0.1 kb	 0.0% Assets/Plugins/UniTask/Runtime/MoveNextSource.cs
 0.1 kb	 0.0% Assets/Plugins/UniTask/Runtime/Linq/UnityExtensions/EveryUpdate.cs
 0.1 kb	 0.0% Assets/Plugins/UniTask/Runtime/Linq/ToHashSet.cs
 0.1 kb	 0.0% Assets/Plugins/UniTask/Runtime/Linq/ToDictionary.cs
 0.1 kb	 0.0% Assets/Plugins/UniTask/Runtime/Linq/Subscribe.cs
 0.1 kb	 0.0% Assets/Plugins/UniTask/Runtime/Linq/LongCount.cs
 0.1 kb	 0.0% Assets/Plugins/UniTask/Runtime/Linq/ElementAt.cs
 0.1 kb	 0.0% Assets/Plugins/UniTask/Runtime/Linq/Aggregate.cs
 0.1 kb	 0.0% Assets/Plugins/UniTask/Runtime/Internal/StatePool.cs
 0.1 kb	 0.0% Assets/Plugins/UniTask/Runtime/Internal/ArrayUtil.cs
 0.1 kb	 0.0% Assets/Plugins/UniTask/Runtime/IUniTaskSource.cs
 0.1 kb	 0.0% Assets/Plugins/AllIn1SpriteShader/Demo/Scripts/DemoItem.cs
 0.1 kb	 0.0% Packages/com.unity.visualscripting/Runtime/VisualScripting.Flow/Unit.cs
 0.1 kb	 0.0% Packages/com.unity.visualscripting/Runtime/VisualScripting.Flow/Framework/This.cs
 0.1 kb	 0.0% Packages/com.unity.visualscripting/Runtime/VisualScripting.Flow/Framework/Nulls/Null.cs
 0.1 kb	 0.0% Packages/com.unity.visualscripting/Runtime/VisualScripting.Flow/Framework/Logic/Or.cs
 0.1 kb	 0.0% Packages/com.unity.visualscripting/Runtime/VisualScripting.Flow/Framework/Logic/Less.cs
 0.1 kb	 0.0% Packages/com.unity.visualscripting/Runtime/VisualScripting.Flow/Framework/Logic/And.cs
 0.1 kb	 0.0% Packages/com.unity.visualscripting/Runtime/VisualScripting.Flow/Framework/Control/Once.cs
 0.1 kb	 0.0% Packages/com.unity.visualscripting/Runtime/VisualScripting.Flow/Framework/Control/If.cs
 0.1 kb	 0.0% Packages/com.unity.visualscripting/Runtime/VisualScripting.Flow/Framework/Control/For.cs
 0.1 kb	 0.0% Packages/com.unity.visualscripting/Runtime/VisualScripting.Flow/Flow.cs
 0.1 kb	 0.0% Packages/com.unity.timeline/Runtime/Utilities/TimelineUndo.cs
 0.1 kb	 0.0% Packages/com.unity.timeline/Runtime/Utilities/TimeUtility.cs
 0.1 kb	 0.0% Packages/com.unity.timeline/Runtime/Utilities/HashUtility.cs
 0.1 kb	 0.0% Packages/com.unity.timeline/Runtime/TrackAsset.cs
 0.1 kb	 0.0% Packages/com.unity.timeline/Runtime/TimelineClip.cs
 0.1 kb	 0.0% Packages/com.unity.timeline/Runtime/Playables/ITimeControl.cs
 0.1 kb	 0.0% Packages/com.unity.timeline/Runtime/ILayerable.cs
 0.1 kb	 0.0% Packages/com.unity.timeline/Runtime/GroupTrack.cs
 0.1 kb	 0.0% Packages/com.unity.timeline/Runtime/Events/Signals/SignalAsset.cs
 0.1 kb	 0.0% Packages/com.unity.timeline/Runtime/Events/SignalTrack.cs
 0.1 kb	 0.0% Packages/com.unity.timeline/Runtime/Events/MarkerTrack.cs
 0.1 kb	 0.0% Packages/com.unity.timeline/Runtime/Events/MarkerList.cs
 0.1 kb	 0.0% Packages/com.unity.timeline/Runtime/Evaluation/RuntimeClip.cs
 0.1 kb	 0.0% Packages/com.unity.timeline/Runtime/Evaluation/IntervalTree.cs
 0.1 kb	 0.0% Packages/com.unity.timeline/Runtime/DiscreteTime.cs
 0.1 kb	 0.0% Packages/com.unity.timeline/Runtime/Control/ControlTrack.cs
 0.1 kb	 0.0% Packages/com.unity.timeline/Runtime/Audio/AudioTrack.cs
 0.1 kb	 0.0% Packages/com.unity.timeline/Runtime/AssetUpgrade/ClipUpgrade.cs
 0.1 kb	 0.0% Packages/com.unity.timeline/Runtime/Animation/ICurvesOwner.cs
 0.1 kb	 0.0% Packages/com.unity.textmeshpro/Scripts/Runtime/TextMeshProUGUI.cs
 0.1 kb	 0.0% Packages/com.unity.textmeshpro/Scripts/Runtime/TextContainer.cs
 0.1 kb	 0.0% Packages/com.unity.textmeshpro/Scripts/Runtime/TMP_TextElement.cs
 0.1 kb	 0.0% Packages/com.unity.textmeshpro/Scripts/Runtime/TMP_SubMeshUI.cs
 0.1 kb	 0.0% Packages/com.unity.textmeshpro/Scripts/Runtime/TMP_StyleSheet.cs
 0.1 kb	 0.0% Packages/com.unity.textmeshpro/Scripts/Runtime/TMP_SpriteGlyph.cs
 0.1 kb	 0.0% Packages/com.unity.textmeshpro/Scripts/Runtime/TMP_SpriteAsset.cs
 0.1 kb	 0.0% Packages/com.unity.textmeshpro/Scripts/Runtime/TMP_InputField.cs
 0.1 kb	 0.0% Packages/com.unity.textmeshpro/Scripts/Runtime/TMP_FontAsset.cs
 0.1 kb	 0.0% Packages/com.unity.textmeshpro/Scripts/Runtime/TMP_CoroutineTween.cs
 0.1 kb	 0.0% Packages/com.unity.textmeshpro/Scripts/Runtime/TMP_Character.cs
 0.1 kb	 0.0% Packages/com.unity.render-pipelines.universal/Shaders/Shaders.cs
 0.1 kb	 0.0% Packages/com.unity.mathematics/Unity.Mathematics/uint4x4.gen.cs
 0.1 kb	 0.0% Packages/com.unity.mathematics/Unity.Mathematics/uint4x3.gen.cs
 0.1 kb	 0.0% Packages/com.unity.mathematics/Unity.Mathematics/uint4x2.gen.cs
 0.1 kb	 0.0% Packages/com.unity.mathematics/Unity.Mathematics/uint4.gen.cs
 0.1 kb	 0.0% Packages/com.unity.mathematics/Unity.Mathematics/uint3x4.gen.cs
 0.1 kb	 0.0% Packages/com.unity.mathematics/Unity.Mathematics/uint3x3.gen.cs
 0.1 kb	 0.0% Packages/com.unity.mathematics/Unity.Mathematics/uint3x2.gen.cs
 0.1 kb	 0.0% Packages/com.unity.mathematics/Unity.Mathematics/uint3.gen.cs
 0.1 kb	 0.0% Packages/com.unity.mathematics/Unity.Mathematics/uint2x4.gen.cs
 0.1 kb	 0.0% Packages/com.unity.mathematics/Unity.Mathematics/uint2x3.gen.cs
 0.1 kb	 0.0% Packages/com.unity.mathematics/Unity.Mathematics/uint2x2.gen.cs
 0.1 kb	 0.0% Packages/com.unity.mathematics/Unity.Mathematics/uint2.gen.cs
 0.1 kb	 0.0% Packages/com.unity.mathematics/Unity.Mathematics/int4x4.gen.cs
 0.1 kb	 0.0% Packages/com.unity.mathematics/Unity.Mathematics/int4x3.gen.cs
 0.1 kb	 0.0% Packages/com.unity.mathematics/Unity.Mathematics/int4x2.gen.cs
 0.1 kb	 0.0% Packages/com.unity.mathematics/Unity.Mathematics/int3x4.gen.cs
 0.1 kb	 0.0% Packages/com.unity.mathematics/Unity.Mathematics/int3x3.gen.cs
 0.1 kb	 0.0% Packages/com.unity.mathematics/Unity.Mathematics/int3x2.gen.cs
 0.1 kb	 0.0% Packages/com.unity.mathematics/Unity.Mathematics/int2x4.gen.cs
 0.1 kb	 0.0% Packages/com.unity.mathematics/Unity.Mathematics/int2x3.gen.cs
 0.1 kb	 0.0% Packages/com.unity.mathematics/Unity.Mathematics/int2x2.gen.cs
 0.1 kb	 0.0% Packages/com.unity.mathematics/Unity.Mathematics/half4.gen.cs
 0.1 kb	 0.0% Packages/com.unity.mathematics/Unity.Mathematics/half3.gen.cs
 0.1 kb	 0.0% Packages/com.unity.mathematics/Unity.Mathematics/half2.gen.cs
 0.1 kb	 0.0% Packages/com.unity.mathematics/Unity.Mathematics/float4x4.gen.cs
 0.1 kb	 0.0% Packages/com.unity.mathematics/Unity.Mathematics/float4x3.gen.cs
 0.1 kb	 0.0% Packages/com.unity.mathematics/Unity.Mathematics/float4x2.gen.cs
 0.1 kb	 0.0% Packages/com.unity.mathematics/Unity.Mathematics/float4.gen.cs
 0.1 kb	 0.0% Packages/com.unity.mathematics/Unity.Mathematics/float3x4.gen.cs
 0.1 kb	 0.0% Packages/com.unity.mathematics/Unity.Mathematics/float3x3.gen.cs
 0.1 kb	 0.0% Packages/com.unity.mathematics/Unity.Mathematics/float3x2.gen.cs
 0.1 kb	 0.0% Packages/com.unity.mathematics/Unity.Mathematics/float3.gen.cs
 0.1 kb	 0.0% Packages/com.unity.mathematics/Unity.Mathematics/float2x4.gen.cs
 0.1 kb	 0.0% Packages/com.unity.mathematics/Unity.Mathematics/float2x3.gen.cs
 0.1 kb	 0.0% Packages/com.unity.mathematics/Unity.Mathematics/float2x2.gen.cs
 0.1 kb	 0.0% Packages/com.unity.mathematics/Unity.Mathematics/float2.gen.cs
 0.1 kb	 0.0% Packages/com.unity.mathematics/Unity.Mathematics/double4.gen.cs
 0.1 kb	 0.0% Packages/com.unity.mathematics/Unity.Mathematics/double3.gen.cs
 0.1 kb	 0.0% Packages/com.unity.mathematics/Unity.Mathematics/double2.gen.cs
 0.1 kb	 0.0% Packages/com.unity.mathematics/Unity.Mathematics/bool4x4.gen.cs
 0.1 kb	 0.0% Packages/com.unity.mathematics/Unity.Mathematics/bool4x3.gen.cs
 0.1 kb	 0.0% Packages/com.unity.mathematics/Unity.Mathematics/bool4x2.gen.cs
 0.1 kb	 0.0% Packages/com.unity.mathematics/Unity.Mathematics/bool4.gen.cs
 0.1 kb	 0.0% Packages/com.unity.mathematics/Unity.Mathematics/bool3x4.gen.cs
 0.1 kb	 0.0% Packages/com.unity.mathematics/Unity.Mathematics/bool3x3.gen.cs
 0.1 kb	 0.0% Packages/com.unity.mathematics/Unity.Mathematics/bool3x2.gen.cs
 0.1 kb	 0.0% Packages/com.unity.mathematics/Unity.Mathematics/bool3.gen.cs
 0.1 kb	 0.0% Packages/com.unity.mathematics/Unity.Mathematics/bool2x4.gen.cs
 0.1 kb	 0.0% Packages/com.unity.mathematics/Unity.Mathematics/bool2x3.gen.cs
 0.1 kb	 0.0% Packages/com.unity.mathematics/Unity.Mathematics/bool2x2.gen.cs
 0.1 kb	 0.0% Packages/com.unity.mathematics/Unity.Mathematics/bool2.gen.cs
 0.1 kb	 0.0% Packages/com.unity.mathematics/Unity.Mathematics/Noise/psrdnoise2D.cs
 0.1 kb	 0.0% Packages/com.unity.mathematics/Unity.Mathematics/Noise/noise3Dgrad.cs
 0.1 kb	 0.0% Packages/com.unity.mathematics/Unity.Mathematics/Noise/cellular3D.cs
 0.1 kb	 0.0% Packages/com.unity.mathematics/Unity.Mathematics/Noise/cellular2x2.cs
 0.1 kb	 0.0% Packages/com.unity.mathematics/Unity.Mathematics/Noise/cellular2D.cs
 0.1 kb	 0.0% Packages/com.unity.collections/Unity.Collections/xxHash3.AVX2.cs
 0.1 kb	 0.0% Packages/com.unity.cinemachine/Runtime/Timeline/CinemachineShotPlayable.cs
 0.1 kb	 0.0% Packages/com.unity.cinemachine/Runtime/Behaviours/CinemachineRecomposer.cs
 0.1 kb	 0.0% Packages/com.unity.cinemachine/Runtime/Behaviours/CinemachineCameraOffset.cs
 0.1 kb	 0.0% Packages/com.unity.burst/Runtime/Intrinsics/Arm/NEON_AArch64_rdma.cs
 0.1 kb	 0.0% Packages/com.unity.burst/Runtime/Intrinsics/Arm/NEON_AArch64_dotprod.cs
 0.1 kb	 0.0% Packages/com.unity.burst/Runtime/Intrinsics/Arm/NEON_AArch64_crypto.cs
 0.1 kb	 0.0% Assets/YooAsset/Samples/Mini Game/Runtime/MiniGameTest/FileSystemTester.cs
 0.1 kb	 0.0% Assets/YooAsset/Samples/Extension Sample/Runtime/PanelMonitor/PanelManifest.cs
 0.1 kb	 0.0% Assets/Script/Framework/Core/SimpleJSON/SimpleJSONDotNetTypes.cs
 0.1 kb	 0.0% Assets/Script/Framework/Core/Resource/RemoteServices.cs
 0.1 kb	 0.0% Assets/Plugins/UniTask/Runtime/UniTask.WaitUntil.cs
 0.1 kb	 0.0% Assets/Plugins/UniTask/Runtime/UniTask.Threading.cs
 0.1 kb	 0.0% Packages/com.unity.ugui/Runtime/UI/Core/Utility/VertexHelper.cs
 0.1 kb	 0.0% Packages/com.unity.ugui/Runtime/UI/Core/ToggleGroup.cs
 0.1 kb	 0.0% Packages/com.unity.ugui/Runtime/UI/Core/SpriteState.cs
 0.1 kb	 0.0% Packages/com.unity.ugui/Runtime/UI/Core/Selectable.cs
 0.1 kb	 0.0% Packages/com.unity.ugui/Runtime/UI/Core/Scrollbar.cs
 0.1 kb	 0.0% Packages/com.unity.ugui/Runtime/UI/Core/ScrollRect.cs
 0.1 kb	 0.0% Packages/com.unity.ugui/Runtime/UI/Core/RectMask2D.cs
 0.1 kb	 0.0% Packages/com.unity.ugui/Runtime/UI/Core/Navigation.cs
 0.1 kb	 0.0% Packages/com.unity.ugui/Runtime/UI/Core/Layout/LayoutGroup.cs
 0.1 kb	 0.0% Packages/com.unity.ugui/Runtime/UI/Core/Layout/CanvasScaler.cs
 0.1 kb	 0.0% Packages/com.unity.ugui/Runtime/UI/Core/InputField.cs
 0.1 kb	 0.0% Packages/com.unity.ugui/Runtime/UI/Core/IMaskable.cs
 0.1 kb	 0.0% Packages/com.unity.ugui/Runtime/UI/Core/ColorBlock.cs
 0.1 kb	 0.0% Packages/com.unity.mathematics/Unity.Mathematics/random.cs
 0.1 kb	 0.0% Packages/com.unity.mathematics/Unity.Mathematics/matrix.gen.cs
 0.1 kb	 0.0% Packages/com.unity.mathematics/Unity.Mathematics/matrix.cs
 0.1 kb	 0.0% Packages/com.unity.mathematics/Unity.Mathematics/Noise/noise4D.cs
 0.1 kb	 0.0% Packages/com.unity.mathematics/Unity.Mathematics/Noise/noise3D.cs
 0.1 kb	 0.0% Packages/com.unity.mathematics/Unity.Mathematics/Noise/noise2D.cs
 0.1 kb	 0.0% Packages/com.unity.mathematics/Unity.Mathematics/Noise/common.cs
 0.1 kb	 0.0% Packages/com.unity.collections/Unity.Collections/xxHash3.cs
 0.1 kb	 0.0% Packages/com.unity.collections/Unity.Collections/Unicode.cs
 0.1 kb	 0.0% Packages/com.unity.collections/Unity.Collections/Memory.cs
 0.1 kb	 0.0% Packages/com.unity.collections/Unity.Collections/BitField.cs
 0.1 kb	 0.0% Packages/com.unity.cinemachine/Runtime/Core/UpdateTracker.cs
 0.1 kb	 0.0% Packages/com.unity.cinemachine/Runtime/Core/RuntimeUtility.cs
 0.1 kb	 0.0% Packages/com.unity.cinemachine/Runtime/Core/NoiseSettings.cs
 0.1 kb	 0.0% Packages/com.unity.cinemachine/Runtime/Core/CinemachineCore.cs
 0.1 kb	 0.0% Packages/com.unity.cinemachine/Runtime/Core/CinemachineBlend.cs
 0.1 kb	 0.0% Packages/com.unity.cinemachine/Runtime/Components/CinemachinePOV.cs
 0.1 kb	 0.0% Packages/com.unity.cinemachine/Runtime/Behaviours/CinemachinePath.cs
 0.1 kb	 0.0% Packages/com.unity.cinemachine/Runtime/Behaviours/CinemachineBrain.cs
 0.1 kb	 0.0% Packages/com.unity.burst/Runtime/NoAliasAttribute.cs
 0.1 kb	 0.0% Packages/com.unity.burst/Runtime/FunctionPointer.cs
 0.1 kb	 0.0% Packages/com.unity.burst/Runtime/Editor/BurstLoader.cs
 0.1 kb	 0.0% Packages/com.unity.burst/Runtime/CompilerServices/Constant.cs
 0.1 kb	 0.0% Packages/com.unity.burst/Runtime/CompilerServices/Aliasing.cs
 0.1 kb	 0.0% Packages/com.unity.burst/Runtime/BurstString.Float.cs
 0.1 kb	 0.0% Packages/com.unity.burst/Runtime/BurstCompiler.cs
 0.1 kb	 0.0% Assets/YooAsset/Samples/Extension Sample/Runtime/PanelMonitor/PanelMonitor.cs
 0.1 kb	 0.0% Assets/YooAsset/Runtime/Settings/YooAssetSettingsData.cs
 0.1 kb	 0.0% Assets/YooAsset/Runtime/Services/IEncryptionServices.cs
 0.1 kb	 0.0% Assets/YooAsset/Runtime/Services/IDecryptionServices.cs
 0.1 kb	 0.0% Assets/YooAsset/Runtime/ResourcePackage/Operation/DownloaderOperation.cs
 0.1 kb	 0.0% Assets/YooAsset/Runtime/ResourceManager/Provider/SubAssetsProvider.cs
 0.1 kb	 0.0% Assets/YooAsset/Runtime/ResourceManager/Provider/ProviderOperation.cs
 0.1 kb	 0.0% Assets/YooAsset/Runtime/ResourceManager/Provider/CompletedProvider.cs
 0.1 kb	 0.0% Assets/YooAsset/Runtime/ResourceManager/Provider/AllAssetsProvider.cs
 0.1 kb	 0.0% Assets/YooAsset/Runtime/ResourceManager/Operation/UnloadSceneOperation.cs
 0.1 kb	 0.0% Assets/YooAsset/Runtime/ResourceManager/Operation/InstantiateOperation.cs
 0.1 kb	 0.0% Assets/YooAsset/Runtime/PackageInvokeBuilder/PackageInvokeBuilder.cs
 0.1 kb	 0.0% Assets/YooAsset/Runtime/OperationSystem/GameAsyncOperation.cs
 0.1 kb	 0.0% Assets/YooAsset/Runtime/OperationSystem/AsyncOperationBase.cs
 0.1 kb	 0.0% Assets/YooAsset/Runtime/InitializeParameters.cs
 0.1 kb	 0.0% Assets/YooAsset/Runtime/FileSystem/Operation/FSLoadSceneOperation.cs
 0.1 kb	 0.0% Assets/YooAsset/Runtime/FileSystem/Operation/FSLoadAssetOperation.cs
 0.1 kb	 0.0% Assets/YooAsset/Runtime/FileSystem/FileSystemParameters.cs
 0.1 kb	 0.0% Assets/YooAsset/Runtime/FileSystem/DefaultCacheFileSystem/Elements/VerifyFileElement.cs
 0.1 kb	 0.0% Assets/YooAsset/Runtime/FileSystem/DefaultCacheFileSystem/Elements/RecordFileElement.cs
 0.1 kb	 0.0% Assets/YooAsset/Runtime/FileSystem/DefaultCacheFileSystem/ApplicationFootPrint.cs
 0.1 kb	 0.0% Assets/YooAsset/Runtime/FileSystem/BundleResult/VirtualBundleResult/VirtualBundleResult.cs
 0.1 kb	 0.0% Assets/YooAsset/Runtime/FileSystem/BundleResult/AssetBundleResult/AssetBundleResult.cs
 0.1 kb	 0.0% Assets/YooAsset/Runtime/DownloadSystem/WebRequestCounter.cs
 0.1 kb	 0.0% Assets/YooAsset/Runtime/DownloadSystem/DownloadSystemHelper.cs
 0.1 kb	 0.0% Assets/YooAsset/Runtime/DiagnosticSystem/RemoteDebuggerDefine.cs
 0.1 kb	 0.0% Assets/YooAsset/Runtime/DiagnosticSystem/DebugProviderInfo.cs
 0.1 kb	 0.0% Assets/YooAsset/Runtime/DiagnosticSystem/DebugOperationInfo.cs
 0.1 kb	 0.0% Assets/UnityWebSocket/Scripts/Runtime/Core/Settings.cs
 0.1 kb	 0.0% Assets/TextMesh Pro/Examples & Extras/Scripts/VertexZoom.cs
 0.1 kb	 0.0% Assets/TextMesh Pro/Examples & Extras/Scripts/VertexShakeB.cs
 0.1 kb	 0.0% Assets/TextMesh Pro/Examples & Extras/Scripts/VertexShakeA.cs
 0.1 kb	 0.0% Assets/TextMesh Pro/Examples & Extras/Scripts/VertexJitter.cs
 0.1 kb	 0.0% Assets/TextMesh Pro/Examples & Extras/Scripts/SimpleScript.cs
 0.1 kb	 0.0% Assets/TextMesh Pro/Examples & Extras/Scripts/ObjectSpin.cs
 0.1 kb	 0.0% Assets/TextMesh Pro/Examples & Extras/Scripts/Benchmark04.cs
 0.1 kb	 0.0% Assets/TextMesh Pro/Examples & Extras/Scripts/Benchmark03.cs
 0.1 kb	 0.0% Assets/TextMesh Pro/Examples & Extras/Scripts/Benchmark02.cs
 0.1 kb	 0.0% Assets/TextMesh Pro/Examples & Extras/Scripts/Benchmark01.cs
 0.1 kb	 0.0% Assets/Script/UI/View/UConnectingWindow.cs
 0.1 kb	 0.0% Assets/Script/UI/View/Item/UIDiaLogueTextItem.cs
 0.1 kb	 0.0% Assets/Script/UI/View/Item/UIDiaLogueImageItem.cs
 0.1 kb	 0.0% Assets/Script/UI/View/Item/UIDiaLogueButtonItem.cs
 0.1 kb	 0.0% Assets/Script/UI/View/Item/UIBuildRewordItem.cs
 0.1 kb	 0.0% Assets/Script/UI/Tool/MultiFlyAnimation.cs
 0.1 kb	 0.0% Assets/Script/UI/Tool/EffectAutoDestory.cs
 0.1 kb	 0.0% Assets/Script/UI/Tool/BindNodeAttribute.cs
 0.1 kb	 0.0% Assets/Script/UI/PopupWindow/PopupFirstRecharge.cs
 0.1 kb	 0.0% Assets/Script/UI/Model/PerformEventMusic.cs
 0.1 kb	 0.0% Assets/Script/UI/Model/PerformEventFight.cs
 0.1 kb	 0.0% Assets/Script/UI/Model/PerformEventCutTo.cs
 0.1 kb	 0.0% Assets/Script/UI/Model/PerformEventAnimator.cs
 0.1 kb	 0.0% Assets/Script/UI/Model/OutWolrdChatThree.cs
 0.1 kb	 0.0% Assets/Script/UI/Model/OutWolrdChatSeven.cs
 0.1 kb	 0.0% Assets/Script/UI/Model/OutWolrdChatEleven.cs
 0.1 kb	 0.0% Assets/Script/UI/Model/OutWolrdChatEight.cs
 0.1 kb	 0.0% Assets/Script/Runtime/ScreenAspectAdapter.cs
 0.1 kb	 0.0% Assets/Script/Runtime/LoginState/UpdateAssetVersion.cs
 0.1 kb	 0.0% Assets/Script/Runtime/LoginState/UpdateAssetManifest.cs
 0.1 kb	 0.0% Assets/Script/Runtime/LoginState/DownloadUpdateFiles.cs
 0.1 kb	 0.0% Assets/Script/Runtime/LoginState/CreateFileDownloader.cs
 0.1 kb	 0.0% Assets/Script/Platform/WeChat/WeChatPlatformSDK.cs
 0.1 kb	 0.0% Assets/Script/Manager/PlayerDataManager.cs
 0.1 kb	 0.0% Assets/Script/Framework/UIExtend/LoopList/LoopListViewItem2.cs
 0.1 kb	 0.0% Assets/Script/Framework/UIExtend/Common/UIPortraitFitCompont.cs
 0.1 kb	 0.0% Assets/Script/Framework/UIExtend/Common/UIButtonExtension.cs
 0.1 kb	 0.0% Assets/Script/Framework/UIExtend/Common/EventTriggerListener.cs
 0.1 kb	 0.0% Assets/Script/Framework/Manager/WebRequestManager.cs
 0.1 kb	 0.0% Assets/Script/Framework/Event/EventDispatchCenter.cs
 0.1 kb	 0.0% Assets/Script/Fight/UI/UIFightEndlessEnd.cs
 0.1 kb	 0.0% Assets/Script/Fight/UI/BlockFinishEffect.cs
 0.1 kb	 0.0% Assets/Script/Fight/FightLevelTempData.cs
 0.1 kb	 0.0% Assets/Script/Fight/FightLevelController.cs
 0.1 kb	 0.0% Assets/Script/Fight/FightEffect/TriggerFightEffect.cs
 0.1 kb	 0.0% Assets/Script/Fight/FightChatEventTwo.cs
 0.1 kb	 0.0% Assets/Script/Fight/FightChatEventThree.cs
 0.1 kb	 0.0% Assets/Script/Fight/FightChatEventOne.cs
 0.1 kb	 0.0% Assets/Script/Fight/FightChatEventFour.cs
 0.1 kb	 0.0% Assets/Script/Fight/FightChatEventFive.cs
 0.1 kb	 0.0% Assets/Script/Fight/FightChatEventBase.cs
 0.1 kb	 0.0% Assets/Script/Fight/FightChatController.cs
 0.1 kb	 0.0% Assets/Script/Config/PartialConfig/Config_NpcUnlock_Partial.cs
 0.1 kb	 0.0% Assets/Script/Config/PartialConfig/Config_NpcBase.Partial.cs
 0.1 kb	 0.0% Assets/Script/Config/PartialConfig/Config_LevelBase.Partial.cs
 0.1 kb	 0.0% Assets/Script/Config/PartialConfig/Config_BuildBase.Partial.cs
 0.1 kb	 0.0% Assets/Script/Config/PartialConfig/Config_BlockBase.Partial.cs
 0.1 kb	 0.0% Assets/Script/Config/AnalyzeConfig/Config_SighinBase.cs
 0.1 kb	 0.0% Assets/Script/Config/AnalyzeConfig/Config_RankWujing.cs
 0.1 kb	 0.0% Assets/Script/Config/AnalyzeConfig/Config_OrderBlock.cs
 0.1 kb	 0.0% Assets/Script/Config/AnalyzeConfig/Config_NpcLibrary.cs
 0.1 kb	 0.0% Assets/Script/Config/AnalyzeConfig/Config_MusicPlayer.cs
 0.1 kb	 0.0% Assets/Script/Config/AnalyzeConfig/Config_LevelOrder.cs
 0.1 kb	 0.0% Assets/Script/Config/AnalyzeConfig/Config_GuildPerform.cs
 0.1 kb	 0.0% Assets/Script/Config/AnalyzeConfig/Config_GuildGroup.cs
 0.1 kb	 0.0% Assets/Script/Config/AnalyzeConfig/Config_GoodfeelNpc.cs
 0.1 kb	 0.0% Assets/Script/Config/AnalyzeConfig/Config_GoodfeelLv.cs
 0.1 kb	 0.0% Assets/Script/Config/AnalyzeConfig/Config_GdConstant.cs
 0.1 kb	 0.0% Assets/Script/Config/AnalyzeConfig/Config_FightchatBase.cs
 0.1 kb	 0.0% Assets/Script/Config/AnalyzeConfig/Config_DefineError.cs
 0.1 kb	 0.0% Assets/Script/Config/AnalyzeConfig/Config_ChapterBase.cs
 0.1 kb	 0.0% Assets/Script/Config/AnalyzeConfig/Config_CallwordBase.cs
 0.1 kb	 0.0% Assets/Script/Config/AnalyzeConfig/Config_BlockLibrary.cs
 0.1 kb	 0.0% Assets/Script/Config/AnalyzeConfig/Config_BlockEffect.cs
 0.1 kb	 0.0% Assets/Script/Config/AnalyzeConfig/Config_BlockColor.cs
 0.1 kb	 0.0% Assets/Script/ChapterScene/ChapterSceneManager.cs
 0.1 kb	 0.0% Assets/Plugins/UniTask/Runtime/UniTaskVoid.cs
 0.1 kb	 0.0% Assets/Plugins/UniTask/Runtime/UniTask.WhenEach.cs
 0.1 kb	 0.0% Assets/Plugins/UniTask/Runtime/UniTask.WhenAny.cs
 0.1 kb	 0.0% Assets/Plugins/UniTask/Runtime/UniTask.WhenAll.cs
 0.1 kb	 0.0% Assets/Plugins/UniTask/Runtime/UniTask.Factory.cs
 0.1 kb	 0.0% Assets/Plugins/UniTask/Runtime/UniTask.Delay.cs
 0.1 kb	 0.0% Assets/Plugins/UniTask/Runtime/UniTask.Bridge.cs
 0.1 kb	 0.0% Assets/Plugins/UniTask/Runtime/Linq/UnityExtensions/Timer.cs
 0.1 kb	 0.0% Assets/Plugins/UniTask/Runtime/Linq/ToLookup.cs
 0.1 kb	 0.0% Assets/Plugins/UniTask/Runtime/Linq/ToList.cs
 0.1 kb	 0.0% Assets/Plugins/UniTask/Runtime/Linq/ToArray.cs
 0.1 kb	 0.0% Assets/Plugins/UniTask/Runtime/Linq/Range.cs
 0.1 kb	 0.0% Assets/Plugins/UniTask/Runtime/Linq/ForEach.cs
 0.1 kb	 0.0% Assets/Plugins/UniTask/Runtime/Linq/First.cs
 0.1 kb	 0.0% Assets/Plugins/UniTask/Runtime/Linq/Count.cs
 0.1 kb	 0.0% Assets/Plugins/UniTask/Runtime/Linq/Contains.cs
 0.1 kb	 0.0% Assets/Plugins/UniTask/Runtime/Linq/Average.cs
 0.1 kb	 0.0% Assets/Plugins/UniTask/Runtime/Internal/TaskTracker.cs
 0.1 kb	 0.0% Assets/Plugins/UniTask/Runtime/Internal/Error.cs
 0.1 kb	 0.0% Assets/Plugins/UniTask/Runtime/AsyncUnit.cs
 0.1 kb	 0.0% Assets/Plugins/UniTask/Runtime/AsyncLazy.cs
 0.1 kb	 0.0% Packages/com.unity.ugui/Runtime/UI/Core/Culling/IClipRegion.cs
 0.1 kb	 0.0% Packages/com.unity.timeline/Runtime/Events/Marker.cs
 0.1 kb	 0.0% Packages/com.unity.timeline/Runtime/Events/IMarker.cs
 0.1 kb	 0.0% Packages/com.unity.textmeshpro/Scripts/Runtime/TextMeshPro.cs
 0.1 kb	 0.0% Packages/com.unity.textmeshpro/Scripts/Runtime/TMP_TextInfo.cs
 0.1 kb	 0.0% Packages/com.unity.textmeshpro/Scripts/Runtime/TMP_SubMesh.cs
 0.1 kb	 0.0% Packages/com.unity.textmeshpro/Scripts/Runtime/TMP_Style.cs
 0.1 kb	 0.0% Packages/com.unity.textmeshpro/Scripts/Runtime/TMP_Sprite.cs
 0.1 kb	 0.0% Packages/com.unity.textmeshpro/Scripts/Runtime/TMP_Settings.cs
 0.1 kb	 0.0% Packages/com.unity.textmeshpro/Scripts/Runtime/TMP_MeshInfo.cs
 0.1 kb	 0.0% Packages/com.unity.textmeshpro/Scripts/Runtime/TMP_LineInfo.cs
 0.1 kb	 0.0% Packages/com.unity.textmeshpro/Scripts/Runtime/TMP_Dropdown.cs
 0.1 kb	 0.0% Packages/com.unity.textmeshpro/Scripts/Runtime/TMP_Asset.cs
 0.1 kb	 0.0% Packages/com.unity.textmeshpro/Scripts/Runtime/FastAction.cs
 0.1 kb	 0.0% Packages/com.unity.mathematics/Unity.Mathematics/int4.gen.cs
 0.1 kb	 0.0% Packages/com.unity.mathematics/Unity.Mathematics/int3.gen.cs
 0.1 kb	 0.0% Packages/com.unity.mathematics/Unity.Mathematics/int2.gen.cs
 0.1 kb	 0.0% Packages/com.unity.burst/Runtime/Intrinsics/Common.cs
 0.1 kb	 0.0% Packages/com.unity.burst/Runtime/Intrinsics/Arm/NEON_ctor.cs
 0.1 kb	 0.0% Packages/com.unity.burst/Runtime/Intrinsics/Arm/NEON_AArch64.cs
 0.1 kb	 0.0% Assets/YooAsset/Samples/Mini Game/Runtime/WechatFileSystem/WechatFileSystem.cs
 0.1 kb	 0.0% Assets/YooAsset/Runtime/DownloadSystem/DownloadDefine.cs
 0.1 kb	 0.0% Assets/Script/Framework/Core/SimpleJSON/SimpleJSONUnity.cs
 0.1 kb	 0.0% Assets/Script/Framework/Core/SimpleJSON/SimpleJSONBinary.cs
 0.1 kb	 0.0% Assets/Script/Fight/LevelEditor/MaskPanel.cs
 0.1 kb	 0.0% Assets/Script/Config/ConfigProto.cs
 0.1 kb	 0.0% Assets/Plugins/UniTask/Runtime/UniTask.Run.cs
 0.1 kb	 0.0% Packages/com.unity.ugui/Runtime/UI/Core/VertexModifiers/Shadow.cs
 0.1 kb	 0.0% Packages/com.unity.ugui/Runtime/UI/Core/VertexModifiers/Outline.cs
 0.1 kb	 0.0% Packages/com.unity.ugui/Runtime/UI/Core/Toggle.cs
 0.1 kb	 0.0% Packages/com.unity.ugui/Runtime/UI/Core/Slider.cs
 0.1 kb	 0.0% Packages/com.unity.ugui/Runtime/UI/Core/RawImage.cs
 0.1 kb	 0.0% Packages/com.unity.ugui/Runtime/UI/Core/Image.cs
 0.1 kb	 0.0% Packages/com.unity.ugui/Runtime/UI/Core/IMask.cs
 0.1 kb	 0.0% Packages/com.unity.ugui/Runtime/UI/Core/Graphic.cs
 0.1 kb	 0.0% Packages/com.unity.ugui/Runtime/UI/Core/FontData.cs
 0.1 kb	 0.0% Packages/com.unity.ugui/Runtime/UI/Core/Dropdown.cs
 0.1 kb	 0.0% Packages/com.unity.ugui/Runtime/UI/Core/Culling/Clipping.cs
 0.1 kb	 0.0% Packages/com.unity.ugui/Runtime/UI/Core/Button.cs
 0.1 kb	 0.0% Packages/com.unity.mathematics/Unity.Mathematics/math.cs
 0.1 kb	 0.0% Packages/com.unity.mathematics/Unity.Mathematics/half.cs
 0.1 kb	 0.0% Packages/com.unity.cinemachine/Runtime/Core/LensSettings.cs
 0.1 kb	 0.0% Packages/com.unity.cinemachine/Runtime/Core/ConfinerOven.cs
 0.1 kb	 0.0% Packages/com.unity.cinemachine/Runtime/Core/CameraState.cs
 0.1 kb	 0.0% Packages/com.unity.cinemachine/Runtime/Core/AxisState.cs
 0.1 kb	 0.0% Packages/com.unity.burst/Runtime/SharedStatic.cs
 0.1 kb	 0.0% Packages/com.unity.burst/Runtime/Intrinsics/x86/Ssse3.cs
 0.1 kb	 0.0% Packages/com.unity.burst/Runtime/Intrinsics/x86/Sse4_2.cs
 0.1 kb	 0.0% Packages/com.unity.burst/Runtime/Intrinsics/x86/Sse4_1.cs
 0.1 kb	 0.0% Packages/com.unity.burst/Runtime/Intrinsics/x86/Popcnt.cs
 0.1 kb	 0.0% Packages/com.unity.burst/Runtime/Intrinsics/x86/Common.cs
 0.1 kb	 0.0% Packages/com.unity.burst/Runtime/CompilerServices/Hint.cs
 0.1 kb	 0.0% Packages/com.unity.burst/Runtime/BurstString.cs
 0.1 kb	 0.0% Packages/com.unity.burst/Runtime/BurstRuntime.cs
 0.1 kb	 0.0% Assets/YooAsset/Runtime/YooAssetsExtension.cs
 0.1 kb	 0.0% Assets/YooAsset/Runtime/YooAssetsDriver.cs
 0.1 kb	 0.0% Assets/YooAsset/Runtime/Utility/CRC32Algorithm.cs
 0.1 kb	 0.0% Assets/YooAsset/Runtime/Settings/YooAssetSettings.cs
 0.1 kb	 0.0% Assets/YooAsset/Runtime/Services/IRemoteServices.cs
 0.1 kb	 0.0% Assets/YooAsset/Runtime/ResourcePackage/ResourcePackage.cs
 0.1 kb	 0.0% Assets/YooAsset/Runtime/ResourcePackage/PackageManifest.cs
 0.1 kb	 0.0% Assets/YooAsset/Runtime/ResourcePackage/PackageDetail.cs
 0.1 kb	 0.0% Assets/YooAsset/Runtime/ResourcePackage/PackageBundle.cs
 0.1 kb	 0.0% Assets/YooAsset/Runtime/ResourcePackage/Operation/DestroyOperation.cs
 0.1 kb	 0.0% Assets/YooAsset/Runtime/ResourcePackage/ManifestTools.cs
 0.1 kb	 0.0% Assets/YooAsset/Runtime/ResourcePackage/ManifestDefine.cs
 0.1 kb	 0.0% Assets/YooAsset/Runtime/ResourceManager/ResourceManager.cs
 0.1 kb	 0.0% Assets/YooAsset/Runtime/ResourceManager/Provider/SceneProvider.cs
 0.1 kb	 0.0% Assets/YooAsset/Runtime/ResourceManager/Provider/RawFileProvider.cs
 0.1 kb	 0.0% Assets/YooAsset/Runtime/ResourceManager/Provider/AssetProvider.cs
 0.1 kb	 0.0% Assets/YooAsset/Runtime/ResourceManager/Handle/SubAssetsHandle.cs
 0.1 kb	 0.0% Assets/YooAsset/Runtime/ResourceManager/Handle/RawFileHandle.cs
 0.1 kb	 0.0% Assets/YooAsset/Runtime/ResourceManager/Handle/HandleFactory.cs
 0.1 kb	 0.0% Assets/YooAsset/Runtime/ResourceManager/Handle/AllAssetsHandle.cs
 0.1 kb	 0.0% Assets/YooAsset/Runtime/ResourceManager/DownloadStatus.cs
 0.1 kb	 0.0% Assets/YooAsset/Runtime/OperationSystem/OperationSystem.cs
 0.1 kb	 0.0% Assets/YooAsset/Runtime/FileSystem/FileVerifyHelper.cs
 0.1 kb	 0.0% Assets/YooAsset/Runtime/FileSystem/DefaultCacheFileSystem/Elements/TempFileElement.cs
 0.1 kb	 0.0% Assets/YooAsset/Runtime/FileSystem/DefaultBuildinFileSystem/CatalogDefine.cs
 0.1 kb	 0.0% Assets/YooAsset/Runtime/FileSystem/BundleResult/RawBundleResult/RawBundleResult.cs
 0.1 kb	 0.0% Assets/YooAsset/Runtime/DiagnosticSystem/RemoteCommand.cs
 0.1 kb	 0.0% Assets/YooAsset/Runtime/DiagnosticSystem/DebugPackageData.cs
 0.1 kb	 0.0% Assets/YooAsset/Runtime/DiagnosticSystem/DebugBundleInfo.cs
 0.1 kb	 0.0% Assets/WX-WASM-SDK-V2/Runtime/WXRuntimeExtDef.cs
 0.1 kb	 0.0% Assets/WX-WASM-SDK-V2/Runtime/ChuXinWeChatSDK.cs
 0.1 kb	 0.0% Assets/TextMesh Pro/Examples & Extras/Scripts/TeleType.cs
 0.1 kb	 0.0% Assets/TextMesh Pro/Examples & Extras/Scripts/EnvMapAnimator.cs
 0.1 kb	 0.0% Assets/TextMesh Pro/Examples & Extras/Scripts/DropdownSample.cs
 0.1 kb	 0.0% Assets/TextMesh Pro/Examples & Extras/Scripts/ChatController.cs
 0.1 kb	 0.0% Assets/Script/YooAssetManager.cs
 0.1 kb	 0.0% Assets/Script/UI/View/UPromptWindow.cs
 0.1 kb	 0.0% Assets/Script/UI/View/UIStageItemStart.cs
 0.1 kb	 0.0% Assets/Script/UI/View/UIStageItemLoop.cs
 0.1 kb	 0.0% Assets/Script/UI/View/UIStageItemEnd.cs
 0.1 kb	 0.0% Assets/Script/UI/View/UIStageItemBase.cs
 0.1 kb	 0.0% Assets/Script/UI/View/UISecondConfirm.cs
 0.1 kb	 0.0% Assets/Script/UI/View/UIPassConfirm.cs
 0.1 kb	 0.0% Assets/Script/UI/View/UIMusicWindow.cs
 0.1 kb	 0.0% Assets/Script/UI/View/UIDialogueWindow.cs
 0.1 kb	 0.0% Assets/Script/UI/View/UIContactsWindow.cs
 0.1 kb	 0.0% Assets/Script/UI/View/UIBuildWindow.cs
 0.1 kb	 0.0% Assets/Script/UI/View/ScreenAdsWindow.cs
 0.1 kb	 0.0% Assets/Script/UI/View/PerformWindow.cs
 0.1 kb	 0.0% Assets/Script/UI/View/Item/UIMainHouseItem.cs
 0.1 kb	 0.0% Assets/Script/UI/View/Item/UIMainBuildItem.cs
 0.1 kb	 0.0% Assets/Script/UI/View/Item/UIDiaLogueItem.cs
 0.1 kb	 0.0% Assets/Script/UI/View/Item/UIContactNpcItem.cs
 0.1 kb	 0.0% Assets/Script/UI/View/Item/UIChapterItem.cs
 0.1 kb	 0.0% Assets/Script/UI/View/Item/PerformHouseItem.cs
 0.1 kb	 0.0% Assets/Script/UI/Tool/ArtNumberTool.cs
 0.1 kb	 0.0% Assets/Script/UI/Model/PerformEventChat.cs
 0.1 kb	 0.0% Assets/Script/UI/Model/PerformEventBase.cs
 0.1 kb	 0.0% Assets/Script/UI/Model/OutWolrdChatTwo.cs
 0.1 kb	 0.0% Assets/Script/UI/Model/OutWolrdChatTen.cs
 0.1 kb	 0.0% Assets/Script/UI/Model/OutWolrdChatSix.cs
 0.1 kb	 0.0% Assets/Script/UI/Model/OutWolrdChatOne.cs
 0.1 kb	 0.0% Assets/Script/UI/Model/OutWolrdChatNine.cs
 0.1 kb	 0.0% Assets/Script/UI/Model/OutWolrdChatFour.cs
 0.1 kb	 0.0% Assets/Script/UI/Model/OutWolrdChatFive.cs
 0.1 kb	 0.0% Assets/Script/UI/Model/OutWolrdChatBase.cs
 0.1 kb	 0.0% Assets/Script/UI/Model/DialogueModel.cs
 0.1 kb	 0.0% Assets/Script/UI/Control/PlayerControl.cs
 0.1 kb	 0.0% Assets/Script/UI/Control/PerformControl.cs
 0.1 kb	 0.0% Assets/Script/UI/Control/GameBagControl.cs
 0.1 kb	 0.0% Assets/Script/UI/Control/EndlessControl.cs
 0.1 kb	 0.0% Assets/Script/UI/Control/DialogueControl.cs
 0.1 kb	 0.0% Assets/Script/UI/Control/ChapterControl.cs
 0.1 kb	 0.0% Assets/Script/Runtime/LoginState/UpdaterSuccess.cs
 0.1 kb	 0.0% Assets/Script/Runtime/LoginState/InitPackageData.cs
 0.1 kb	 0.0% Assets/Script/Runtime/LoginState/DownloadComplete.cs
 0.1 kb	 0.0% Assets/Script/Runtime/LoginState/ClearNotUseCache.cs
 0.1 kb	 0.0% Assets/Script/Platform/WeChat/WeChatAdapter.cs
 0.1 kb	 0.0% Assets/Script/Platform/PlatformManger.cs
 0.1 kb	 0.0% Assets/Script/Platform/IPlatformAdapter.cs
 0.1 kb	 0.0% Assets/Script/Manager/LaunchManager.cs
 0.1 kb	 0.0% Assets/Script/Framework/UIExtend/LoopList/LoopListView2.cs
 0.1 kb	 0.0% Assets/Script/Framework/UIExtend/Common/UIParticleMask.cs
 0.1 kb	 0.0% Assets/Script/Framework/UIExtend/Common/UILandFitCompont.cs
 0.1 kb	 0.0% Assets/Script/Framework/UIExtend/Common/UIDepthDataEntry.cs
 0.1 kb	 0.0% Assets/Script/Framework/UIExtend/Common/MyStringBuilder.cs
 0.1 kb	 0.0% Assets/Script/Framework/UIExtend/Common/EmptyImage4Touch.cs
 0.1 kb	 0.0% Assets/Script/Framework/Manager/LanguageManager.cs
 0.1 kb	 0.0% Assets/Script/Framework/Manager/HeartBeatManager.cs
 0.1 kb	 0.0% Assets/Script/Framework/Manager/AudioManagerNew.cs
 0.1 kb	 0.0% Assets/Script/Framework/Event/LTEventCenter.cs
 0.1 kb	 0.0% Assets/Script/Framework/Core/SimpleJSON/SimpleJSON.cs
 0.1 kb	 0.0% Assets/Script/Framework/Core/AntNet/NetObject.cs
 0.1 kb	 0.0% Assets/Script/Framework/Core/AntNet/NetBuffer.cs
 0.1 kb	 0.0% Assets/Script/Framework/Core/AntNet/MessageHead.cs
 0.1 kb	 0.0% Assets/Script/Framework/Core/AntNet/EncryptUtil.cs
 0.1 kb	 0.0% Assets/Script/Fight/UICameraShake.cs
 0.1 kb	 0.0% Assets/Script/Fight/UI/UISharkeFlyItem.cs
 0.1 kb	 0.0% Assets/Script/Fight/UI/UIFightNewSystem.cs
 0.1 kb	 0.0% Assets/Script/Fight/UI/UIFightNewStar.cs
 0.1 kb	 0.0% Assets/Script/Fight/UI/UIFightNewColor.cs
 0.1 kb	 0.0% Assets/Script/Fight/UI/UIFailContinue.cs
 0.1 kb	 0.0% Assets/Script/Fight/UI/TreasureBoxItem.cs
 0.1 kb	 0.0% Assets/Script/Fight/UI/RandomItemRay.cs
 0.1 kb	 0.0% Assets/Script/Fight/UI/ComboGlowColor.cs
 0.1 kb	 0.0% Assets/Script/Fight/LevelEditor/LevelEditorBlockData.cs
 0.1 kb	 0.0% Assets/Script/Fight/FightSaveData.cs
 0.1 kb	 0.0% Assets/Script/Fight/FightLevelModel.cs
 0.1 kb	 0.0% Assets/Script/Fight/FightEffect/FightEffect_None.cs
 0.1 kb	 0.0% Assets/Script/Fight/FightEffect/FightEffect_Lock.cs
 0.1 kb	 0.0% Assets/Script/Fight/FightEffect/FightEffect_Box.cs
 0.1 kb	 0.0% Assets/Script/Fight/FightEffect/FightEffect_Bomb.cs
 0.1 kb	 0.0% Assets/Script/Fight/FightController.cs
 0.1 kb	 0.0% Assets/Script/Fight/FightChatModel.cs
 0.1 kb	 0.0% Assets/Script/Config/AnalyzeConfig/Config_OutWord.cs
 0.1 kb	 0.0% Assets/Script/Config/AnalyzeConfig/Config_NpcUnlock.cs
 0.1 kb	 0.0% Assets/Script/Config/AnalyzeConfig/Config_NpcBase.cs
 0.1 kb	 0.0% Assets/Script/Config/AnalyzeConfig/Config_LevelBase.cs
 0.1 kb	 0.0% Assets/Script/Config/AnalyzeConfig/Config_ItemBase.cs
 0.1 kb	 0.0% Assets/Script/Config/AnalyzeConfig/Config_GuildWord.cs
 0.1 kb	 0.0% Assets/Script/Config/AnalyzeConfig/Config_GiftBase.cs
 0.1 kb	 0.0% Assets/Script/Config/AnalyzeConfig/Config_BuildBase.cs
 0.1 kb	 0.0% Assets/Script/Config/AnalyzeConfig/Config_BlockBase.cs
 0.1 kb	 0.0% Assets/Script/Config/AnalyzeConfig/Config_AdDesc.cs
 0.1 kb	 0.0% Assets/Script/ChapterScene/PerformManager.cs
 0.1 kb	 0.0% Assets/Script/ChapterScene/ChapterBuildItem.cs
 0.1 kb	 0.0% Assets/Plugins/UniTask/Runtime/UniTask.cs
 0.1 kb	 0.0% Assets/Plugins/UniTask/Runtime/TaskPool.cs
 0.1 kb	 0.0% Assets/Plugins/UniTask/Runtime/Progress.cs
 0.1 kb	 0.0% Assets/Plugins/UniTask/Runtime/Linq/Sum.cs
 0.1 kb	 0.0% Assets/Plugins/UniTask/Runtime/Linq/Min.cs
 0.1 kb	 0.0% Assets/Plugins/UniTask/Runtime/Linq/Max.cs
 0.1 kb	 0.0% Assets/Plugins/UniTask/Runtime/Linq/Last.cs
 0.1 kb	 0.0% Assets/Plugins/UniTask/Runtime/Linq/Any.cs
 0.1 kb	 0.0% Assets/Plugins/UniTask/Runtime/Linq/All.cs
 0.1 kb	 0.0% Assets/Plugins/UniTask/Runtime/Channel.cs
 0.1 kb	 0.0% Packages/com.unity.textmeshpro/Scripts/Runtime/TMP_Text.cs
 0.1 kb	 0.0% Packages/com.unity.cinemachine/Runtime/Timeline/CinemachineTrack.cs
 0.1 kb	 0.0% Packages/com.unity.cinemachine/Runtime/Timeline/CinemachineShot.cs
 0.1 kb	 0.0% Packages/com.unity.cinemachine/Runtime/Timeline/CinemachineMixer.cs
 0.1 kb	 0.0% Packages/com.unity.burst/Runtime/Intrinsics/x86/Sse3.cs
 0.1 kb	 0.0% Packages/com.unity.burst/Runtime/Intrinsics/x86/Sse2.cs
 0.1 kb	 0.0% Packages/com.unity.burst/Runtime/Intrinsics/x86/Sse.cs
 0.1 kb	 0.0% Packages/com.unity.burst/Runtime/Intrinsics/x86/Fma.cs
 0.1 kb	 0.0% Packages/com.unity.burst/Runtime/Intrinsics/x86/F16C.cs
 0.1 kb	 0.0% Packages/com.unity.burst/Runtime/Intrinsics/x86/Csr.cs
 0.1 kb	 0.0% Packages/com.unity.burst/Runtime/Intrinsics/x86/Bmi2.cs
 0.1 kb	 0.0% Packages/com.unity.burst/Runtime/Intrinsics/x86/Bmi1.cs
 0.1 kb	 0.0% Packages/com.unity.burst/Runtime/Intrinsics/x86/Avx2.cs
 0.1 kb	 0.0% Packages/com.unity.burst/Runtime/Intrinsics/x86/Avx.cs
 0.1 kb	 0.0% Packages/com.unity.burst/Runtime/Intrinsics/v64.cs
 0.1 kb	 0.0% Packages/com.unity.burst/Runtime/Intrinsics/v256.cs
 0.1 kb	 0.0% Packages/com.unity.burst/Runtime/Intrinsics/v128.cs
 0.1 kb	 0.0% Packages/com.unity.burst/Runtime/Intrinsics/Arm/NEON.cs
 0.1 kb	 0.0% Assets/WX-WASM-SDK-V2/Runtime/WXTouchInputOverride.cs
 0.1 kb	 0.0% Assets/WX-WASM-SDK-V2/Runtime/WXProfileStatsScript.cs
 0.1 kb	 0.0% Assets/WX-WASM-SDK-V2/Runtime/DisableKeyboardInput.cs
 0.1 kb	 0.0% Assets/Script/Fight/LevelEditor/EditorSaveData.cs
 0.1 kb	 0.0% Assets/Script/Fight/LevelEditor/CellUI.cs
 0.1 kb	 0.0% Packages/com.unity.ugui/Runtime/UI/Core/Text.cs
 0.1 kb	 0.0% Packages/com.unity.ugui/Runtime/UI/Core/Misc.cs
 0.1 kb	 0.0% Packages/com.unity.ugui/Runtime/UI/Core/Mask.cs
 0.1 kb	 0.0% Assets/YooAsset/Runtime/YooAssets.cs
 0.1 kb	 0.0% Assets/YooAsset/Runtime/Utility/YooUtility.cs
 0.1 kb	 0.0% Assets/YooAsset/Runtime/Utility/YooLogger.cs
 0.1 kb	 0.0% Assets/YooAsset/Runtime/Utility/BufferWriter.cs
 0.1 kb	 0.0% Assets/YooAsset/Runtime/Utility/BufferReader.cs
 0.1 kb	 0.0% Assets/YooAsset/Runtime/ResourcePackage/PlayMode/PlayModeImpl.cs
 0.1 kb	 0.0% Assets/YooAsset/Runtime/ResourcePackage/PackageAsset.cs
 0.1 kb	 0.0% Assets/YooAsset/Runtime/ResourcePackage/Interface/IPlayMode.cs
 0.1 kb	 0.0% Assets/YooAsset/Runtime/ResourcePackage/Interface/IBundleQuery.cs
 0.1 kb	 0.0% Assets/YooAsset/Runtime/ResourcePackage/BundleInfo.cs
 0.1 kb	 0.0% Assets/YooAsset/Runtime/ResourcePackage/AssetInfo.cs
 0.1 kb	 0.0% Assets/YooAsset/Runtime/ResourceManager/Handle/SceneHandle.cs
 0.1 kb	 0.0% Assets/YooAsset/Runtime/ResourceManager/Handle/HandleBase.cs
 0.1 kb	 0.0% Assets/YooAsset/Runtime/ResourceManager/Handle/AssetHandle.cs
 0.1 kb	 0.0% Assets/YooAsset/Runtime/FileSystem/Interface/IFileSystem.cs
 0.1 kb	 0.0% Assets/YooAsset/Runtime/FileSystem/DefaultBuildinFileSystem/CatalogTools.cs
 0.1 kb	 0.0% Assets/YooAsset/Runtime/FileSystem/BundleResult/BundleResult.cs
 0.1 kb	 0.0% Assets/YooAsset/Runtime/DiagnosticSystem/DebugReport.cs
 0.1 kb	 0.0% Assets/Script/UI/View/UIStageNpc.cs
 0.1 kb	 0.0% Assets/Script/UI/View/UISceneDrag.cs
 0.1 kb	 0.0% Assets/Script/UI/View/UILoading.cs
 0.1 kb	 0.0% Assets/Script/UI/View/UIDdesktop.cs
 0.1 kb	 0.0% Assets/Script/UI/View/UICommonTips.cs
 0.1 kb	 0.0% Assets/Script/UI/View/UIChatWindow.cs
 0.1 kb	 0.0% Assets/Script/UI/View/UIAdsWindow.cs
 0.1 kb	 0.0% Assets/Script/UI/View/PromptItem.cs
 0.1 kb	 0.0% Assets/Script/UI/View/MainWindow.cs
 0.1 kb	 0.0% Assets/Script/UI/View/Item/UIMusicLine.cs
 0.1 kb	 0.0% Assets/Script/UI/View/Item/UIMusicItem.cs
 0.1 kb	 0.0% Assets/Script/UI/View/Item/UIChatItem.cs
 0.1 kb	 0.0% Assets/Script/UI/View/Item/UIBuildItem.cs
 0.1 kb	 0.0% Assets/Script/UI/View/FeelWindow.cs
 0.1 kb	 0.0% Assets/Script/UI/PopupWindow/PopupManager.cs
 0.1 kb	 0.0% Assets/Script/UI/PopupWindow/PopupBase.cs
 0.1 kb	 0.0% Assets/Script/UI/Model/PlayerModel.cs
 0.1 kb	 0.0% Assets/Script/UI/Model/PerformModel.cs
 0.1 kb	 0.0% Assets/Script/UI/Model/GameBagModel.cs
 0.1 kb	 0.0% Assets/Script/UI/Model/ChapterModel.cs
 0.1 kb	 0.0% Assets/Script/UI/Model/BaseModel.cs
 0.1 kb	 0.0% Assets/Script/UI/Control/StageControl.cs
 0.1 kb	 0.0% Assets/Script/UI/Control/NpcControl.cs
 0.1 kb	 0.0% Assets/Script/UI/Control/MusicControl.cs
 0.1 kb	 0.0% Assets/Script/UI/Control/BaseControl.cs
 0.1 kb	 0.0% Assets/Script/Runtime/PatchUpdate.cs
 0.1 kb	 0.0% Assets/Script/Runtime/LoginState/LoginState.cs
 0.1 kb	 0.0% Assets/Script/Runtime/LaunchWindow.cs
 0.1 kb	 0.0% Assets/Script/ProtoMessage/Server.cs
 0.1 kb	 0.0% Assets/Script/ProtoMessage/MessageDef.cs
 0.1 kb	 0.0% Assets/Script/ProtoMessage/Macro.cs
 0.1 kb	 0.0% Assets/Script/ProtoMessage/Common.cs
 0.1 kb	 0.0% Assets/Script/ProtoMessage/Client.cs
 0.1 kb	 0.0% Assets/Script/Platform/WeChat/WxJsManager.cs
 0.1 kb	 0.0% Assets/Script/Manager/GameManager.cs
 0.1 kb	 0.0% Assets/Script/Framework/UIExtend/LoopList/ItemPosMgr.cs
 0.1 kb	 0.0% Assets/Script/Framework/UIExtend/Common/UIPageTab.cs
 0.1 kb	 0.0% Assets/Script/Framework/UIExtend/Common/UIBaseItem.cs
 0.1 kb	 0.0% Assets/Script/Framework/UIExtend/Common/TextSpacing.cs
 0.1 kb	 0.0% Assets/Script/Framework/UIExtend/Common/GuideMask.cs
 0.1 kb	 0.0% Assets/Script/Framework/UIExtend/Common/GroundGlass.cs
 0.1 kb	 0.0% Assets/Script/Framework/UIExtend/Common/CustomText.cs
 0.1 kb	 0.0% Assets/Script/Framework/Manager/UIManager.cs
 0.1 kb	 0.0% Assets/Script/Framework/Manager/TimerManager.cs
 0.1 kb	 0.0% Assets/Script/Framework/Manager/LogManager.cs
 0.1 kb	 0.0% Assets/Script/Framework/Core/AntNet/SendData.cs
 0.1 kb	 0.0% Assets/Script/Framework/Core/AntNet/RecvData.cs
 0.1 kb	 0.0% Assets/Script/Framework/Core/AntNet/MiniJSON.cs
 0.1 kb	 0.0% Assets/Script/Fight/UI/UISharkeAnim.cs
 0.1 kb	 0.0% Assets/Script/Fight/UI/UISetPopup.cs
 0.1 kb	 0.0% Assets/Script/Fight/UI/UIOrderPanel.cs
 0.1 kb	 0.0% Assets/Script/Fight/UI/UIGameOver.cs
 0.1 kb	 0.0% Assets/Script/Fight/UI/UIFightStart.cs
 0.1 kb	 0.0% Assets/Script/Fight/UI/UIFightMain.cs
 0.1 kb	 0.0% Assets/Script/Fight/UI/UIFightEnd.cs
 0.1 kb	 0.0% Assets/Script/Fight/UI/UIFightChat.cs
 0.1 kb	 0.0% Assets/Script/Fight/UI/RandomItem.cs
 0.1 kb	 0.0% Assets/Script/Fight/UI/OrderItem.cs
 0.1 kb	 0.0% Assets/Script/Fight/UI/ComboReword.cs
 0.1 kb	 0.0% Assets/Script/Fight/UI/BlockItem.cs
 0.1 kb	 0.0% Assets/Script/Fight/PuzzleData.cs
 0.1 kb	 0.0% Assets/Script/Fight/FightModel.cs
 0.1 kb	 0.0% Assets/Script/Fight/FightEffect/FightEffect.cs
 0.1 kb	 0.0% Assets/Script/Fight/BlockData.cs
 0.1 kb	 0.0% Assets/Script/Config/ConfigBase.cs
 0.1 kb	 0.0% Assets/Script/ChapterScene/ChapterScene.cs
 0.1 kb	 0.0% Assets/WX-WASM-SDK-V2/Runtime/HideLoadingPage.cs
 0.1 kb	 0.0% Assets/Script/ProtoMessage/Conf.cs
 0.1 kb	 0.0% Assets/Script/ProtoMessage/Auth.cs
 0.1 kb	 0.0% Packages/com.unity.render-pipelines.universal/Runtime/Data/XRSystemData.asset
 0.1 kb	 0.0% Assets/WX-WASM-SDK-V2/Runtime/WXBase.cs
 0.1 kb	 0.0% Assets/Script/UI/View/UIStage.cs
 0.1 kb	 0.0% Assets/Script/UI/View/UILogin.cs
 0.1 kb	 0.0% Assets/Script/UI/View/UIBubble.cs
 0.1 kb	 0.0% Assets/Script/UI/View/MainGM.cs
 0.1 kb	 0.0% Assets/Script/UI/View/Item/MaskItem.cs
 0.1 kb	 0.0% Assets/Script/UI/View/FeelView.cs
 0.1 kb	 0.0% Assets/Script/UI/Model/NpcModel.cs
 0.1 kb	 0.0% Assets/Script/Runtime/LoginState/Login.cs
 0.1 kb	 0.0% Assets/Script/Runtime/IState.cs
 0.1 kb	 0.0% Assets/Script/Framework/UIExtend/Common/UILayers.cs
 0.1 kb	 0.0% Assets/Script/Framework/UIExtend/Common/UIGray.cs
 0.1 kb	 0.0% Assets/Script/Framework/UIExtend/Common/UIDepth.cs
 0.1 kb	 0.0% Assets/Script/Framework/UIExtend/Common/UIBase.cs
 0.1 kb	 0.0% Assets/Script/Framework/Event/SDEvents.cs
 0.1 kb	 0.0% Assets/Script/Framework/Core/Common/SDDebug.cs
 0.1 kb	 0.0% Assets/Script/Framework/Core/AntNet/Loom.cs
 0.1 kb	 0.0% Assets/Script/Framework/Core/AntNet/IPV6Help.cs
 0.1 kb	 0.0% Assets/Script/Framework/Core/AntNet/Error.cs
 0.1 kb	 0.0% Assets/Script/Fight/UI/DragRay.cs
 0.1 kb	 0.0% Assets/Script/Fight/UI/BlockRay.cs
 0.1 kb	 0.0% Assets/Script/Config/AnalyzeConfig/Config.cs
 0.1 kb	 0.0% Assets/WX-WASM-SDK-V2/Runtime/WX.cs
 0.1 kb	 0.0% Assets/Script/Framework/Manager/Util.cs
 0.1 kb	 0.0% Assets/Resources/YooAssetSettings.asset
 0.1 kb	 0.0% Assets/Resources/BillingMode.json
-------------------------------------------------------------------------------
Unloading 291 Unused Serialized files (Serialized files now loaded: 0)
Unloading 1740 unused Assets / (6.1 MB). Loaded Objects now: 7725.
Memory consumption went from 229.3 MB to 223.2 MB.
Total: 15.399900 ms (FindLiveObjects: 0.767300 ms CreateObjectMapping: 0.609000 ms MarkObjects: 9.037700 ms  DeleteObjects: 4.983600 ms)

DisplayProgressNotification: Build Successful
Build Finished, Result: Success.
##utp:{"type":"PlayerBuildInfo","version":2,"phase":"Immediate","time":1780722806216,"processId":80028,"steps":[{"description":"Preprocess Player","duration":398},{"description":"Prepare For Build","duration":2487},{"description":"ProducePlayerScriptAssemblies","duration":36099},{"description":"Verify Build setup","duration":29},{"description":"Prepare assets for target platform","duration":168},{"description":"Prepare splash screen","duration":1},{"description":"Building scenes","duration":2296},{"description":"Build scripts DLLs","duration":59},{"description":"Build GlobalGameManagers file","duration":186},{"description":"Writing asset files","duration":7010},{"description":"Building Resources/unity_builtin_extra","duration":187},{"description":"Creating compressed player package","duration":1647},{"description":"Write data build dirty tracking information","duration":355},{"description":"Postprocess built player","duration":509917}],"duration":560839}
[PhysX] Initialized MultithreadedTaskDispatcher with 16 workers.
Unloading 0 Unused Serialized files (Serialized files now loaded: 0)
Loaded scene 'Temp/__Backupscenes/0.backup'
	Deserialize:            0.739 ms
	Integration:            329.494 ms
	Integration of assets:  0.004 ms
	Thread Wait Time:       0.023 ms
	Total Operation Time:   330.260 ms
Unloading 0 unused Assets / (2.3 MB). Loaded Objects now: 7716.
Memory consumption went from 206.8 MB to 204.5 MB.
Total: 10.263100 ms (FindLiveObjects: 0.681100 ms CreateObjectMapping: 0.625900 ms MarkObjects: 8.910500 ms  DeleteObjects: 0.043900 ms)

[Builder] Done: C:/Users/slimboiliu/PartyBlock-WeChatMiniGame\webgl
UnityEngine.StackTraceUtility:ExtractStackTrace ()
UnityEngine.DebugLogHandler:LogFormat (UnityEngine.LogType,UnityEngine.Object,string,object[])
UnityEngine.Logger:LogFormat (UnityEngine.LogType,string,object[])
UnityEngine.Debug:LogFormat (string,object[])
WeChatWASM.WXConvertCore:Build () (at Assets/WX-WASM-SDK-V2/Editor/WXConvertCore.cs:1137)
WeChatWASM.WXConvertCore:DoExport (bool) (at Assets/WX-WASM-SDK-V2/Editor/WXConvertCore.cs:208)
StableWechatMiniGameExporter:Export () (at Assets/Editor/StableWechatMiniGameExporter.cs:9)

(Filename: Assets/WX-WASM-SDK-V2/Editor/WXConvertCore.cs Line: 1137)

preprocessSymbols failed. symFile1:C:\Users\slimboiliu\PartyBlock-Stable-WebGLBuild\Library\Bee\artifacts\WeixinMiniGame\build\debug_WebGL_wasm\build.js.symbols, exportSymbolJsonPathC:/Users/slimboiliu/PartyBlock-WeChatMiniGame\webgl\Build\webgl.symbols.json, ex:System.IO.DirectoryNotFoundException: Could not find a part of the path "C:\Users\slimboiliu\PartyBlock-Stable-WebGLBuild\Library\Bee\artifacts\WeixinMiniGame\build\debug_WebGL_wasm\build.js.symbols".
  at System.IO.FileStream..ctor (System.String path, System.IO.FileMode mode, System.IO.FileAccess access, System.IO.FileShare share, System.Int32 bufferSize, System.Boolean anonymous, System.IO.FileOptions options) [0x00164] in <1071a2cb0cb3433aae80a793c277a048>:0 
  at System.IO.FileStream..ctor (System.String path, System.IO.FileMode mode, System.IO.FileAccess access, System.IO.FileShare share, System.Int32 bufferSize, System.IO.FileOptions options) [0x00000] in <1071a2cb0cb3433aae80a793c277a048>:0 
  at (wrapper remoting-invoke-with-check) System.IO.FileStream..ctor(string,System.IO.FileMode,System.IO.FileAccess,System.IO.FileShare,int,System.IO.FileOptions)
  at System.IO.StreamReader..ctor (System.String path, System.Text.Encoding encoding, System.Boolean detectEncodingFromByteOrderMarks, System.Int32 bufferSize) [0x00055] in <1071a2cb0cb3433aae80a793c277a048>:0 
  at System.IO.StreamReader..ctor (System.String path, System.Boolean detectEncodingFromByteOrderMarks) [0x00007] in <1071a2cb0cb3433aae80a793c277a048>:0 
  at System.IO.StreamReader..ctor (System.String path) [0x00000] in <1071a2cb0cb3433aae80a793c277a048>:0 
  at (wrapper remoting-invoke-with-check) System.IO.StreamReader..ctor(string)
  at WeChatWASM.UnityUtil.preprocessSymbols (System.String symFile1, System.String exportSymbolJsonPath) [0x00002] in <0cd682960ad244dabefc600d77e8c4cb>:0 
UnityEngine.StackTraceUtility:ExtractStackTrace ()
UnityEngine.DebugLogHandler:LogFormat (UnityEngine.LogType,UnityEngine.Object,string,object[])
UnityEngine.Logger:Log (UnityEngine.LogType,object)
UnityEngine.Debug:LogError (object)
WeChatWASM.UnityUtil:preprocessSymbols (string,string)
WeChatWASM.WXConvertCore:DoExport (bool) (at Assets/WX-WASM-SDK-V2/Editor/WXConvertCore.cs:227)
StableWechatMiniGameExporter:Export () (at Assets/Editor/StableWechatMiniGameExporter.cs:9)

(Filename: Assets/WX-WASM-SDK-V2/Editor/WXConvertCore.cs Line: 227)

[Converter] Starting to adapt framework. Dst: C:/Users/slimboiliu/PartyBlock-WeChatMiniGame
UnityEngine.StackTraceUtility:ExtractStackTrace ()
UnityEngine.DebugLogHandler:LogFormat (UnityEngine.LogType,UnityEngine.Object,string,object[])
UnityEngine.Logger:LogFormat (UnityEngine.LogType,string,object[])
UnityEngine.Debug:LogFormat (string,object[])
WeChatWASM.WXConvertCore:ConvertCode () (at Assets/WX-WASM-SDK-V2/Editor/WXConvertCore.cs:814)
WeChatWASM.WXConvertCore:DoExport (bool) (at Assets/WX-WASM-SDK-V2/Editor/WXConvertCore.cs:231)
StableWechatMiniGameExporter:Export () (at Assets/Editor/StableWechatMiniGameExporter.cs:9)

(Filename: Assets/WX-WASM-SDK-V2/Editor/WXConvertCore.cs Line: 814)

 WXConvertCore.UseiOSMetal False
UnityEngine.StackTraceUtility:ExtractStackTrace ()
UnityEngine.DebugLogHandler:LogFormat (UnityEngine.LogType,UnityEngine.Object,string,object[])
UnityEngine.Logger:Log (UnityEngine.LogType,object)
UnityEngine.Debug:Log (object)
WeChatWASM.ReplaceRules:.cctor ()
WeChatWASM.WXConvertCore:ConvertCode () (at Assets/WX-WASM-SDK-V2/Editor/WXConvertCore.cs:837)
WeChatWASM.WXConvertCore:DoExport (bool) (at Assets/WX-WASM-SDK-V2/Editor/WXConvertCore.cs:231)
StableWechatMiniGameExporter:Export () (at Assets/Editor/StableWechatMiniGameExporter.cs:9)

(Filename: Assets/WX-WASM-SDK-V2/Editor/WXConvertCore.cs Line: 837)

DisplayProgressbar: Converting...，1/134
DisplayProgressbar: Converting...，2/134
DisplayProgressbar: Converting...，3/134
UnMatched WXReplaceRules rule: self\[(["'])performance(["'])\]\[(["'])now(["'])\]
UnityEngine.StackTraceUtility:ExtractStackTrace ()
UnityEngine.DebugLogHandler:LogFormat (UnityEngine.LogType,UnityEngine.Object,string,object[])
UnityEngine.Logger:Log (UnityEngine.LogType,object)
UnityEngine.Debug:Log (object)
WeChatWASM.WXConvertCore:ShowMatchFailedWarning (string,string,string) (at Assets/WX-WASM-SDK-V2/Editor/WXConvertCore.cs:2292)
WeChatWASM.WXConvertCore:ConvertCode () (at Assets/WX-WASM-SDK-V2/Editor/WXConvertCore.cs:844)
WeChatWASM.WXConvertCore:DoExport (bool) (at Assets/WX-WASM-SDK-V2/Editor/WXConvertCore.cs:231)
StableWechatMiniGameExporter:Export () (at Assets/Editor/StableWechatMiniGameExporter.cs:9)

(Filename: Assets/WX-WASM-SDK-V2/Editor/WXConvertCore.cs Line: 2292)

DisplayProgressbar: Converting...，4/134
UnMatched WXReplaceRules rule: self\[(["'])performance(["'])\]
UnityEngine.StackTraceUtility:ExtractStackTrace ()
UnityEngine.DebugLogHandler:LogFormat (UnityEngine.LogType,UnityEngine.Object,string,object[])
UnityEngine.Logger:Log (UnityEngine.LogType,object)
UnityEngine.Debug:Log (object)
WeChatWASM.WXConvertCore:ShowMatchFailedWarning (string,string,string) (at Assets/WX-WASM-SDK-V2/Editor/WXConvertCore.cs:2292)
WeChatWASM.WXConvertCore:ConvertCode () (at Assets/WX-WASM-SDK-V2/Editor/WXConvertCore.cs:844)
WeChatWASM.WXConvertCore:DoExport (bool) (at Assets/WX-WASM-SDK-V2/Editor/WXConvertCore.cs:231)
StableWechatMiniGameExporter:Export () (at Assets/Editor/StableWechatMiniGameExporter.cs:9)

(Filename: Assets/WX-WASM-SDK-V2/Editor/WXConvertCore.cs Line: 2292)

DisplayProgressbar: Converting...，5/134
DisplayProgressbar: Converting...，6/134
DisplayProgressbar: Converting...，7/134
DisplayProgressbar: Converting...，8/134
UnMatched WXReplaceRules rule: context.createScriptProcessor *\( *\$1, *0
UnityEngine.StackTraceUtility:ExtractStackTrace ()
UnityEngine.DebugLogHandler:LogFormat (UnityEngine.LogType,UnityEngine.Object,string,object[])
UnityEngine.Logger:Log (UnityEngine.LogType,object)
UnityEngine.Debug:Log (object)
WeChatWASM.WXConvertCore:ShowMatchFailedWarning (string,string,string) (at Assets/WX-WASM-SDK-V2/Editor/WXConvertCore.cs:2292)
WeChatWASM.WXConvertCore:ConvertCode () (at Assets/WX-WASM-SDK-V2/Editor/WXConvertCore.cs:844)
WeChatWASM.WXConvertCore:DoExport (bool) (at Assets/WX-WASM-SDK-V2/Editor/WXConvertCore.cs:231)
StableWechatMiniGameExporter:Export () (at Assets/Editor/StableWechatMiniGameExporter.cs:9)

(Filename: Assets/WX-WASM-SDK-V2/Editor/WXConvertCore.cs Line: 2292)

DisplayProgressbar: Converting...，9/134
UnMatched WXReplaceRules rule: eval *\(UTF8ToString *\(ptr *\) *\)
UnityEngine.StackTraceUtility:ExtractStackTrace ()
UnityEngine.DebugLogHandler:LogFormat (UnityEngine.LogType,UnityEngine.Object,string,object[])
UnityEngine.Logger:Log (UnityEngine.LogType,object)
UnityEngine.Debug:Log (object)
WeChatWASM.WXConvertCore:ShowMatchFailedWarning (string,string,string) (at Assets/WX-WASM-SDK-V2/Editor/WXConvertCore.cs:2292)
WeChatWASM.WXConvertCore:ConvertCode () (at Assets/WX-WASM-SDK-V2/Editor/WXConvertCore.cs:844)
WeChatWASM.WXConvertCore:DoExport (bool) (at Assets/WX-WASM-SDK-V2/Editor/WXConvertCore.cs:231)
StableWechatMiniGameExporter:Export () (at Assets/Editor/StableWechatMiniGameExporter.cs:9)

(Filename: Assets/WX-WASM-SDK-V2/Editor/WXConvertCore.cs Line: 2292)

DisplayProgressbar: Converting...，10/134
UnMatched WXReplaceRules rule: eval *\(Pointer_stringify *\(ptr *\) *\)
UnityEngine.StackTraceUtility:ExtractStackTrace ()
UnityEngine.DebugLogHandler:LogFormat (UnityEngine.LogType,UnityEngine.Object,string,object[])
UnityEngine.Logger:Log (UnityEngine.LogType,object)
UnityEngine.Debug:Log (object)
WeChatWASM.WXConvertCore:ShowMatchFailedWarning (string,string,string) (at Assets/WX-WASM-SDK-V2/Editor/WXConvertCore.cs:2292)
WeChatWASM.WXConvertCore:ConvertCode () (at Assets/WX-WASM-SDK-V2/Editor/WXConvertCore.cs:844)
WeChatWASM.WXConvertCore:DoExport (bool) (at Assets/WX-WASM-SDK-V2/Editor/WXConvertCore.cs:231)
StableWechatMiniGameExporter:Export () (at Assets/Editor/StableWechatMiniGameExporter.cs:9)

(Filename: Assets/WX-WASM-SDK-V2/Editor/WXConvertCore.cs Line: 2292)

DisplayProgressbar: Converting...，11/134
UnMatched WXReplaceRules rule: delete *mWorkletNode
UnityEngine.StackTraceUtility:ExtractStackTrace ()
UnityEngine.DebugLogHandler:LogFormat (UnityEngine.LogType,UnityEngine.Object,string,object[])
UnityEngine.Logger:Log (UnityEngine.LogType,object)
UnityEngine.Debug:Log (object)
WeChatWASM.WXConvertCore:ShowMatchFailedWarning (string,string,string) (at Assets/WX-WASM-SDK-V2/Editor/WXConvertCore.cs:2292)
WeChatWASM.WXConvertCore:ConvertCode () (at Assets/WX-WASM-SDK-V2/Editor/WXConvertCore.cs:844)
WeChatWASM.WXConvertCore:DoExport (bool) (at Assets/WX-WASM-SDK-V2/Editor/WXConvertCore.cs:231)
StableWechatMiniGameExporter:Export () (at Assets/Editor/StableWechatMiniGameExporter.cs:9)

(Filename: Assets/WX-WASM-SDK-V2/Editor/WXConvertCore.cs Line: 2292)

DisplayProgressbar: Converting...，12/134
UnMatched WXReplaceRules rule: window.addEventListener\((["'])touchend(["']), *OutputWebAudio_resumeAudio, *false*\);
UnityEngine.StackTraceUtility:ExtractStackTrace ()
UnityEngine.DebugLogHandler:LogFormat (UnityEngine.LogType,UnityEngine.Object,string,object[])
UnityEngine.Logger:Log (UnityEngine.LogType,object)
UnityEngine.Debug:Log (object)
WeChatWASM.WXConvertCore:ShowMatchFailedWarning (string,string,string) (at Assets/WX-WASM-SDK-V2/Editor/WXConvertCore.cs:2292)
WeChatWASM.WXConvertCore:ConvertCode () (at Assets/WX-WASM-SDK-V2/Editor/WXConvertCore.cs:844)
WeChatWASM.WXConvertCore:DoExport (bool) (at Assets/WX-WASM-SDK-V2/Editor/WXConvertCore.cs:231)
StableWechatMiniGameExporter:Export () (at Assets/Editor/StableWechatMiniGameExporter.cs:9)

(Filename: Assets/WX-WASM-SDK-V2/Editor/WXConvertCore.cs Line: 2292)

DisplayProgressbar: Converting...，13/134
UnMatched WXReplaceRules rule: window.addEventListener*\((["'])click(["']), *OutputWebAudio_resumeAudio, *false*\)
UnityEngine.StackTraceUtility:ExtractStackTrace ()
UnityEngine.DebugLogHandler:LogFormat (UnityEngine.LogType,UnityEngine.Object,string,object[])
UnityEngine.Logger:Log (UnityEngine.LogType,object)
UnityEngine.Debug:Log (object)
WeChatWASM.WXConvertCore:ShowMatchFailedWarning (string,string,string) (at Assets/WX-WASM-SDK-V2/Editor/WXConvertCore.cs:2292)
WeChatWASM.WXConvertCore:ConvertCode () (at Assets/WX-WASM-SDK-V2/Editor/WXConvertCore.cs:844)
WeChatWASM.WXConvertCore:DoExport (bool) (at Assets/WX-WASM-SDK-V2/Editor/WXConvertCore.cs:231)
StableWechatMiniGameExporter:Export () (at Assets/Editor/StableWechatMiniGameExporter.cs:9)

(Filename: Assets/WX-WASM-SDK-V2/Editor/WXConvertCore.cs Line: 2292)

DisplayProgressbar: Converting...，14/134
UnMatched WXReplaceRules rule: window.removeEventListener\((["'])click(["']), *OutputWebAudio_resumeAudio, *false*\);
UnityEngine.StackTraceUtility:ExtractStackTrace ()
UnityEngine.DebugLogHandler:LogFormat (UnityEngine.LogType,UnityEngine.Object,string,object[])
UnityEngine.Logger:Log (UnityEngine.LogType,object)
UnityEngine.Debug:Log (object)
WeChatWASM.WXConvertCore:ShowMatchFailedWarning (string,string,string) (at Assets/WX-WASM-SDK-V2/Editor/WXConvertCore.cs:2292)
WeChatWASM.WXConvertCore:ConvertCode () (at Assets/WX-WASM-SDK-V2/Editor/WXConvertCore.cs:844)
WeChatWASM.WXConvertCore:DoExport (bool) (at Assets/WX-WASM-SDK-V2/Editor/WXConvertCore.cs:231)
StableWechatMiniGameExporter:Export () (at Assets/Editor/StableWechatMiniGameExporter.cs:9)

(Filename: Assets/WX-WASM-SDK-V2/Editor/WXConvertCore.cs Line: 2292)

DisplayProgressbar: Converting...，15/134
UnMatched WXReplaceRules rule: window.removeEventListener*\((["'])touchend(["']), *OutputWebAudio_resumeAudio, *false*\)
UnityEngine.StackTraceUtility:ExtractStackTrace ()
UnityEngine.DebugLogHandler:LogFormat (UnityEngine.LogType,UnityEngine.Object,string,object[])
UnityEngine.Logger:Log (UnityEngine.LogType,object)
UnityEngine.Debug:Log (object)
WeChatWASM.WXConvertCore:ShowMatchFailedWarning (string,string,string) (at Assets/WX-WASM-SDK-V2/Editor/WXConvertCore.cs:2292)
WeChatWASM.WXConvertCore:ConvertCode () (at Assets/WX-WASM-SDK-V2/Editor/WXConvertCore.cs:844)
WeChatWASM.WXConvertCore:DoExport (bool) (at Assets/WX-WASM-SDK-V2/Editor/WXConvertCore.cs:231)
StableWechatMiniGameExporter:Export () (at Assets/Editor/StableWechatMiniGameExporter.cs:9)

(Filename: Assets/WX-WASM-SDK-V2/Editor/WXConvertCore.cs Line: 2292)

DisplayProgressbar: Converting...，16/134
UnMatched WXReplaceRules rule: window.removeEventListener\((["'])click(["']), *OutputAudioWorklet_resumeAudio, *false*\);
UnityEngine.StackTraceUtility:ExtractStackTrace ()
UnityEngine.DebugLogHandler:LogFormat (UnityEngine.LogType,UnityEngine.Object,string,object[])
UnityEngine.Logger:Log (UnityEngine.LogType,object)
UnityEngine.Debug:Log (object)
WeChatWASM.WXConvertCore:ShowMatchFailedWarning (string,string,string) (at Assets/WX-WASM-SDK-V2/Editor/WXConvertCore.cs:2292)
WeChatWASM.WXConvertCore:ConvertCode () (at Assets/WX-WASM-SDK-V2/Editor/WXConvertCore.cs:844)
WeChatWASM.WXConvertCore:DoExport (bool) (at Assets/WX-WASM-SDK-V2/Editor/WXConvertCore.cs:231)
StableWechatMiniGameExporter:Export () (at Assets/Editor/StableWechatMiniGameExporter.cs:9)

(Filename: Assets/WX-WASM-SDK-V2/Editor/WXConvertCore.cs Line: 2292)

DisplayProgressbar: Converting...，17/134
UnMatched WXReplaceRules rule: window.removeEventListener*\((["'])touchend(["']), *OutputAudioWorklet_resumeAudio, *false*\)
UnityEngine.StackTraceUtility:ExtractStackTrace ()
UnityEngine.DebugLogHandler:LogFormat (UnityEngine.LogType,UnityEngine.Object,string,object[])
UnityEngine.Logger:Log (UnityEngine.LogType,object)
UnityEngine.Debug:Log (object)
WeChatWASM.WXConvertCore:ShowMatchFailedWarning (string,string,string) (at Assets/WX-WASM-SDK-V2/Editor/WXConvertCore.cs:2292)
WeChatWASM.WXConvertCore:ConvertCode () (at Assets/WX-WASM-SDK-V2/Editor/WXConvertCore.cs:844)
WeChatWASM.WXConvertCore:DoExport (bool) (at Assets/WX-WASM-SDK-V2/Editor/WXConvertCore.cs:231)
StableWechatMiniGameExporter:Export () (at Assets/Editor/StableWechatMiniGameExporter.cs:9)

(Filename: Assets/WX-WASM-SDK-V2/Editor/WXConvertCore.cs Line: 2292)

DisplayProgressbar: Converting...，18/134
UnMatched WXReplaceRules rule: window.addEventListener\((["'])touchend(["']), *OutputAudioWorklet_resumeAudio, *false*\);
UnityEngine.StackTraceUtility:ExtractStackTrace ()
UnityEngine.DebugLogHandler:LogFormat (UnityEngine.LogType,UnityEngine.Object,string,object[])
UnityEngine.Logger:Log (UnityEngine.LogType,object)
UnityEngine.Debug:Log (object)
WeChatWASM.WXConvertCore:ShowMatchFailedWarning (string,string,string) (at Assets/WX-WASM-SDK-V2/Editor/WXConvertCore.cs:2292)
WeChatWASM.WXConvertCore:ConvertCode () (at Assets/WX-WASM-SDK-V2/Editor/WXConvertCore.cs:844)
WeChatWASM.WXConvertCore:DoExport (bool) (at Assets/WX-WASM-SDK-V2/Editor/WXConvertCore.cs:231)
StableWechatMiniGameExporter:Export () (at Assets/Editor/StableWechatMiniGameExporter.cs:9)

(Filename: Assets/WX-WASM-SDK-V2/Editor/WXConvertCore.cs Line: 2292)

DisplayProgressbar: Converting...，19/134
UnMatched WXReplaceRules rule: window.addEventListener*\((["'])click(["']), *OutputAudioWorklet_resumeAudio, *false*\)
UnityEngine.StackTraceUtility:ExtractStackTrace ()
UnityEngine.DebugLogHandler:LogFormat (UnityEngine.LogType,UnityEngine.Object,string,object[])
UnityEngine.Logger:Log (UnityEngine.LogType,object)
UnityEngine.Debug:Log (object)
WeChatWASM.WXConvertCore:ShowMatchFailedWarning (string,string,string) (at Assets/WX-WASM-SDK-V2/Editor/WXConvertCore.cs:2292)
WeChatWASM.WXConvertCore:ConvertCode () (at Assets/WX-WASM-SDK-V2/Editor/WXConvertCore.cs:844)
WeChatWASM.WXConvertCore:DoExport (bool) (at Assets/WX-WASM-SDK-V2/Editor/WXConvertCore.cs:231)
StableWechatMiniGameExporter:Export () (at Assets/Editor/StableWechatMiniGameExporter.cs:9)

(Filename: Assets/WX-WASM-SDK-V2/Editor/WXConvertCore.cs Line: 2292)

DisplayProgressbar: Converting...，20/134
DisplayProgressbar: Converting...，21/134
UnMatched WXReplaceRules rule: self.AudioWorkletNode
UnityEngine.StackTraceUtility:ExtractStackTrace ()
UnityEngine.DebugLogHandler:LogFormat (UnityEngine.LogType,UnityEngine.Object,string,object[])
UnityEngine.Logger:Log (UnityEngine.LogType,object)
UnityEngine.Debug:Log (object)
WeChatWASM.WXConvertCore:ShowMatchFailedWarning (string,string,string) (at Assets/WX-WASM-SDK-V2/Editor/WXConvertCore.cs:2292)
WeChatWASM.WXConvertCore:ConvertCode () (at Assets/WX-WASM-SDK-V2/Editor/WXConvertCore.cs:844)
WeChatWASM.WXConvertCore:DoExport (bool) (at Assets/WX-WASM-SDK-V2/Editor/WXConvertCore.cs:231)
StableWechatMiniGameExporter:Export () (at Assets/Editor/StableWechatMiniGameExporter.cs:9)

(Filename: Assets/WX-WASM-SDK-V2/Editor/WXConvertCore.cs Line: 2292)

DisplayProgressbar: Converting...，22/134
UnMatched WXReplaceRules rule: self.SharedArrayBuffer
UnityEngine.StackTraceUtility:ExtractStackTrace ()
UnityEngine.DebugLogHandler:LogFormat (UnityEngine.LogType,UnityEngine.Object,string,object[])
UnityEngine.Logger:Log (UnityEngine.LogType,object)
UnityEngine.Debug:Log (object)
WeChatWASM.WXConvertCore:ShowMatchFailedWarning (string,string,string) (at Assets/WX-WASM-SDK-V2/Editor/WXConvertCore.cs:2292)
WeChatWASM.WXConvertCore:ConvertCode () (at Assets/WX-WASM-SDK-V2/Editor/WXConvertCore.cs:844)
WeChatWASM.WXConvertCore:DoExport (bool) (at Assets/WX-WASM-SDK-V2/Editor/WXConvertCore.cs:231)
StableWechatMiniGameExporter:Export () (at Assets/Editor/StableWechatMiniGameExporter.cs:9)

(Filename: Assets/WX-WASM-SDK-V2/Editor/WXConvertCore.cs Line: 2292)

DisplayProgressbar: Converting...，23/134
UnMatched WXReplaceRules rule: self.crossOriginIsolated
UnityEngine.StackTraceUtility:ExtractStackTrace ()
UnityEngine.DebugLogHandler:LogFormat (UnityEngine.LogType,UnityEngine.Object,string,object[])
UnityEngine.Logger:Log (UnityEngine.LogType,object)
UnityEngine.Debug:Log (object)
WeChatWASM.WXConvertCore:ShowMatchFailedWarning (string,string,string) (at Assets/WX-WASM-SDK-V2/Editor/WXConvertCore.cs:2292)
WeChatWASM.WXConvertCore:ConvertCode () (at Assets/WX-WASM-SDK-V2/Editor/WXConvertCore.cs:844)
WeChatWASM.WXConvertCore:DoExport (bool) (at Assets/WX-WASM-SDK-V2/Editor/WXConvertCore.cs:231)
StableWechatMiniGameExporter:Export () (at Assets/Editor/StableWechatMiniGameExporter.cs:9)

(Filename: Assets/WX-WASM-SDK-V2/Editor/WXConvertCore.cs Line: 2292)

DisplayProgressbar: Converting...，24/134
UnMatched WXReplaceRules rule: (new Error).stack.toString()
UnityEngine.StackTraceUtility:ExtractStackTrace ()
UnityEngine.DebugLogHandler:LogFormat (UnityEngine.LogType,UnityEngine.Object,string,object[])
UnityEngine.Logger:Log (UnityEngine.LogType,object)
UnityEngine.Debug:Log (object)
WeChatWASM.WXConvertCore:ShowMatchFailedWarning (string,string,string) (at Assets/WX-WASM-SDK-V2/Editor/WXConvertCore.cs:2292)
WeChatWASM.WXConvertCore:ConvertCode () (at Assets/WX-WASM-SDK-V2/Editor/WXConvertCore.cs:844)
WeChatWASM.WXConvertCore:DoExport (bool) (at Assets/WX-WASM-SDK-V2/Editor/WXConvertCore.cs:231)
StableWechatMiniGameExporter:Export () (at Assets/Editor/StableWechatMiniGameExporter.cs:9)

(Filename: Assets/WX-WASM-SDK-V2/Editor/WXConvertCore.cs Line: 2292)

DisplayProgressbar: Converting...，25/134
UnMatched WXReplaceRules rule: if *\(location.search.toLowerCase
UnityEngine.StackTraceUtility:ExtractStackTrace ()
UnityEngine.DebugLogHandler:LogFormat (UnityEngine.LogType,UnityEngine.Object,string,object[])
UnityEngine.Logger:Log (UnityEngine.LogType,object)
UnityEngine.Debug:Log (object)
WeChatWASM.WXConvertCore:ShowMatchFailedWarning (string,string,string) (at Assets/WX-WASM-SDK-V2/Editor/WXConvertCore.cs:2292)
WeChatWASM.WXConvertCore:ConvertCode () (at Assets/WX-WASM-SDK-V2/Editor/WXConvertCore.cs:844)
WeChatWASM.WXConvertCore:DoExport (bool) (at Assets/WX-WASM-SDK-V2/Editor/WXConvertCore.cs:231)
StableWechatMiniGameExporter:Export () (at Assets/Editor/StableWechatMiniGameExporter.cs:9)

(Filename: Assets/WX-WASM-SDK-V2/Editor/WXConvertCore.cs Line: 2292)

DisplayProgressbar: Converting...，26/134
UnMatched WXReplaceRules rule: if *\(this.hookStackAlloc
UnityEngine.StackTraceUtility:ExtractStackTrace ()
UnityEngine.DebugLogHandler:LogFormat (UnityEngine.LogType,UnityEngine.Object,string,object[])
UnityEngine.Logger:Log (UnityEngine.LogType,object)
UnityEngine.Debug:Log (object)
WeChatWASM.WXConvertCore:ShowMatchFailedWarning (string,string,string) (at Assets/WX-WASM-SDK-V2/Editor/WXConvertCore.cs:2292)
WeChatWASM.WXConvertCore:ConvertCode () (at Assets/WX-WASM-SDK-V2/Editor/WXConvertCore.cs:844)
WeChatWASM.WXConvertCore:DoExport (bool) (at Assets/WX-WASM-SDK-V2/Editor/WXConvertCore.cs:231)
StableWechatMiniGameExporter:Export () (at Assets/Editor/StableWechatMiniGameExporter.cs:9)

(Filename: Assets/WX-WASM-SDK-V2/Editor/WXConvertCore.cs Line: 2292)

DisplayProgressbar: Converting...，27/134
UnMatched WXReplaceRules rule: allocateStatistics: *false
UnityEngine.StackTraceUtility:ExtractStackTrace ()
UnityEngine.DebugLogHandler:LogFormat (UnityEngine.LogType,UnityEngine.Object,string,object[])
UnityEngine.Logger:Log (UnityEngine.LogType,object)
UnityEngine.Debug:Log (object)
WeChatWASM.WXConvertCore:ShowMatchFailedWarning (string,string,string) (at Assets/WX-WASM-SDK-V2/Editor/WXConvertCore.cs:2292)
WeChatWASM.WXConvertCore:ConvertCode () (at Assets/WX-WASM-SDK-V2/Editor/WXConvertCore.cs:844)
WeChatWASM.WXConvertCore:DoExport (bool) (at Assets/WX-WASM-SDK-V2/Editor/WXConvertCore.cs:231)
StableWechatMiniGameExporter:Export () (at Assets/Editor/StableWechatMiniGameExporter.cs:9)

(Filename: Assets/WX-WASM-SDK-V2/Editor/WXConvertCore.cs Line: 2292)

DisplayProgressbar: Converting...，28/134
UnMatched WXReplaceRules rule: this.allocationSiteStatistics\[str\] *= *\[0, *0\]
UnityEngine.StackTraceUtility:ExtractStackTrace ()
UnityEngine.DebugLogHandler:LogFormat (UnityEngine.LogType,UnityEngine.Object,string,object[])
UnityEngine.Logger:Log (UnityEngine.LogType,object)
UnityEngine.Debug:Log (object)
WeChatWASM.WXConvertCore:ShowMatchFailedWarning (string,string,string) (at Assets/WX-WASM-SDK-V2/Editor/WXConvertCore.cs:2292)
WeChatWASM.WXConvertCore:ConvertCode () (at Assets/WX-WASM-SDK-V2/Editor/WXConvertCore.cs:844)
WeChatWASM.WXConvertCore:DoExport (bool) (at Assets/WX-WASM-SDK-V2/Editor/WXConvertCore.cs:231)
StableWechatMiniGameExporter:Export () (at Assets/Editor/StableWechatMiniGameExporter.cs:9)

(Filename: Assets/WX-WASM-SDK-V2/Editor/WXConvertCore.cs Line: 2292)

DisplayProgressbar: Converting...，29/134
UnMatched WXReplaceRules rule: this.allocationSiteStatistics\[str\]\[1\] *-= *sz
UnityEngine.StackTraceUtility:ExtractStackTrace ()
UnityEngine.DebugLogHandler:LogFormat (UnityEngine.LogType,UnityEngine.Object,string,object[])
UnityEngine.Logger:Log (UnityEngine.LogType,object)
UnityEngine.Debug:Log (object)
WeChatWASM.WXConvertCore:ShowMatchFailedWarning (string,string,string) (at Assets/WX-WASM-SDK-V2/Editor/WXConvertCore.cs:2292)
WeChatWASM.WXConvertCore:ConvertCode () (at Assets/WX-WASM-SDK-V2/Editor/WXConvertCore.cs:844)
WeChatWASM.WXConvertCore:DoExport (bool) (at Assets/WX-WASM-SDK-V2/Editor/WXConvertCore.cs:231)
StableWechatMiniGameExporter:Export () (at Assets/Editor/StableWechatMiniGameExporter.cs:9)

(Filename: Assets/WX-WASM-SDK-V2/Editor/WXConvertCore.cs Line: 2292)

DisplayProgressbar: Converting...，30/134
DisplayProgressbar: Converting...，31/134
DisplayProgressbar: Converting...，32/134
DisplayProgressbar: Converting...，33/134
UnMatched WXReplaceRules rule: if *\(!\(Module\[(["'])wasmMemory(["'])\]
UnityEngine.StackTraceUtility:ExtractStackTrace ()
UnityEngine.DebugLogHandler:LogFormat (UnityEngine.LogType,UnityEngine.Object,string,object[])
UnityEngine.Logger:Log (UnityEngine.LogType,object)
UnityEngine.Debug:Log (object)
WeChatWASM.WXConvertCore:ShowMatchFailedWarning (string,string,string) (at Assets/WX-WASM-SDK-V2/Editor/WXConvertCore.cs:2292)
WeChatWASM.WXConvertCore:ConvertCode () (at Assets/WX-WASM-SDK-V2/Editor/WXConvertCore.cs:844)
WeChatWASM.WXConvertCore:DoExport (bool) (at Assets/WX-WASM-SDK-V2/Editor/WXConvertCore.cs:231)
StableWechatMiniGameExporter:Export () (at Assets/Editor/StableWechatMiniGameExporter.cs:9)

(Filename: Assets/WX-WASM-SDK-V2/Editor/WXConvertCore.cs Line: 2292)

DisplayProgressbar: Converting...，34/134
UnMatched WXReplaceRules rule: function *getBinary *\( *\)(\s)*{
UnityEngine.StackTraceUtility:ExtractStackTrace ()
UnityEngine.DebugLogHandler:LogFormat (UnityEngine.LogType,UnityEngine.Object,string,object[])
UnityEngine.Logger:Log (UnityEngine.LogType,object)
UnityEngine.Debug:Log (object)
WeChatWASM.WXConvertCore:ShowMatchFailedWarning (string,string,string) (at Assets/WX-WASM-SDK-V2/Editor/WXConvertCore.cs:2292)
WeChatWASM.WXConvertCore:ConvertCode () (at Assets/WX-WASM-SDK-V2/Editor/WXConvertCore.cs:844)
WeChatWASM.WXConvertCore:DoExport (bool) (at Assets/WX-WASM-SDK-V2/Editor/WXConvertCore.cs:231)
StableWechatMiniGameExporter:Export () (at Assets/Editor/StableWechatMiniGameExporter.cs:9)

(Filename: Assets/WX-WASM-SDK-V2/Editor/WXConvertCore.cs Line: 2292)

DisplayProgressbar: Converting...，35/134
DisplayProgressbar: Converting...，36/134
DisplayProgressbar: Converting...，37/134
DisplayProgressbar: Converting...，38/134
DisplayProgressbar: Converting...，39/134
DisplayProgressbar: Converting...，40/134
DisplayProgressbar: Converting...，41/134
UnMatched WXReplaceRules rule: : *_JS_Sound_GetMetaData
UnityEngine.StackTraceUtility:ExtractStackTrace ()
UnityEngine.DebugLogHandler:LogFormat (UnityEngine.LogType,UnityEngine.Object,string,object[])
UnityEngine.Logger:Log (UnityEngine.LogType,object)
UnityEngine.Debug:Log (object)
WeChatWASM.WXConvertCore:ShowMatchFailedWarning (string,string,string) (at Assets/WX-WASM-SDK-V2/Editor/WXConvertCore.cs:2292)
WeChatWASM.WXConvertCore:ConvertCode () (at Assets/WX-WASM-SDK-V2/Editor/WXConvertCore.cs:844)
WeChatWASM.WXConvertCore:DoExport (bool) (at Assets/WX-WASM-SDK-V2/Editor/WXConvertCore.cs:231)
StableWechatMiniGameExporter:Export () (at Assets/Editor/StableWechatMiniGameExporter.cs:9)

(Filename: Assets/WX-WASM-SDK-V2/Editor/WXConvertCore.cs Line: 2292)

DisplayProgressbar: Converting...，42/134
DisplayProgressbar: Converting...，43/134
UnMatched WXReplaceRules rule: unexportedRuntimeFunction\('jsAudio\S*?',\s*(?:false|true)\);\n?
UnityEngine.StackTraceUtility:ExtractStackTrace ()
UnityEngine.DebugLogHandler:LogFormat (UnityEngine.LogType,UnityEngine.Object,string,object[])
UnityEngine.Logger:Log (UnityEngine.LogType,object)
UnityEngine.Debug:Log (object)
WeChatWASM.WXConvertCore:ShowMatchFailedWarning (string,string,string) (at Assets/WX-WASM-SDK-V2/Editor/WXConvertCore.cs:2292)
WeChatWASM.WXConvertCore:ConvertCode () (at Assets/WX-WASM-SDK-V2/Editor/WXConvertCore.cs:844)
WeChatWASM.WXConvertCore:DoExport (bool) (at Assets/WX-WASM-SDK-V2/Editor/WXConvertCore.cs:231)
StableWechatMiniGameExporter:Export () (at Assets/Editor/StableWechatMiniGameExporter.cs:9)

(Filename: Assets/WX-WASM-SDK-V2/Editor/WXConvertCore.cs Line: 2292)

DisplayProgressbar: Converting...，44/134
DisplayProgressbar: Converting...，45/134
DisplayProgressbar: Converting...，46/134
DisplayProgressbar: Converting...，47/134
DisplayProgressbar: Converting...，48/134
DisplayProgressbar: Converting...，49/134
DisplayProgressbar: Converting...，50/134
UnMatched WXReplaceRules rule: assert\(typeof Module\[(["'])pthreadMainPrefixURL(["'])\]
UnityEngine.StackTraceUtility:ExtractStackTrace ()
UnityEngine.DebugLogHandler:LogFormat (UnityEngine.LogType,UnityEngine.Object,string,object[])
UnityEngine.Logger:Log (UnityEngine.LogType,object)
UnityEngine.Debug:Log (object)
WeChatWASM.WXConvertCore:ShowMatchFailedWarning (string,string,string) (at Assets/WX-WASM-SDK-V2/Editor/WXConvertCore.cs:2292)
WeChatWASM.WXConvertCore:ConvertCode () (at Assets/WX-WASM-SDK-V2/Editor/WXConvertCore.cs:844)
WeChatWASM.WXConvertCore:DoExport (bool) (at Assets/WX-WASM-SDK-V2/Editor/WXConvertCore.cs:231)
StableWechatMiniGameExporter:Export () (at Assets/Editor/StableWechatMiniGameExporter.cs:9)

(Filename: Assets/WX-WASM-SDK-V2/Editor/WXConvertCore.cs Line: 2292)

DisplayProgressbar: Converting...，51/134
DisplayProgressbar: Converting...，52/134
UnMatched WXReplaceRules rule: safeSetInterval: *\( *function *\(func, *timeout\)(\s)*{[\s\S]*?Module\[(["'])noExitRuntime(["'])\] *= *true;
UnityEngine.StackTraceUtility:ExtractStackTrace ()
UnityEngine.DebugLogHandler:LogFormat (UnityEngine.LogType,UnityEngine.Object,string,object[])
UnityEngine.Logger:Log (UnityEngine.LogType,object)
UnityEngine.Debug:Log (object)
WeChatWASM.WXConvertCore:ShowMatchFailedWarning (string,string,string) (at Assets/WX-WASM-SDK-V2/Editor/WXConvertCore.cs:2292)
WeChatWASM.WXConvertCore:ConvertCode () (at Assets/WX-WASM-SDK-V2/Editor/WXConvertCore.cs:844)
WeChatWASM.WXConvertCore:DoExport (bool) (at Assets/WX-WASM-SDK-V2/Editor/WXConvertCore.cs:231)
StableWechatMiniGameExporter:Export () (at Assets/Editor/StableWechatMiniGameExporter.cs:9)

(Filename: Assets/WX-WASM-SDK-V2/Editor/WXConvertCore.cs Line: 2292)

DisplayProgressbar: Converting...，53/134
DisplayProgressbar: Converting...，54/134
UnMatched WXReplaceRules rule: _emscripten_set_main_loop_timing\(1/\*EM_TIMING_RAF\*/, 1\);
UnityEngine.StackTraceUtility:ExtractStackTrace ()
UnityEngine.DebugLogHandler:LogFormat (UnityEngine.LogType,UnityEngine.Object,string,object[])
UnityEngine.Logger:Log (UnityEngine.LogType,object)
UnityEngine.Debug:Log (object)
WeChatWASM.WXConvertCore:ShowMatchFailedWarning (string,string,string) (at Assets/WX-WASM-SDK-V2/Editor/WXConvertCore.cs:2292)
WeChatWASM.WXConvertCore:ConvertCode () (at Assets/WX-WASM-SDK-V2/Editor/WXConvertCore.cs:844)
WeChatWASM.WXConvertCore:DoExport (bool) (at Assets/WX-WASM-SDK-V2/Editor/WXConvertCore.cs:231)
StableWechatMiniGameExporter:Export () (at Assets/Editor/StableWechatMiniGameExporter.cs:9)

(Filename: Assets/WX-WASM-SDK-V2/Editor/WXConvertCore.cs Line: 2292)

DisplayProgressbar: Converting...，55/134
UnMatched WXReplaceRules rule: (["'])parent(["']): *Module\b
UnityEngine.StackTraceUtility:ExtractStackTrace ()
UnityEngine.DebugLogHandler:LogFormat (UnityEngine.LogType,UnityEngine.Object,string,object[])
UnityEngine.Logger:Log (UnityEngine.LogType,object)
UnityEngine.Debug:Log (object)
WeChatWASM.WXConvertCore:ShowMatchFailedWarning (string,string,string) (at Assets/WX-WASM-SDK-V2/Editor/WXConvertCore.cs:2292)
WeChatWASM.WXConvertCore:ConvertCode () (at Assets/WX-WASM-SDK-V2/Editor/WXConvertCore.cs:844)
WeChatWASM.WXConvertCore:DoExport (bool) (at Assets/WX-WASM-SDK-V2/Editor/WXConvertCore.cs:231)
StableWechatMiniGameExporter:Export () (at Assets/Editor/StableWechatMiniGameExporter.cs:9)

(Filename: Assets/WX-WASM-SDK-V2/Editor/WXConvertCore.cs Line: 2292)

DisplayProgressbar: Converting...，56/134
UnMatched WXReplaceRules rule: info={(["'])a(["']):asmLibraryArg}
UnityEngine.StackTraceUtility:ExtractStackTrace ()
UnityEngine.DebugLogHandler:LogFormat (UnityEngine.LogType,UnityEngine.Object,string,object[])
UnityEngine.Logger:Log (UnityEngine.LogType,object)
UnityEngine.Debug:Log (object)
WeChatWASM.WXConvertCore:ShowMatchFailedWarning (string,string,string) (at Assets/WX-WASM-SDK-V2/Editor/WXConvertCore.cs:2292)
WeChatWASM.WXConvertCore:ConvertCode () (at Assets/WX-WASM-SDK-V2/Editor/WXConvertCore.cs:844)
WeChatWASM.WXConvertCore:DoExport (bool) (at Assets/WX-WASM-SDK-V2/Editor/WXConvertCore.cs:231)
StableWechatMiniGameExporter:Export () (at Assets/Editor/StableWechatMiniGameExporter.cs:9)

(Filename: Assets/WX-WASM-SDK-V2/Editor/WXConvertCore.cs Line: 2292)

DisplayProgressbar: Converting...，57/134
DisplayProgressbar: Converting...，58/134
DisplayProgressbar: Converting...，59/134
UnMatched WXReplaceRules rule: throw(["'])abort
UnityEngine.StackTraceUtility:ExtractStackTrace ()
UnityEngine.DebugLogHandler:LogFormat (UnityEngine.LogType,UnityEngine.Object,string,object[])
UnityEngine.Logger:Log (UnityEngine.LogType,object)
UnityEngine.Debug:Log (object)
WeChatWASM.WXConvertCore:ShowMatchFailedWarning (string,string,string) (at Assets/WX-WASM-SDK-V2/Editor/WXConvertCore.cs:2292)
WeChatWASM.WXConvertCore:ConvertCode () (at Assets/WX-WASM-SDK-V2/Editor/WXConvertCore.cs:844)
WeChatWASM.WXConvertCore:DoExport (bool) (at Assets/WX-WASM-SDK-V2/Editor/WXConvertCore.cs:231)
StableWechatMiniGameExporter:Export () (at Assets/Editor/StableWechatMiniGameExporter.cs:9)

(Filename: Assets/WX-WASM-SDK-V2/Editor/WXConvertCore.cs Line: 2292)

DisplayProgressbar: Converting...，60/134
UnMatched WXReplaceRules rule: err\((["'])Looks like
UnityEngine.StackTraceUtility:ExtractStackTrace ()
UnityEngine.DebugLogHandler:LogFormat (UnityEngine.LogType,UnityEngine.Object,string,object[])
UnityEngine.Logger:Log (UnityEngine.LogType,object)
UnityEngine.Debug:Log (object)
WeChatWASM.WXConvertCore:ShowMatchFailedWarning (string,string,string) (at Assets/WX-WASM-SDK-V2/Editor/WXConvertCore.cs:2292)
WeChatWASM.WXConvertCore:ConvertCode () (at Assets/WX-WASM-SDK-V2/Editor/WXConvertCore.cs:844)
WeChatWASM.WXConvertCore:DoExport (bool) (at Assets/WX-WASM-SDK-V2/Editor/WXConvertCore.cs:231)
StableWechatMiniGameExporter:Export () (at Assets/Editor/StableWechatMiniGameExporter.cs:9)

(Filename: Assets/WX-WASM-SDK-V2/Editor/WXConvertCore.cs Line: 2292)

DisplayProgressbar: Converting...，61/134
DisplayProgressbar: Converting...，62/134
DisplayProgressbar: Converting...，63/134
DisplayProgressbar: Converting...，64/134
DisplayProgressbar: Converting...，65/134
DisplayProgressbar: Converting...，66/134
DisplayProgressbar: Converting...，67/134
DisplayProgressbar: Converting...，68/134
UnMatched WXReplaceRules rule: findEventTarget: *\(function *\(target\)(\s)*{
UnityEngine.StackTraceUtility:ExtractStackTrace ()
UnityEngine.DebugLogHandler:LogFormat (UnityEngine.LogType,UnityEngine.Object,string,object[])
UnityEngine.Logger:Log (UnityEngine.LogType,object)
UnityEngine.Debug:Log (object)
WeChatWASM.WXConvertCore:ShowMatchFailedWarning (string,string,string) (at Assets/WX-WASM-SDK-V2/Editor/WXConvertCore.cs:2292)
WeChatWASM.WXConvertCore:ConvertCode () (at Assets/WX-WASM-SDK-V2/Editor/WXConvertCore.cs:844)
WeChatWASM.WXConvertCore:DoExport (bool) (at Assets/WX-WASM-SDK-V2/Editor/WXConvertCore.cs:231)
StableWechatMiniGameExporter:Export () (at Assets/Editor/StableWechatMiniGameExporter.cs:9)

(Filename: Assets/WX-WASM-SDK-V2/Editor/WXConvertCore.cs Line: 2292)

DisplayProgressbar: Converting...，69/134
UnMatched WXReplaceRules rule: findCanvasEventTarget: *\(function *\(target\)(\s)*{
UnityEngine.StackTraceUtility:ExtractStackTrace ()
UnityEngine.DebugLogHandler:LogFormat (UnityEngine.LogType,UnityEngine.Object,string,object[])
UnityEngine.Logger:Log (UnityEngine.LogType,object)
UnityEngine.Debug:Log (object)
WeChatWASM.WXConvertCore:ShowMatchFailedWarning (string,string,string) (at Assets/WX-WASM-SDK-V2/Editor/WXConvertCore.cs:2292)
WeChatWASM.WXConvertCore:ConvertCode () (at Assets/WX-WASM-SDK-V2/Editor/WXConvertCore.cs:844)
WeChatWASM.WXConvertCore:DoExport (bool) (at Assets/WX-WASM-SDK-V2/Editor/WXConvertCore.cs:231)
StableWechatMiniGameExporter:Export () (at Assets/Editor/StableWechatMiniGameExporter.cs:9)

(Filename: Assets/WX-WASM-SDK-V2/Editor/WXConvertCore.cs Line: 2292)

DisplayProgressbar: Converting...，70/134
DisplayProgressbar: Converting...，71/134
UnMatched WXReplaceRules rule: emscriptenWebGLGetHeapForType\(type\), *pixels *>> *emscriptenWebGLGetShiftForType\(type\)
UnityEngine.StackTraceUtility:ExtractStackTrace ()
UnityEngine.DebugLogHandler:LogFormat (UnityEngine.LogType,UnityEngine.Object,string,object[])
UnityEngine.Logger:Log (UnityEngine.LogType,object)
UnityEngine.Debug:Log (object)
WeChatWASM.WXConvertCore:ShowMatchFailedWarning (string,string,string) (at Assets/WX-WASM-SDK-V2/Editor/WXConvertCore.cs:2292)
WeChatWASM.WXConvertCore:ConvertCode () (at Assets/WX-WASM-SDK-V2/Editor/WXConvertCore.cs:844)
WeChatWASM.WXConvertCore:DoExport (bool) (at Assets/WX-WASM-SDK-V2/Editor/WXConvertCore.cs:231)
StableWechatMiniGameExporter:Export () (at Assets/Editor/StableWechatMiniGameExporter.cs:9)

(Filename: Assets/WX-WASM-SDK-V2/Editor/WXConvertCore.cs Line: 2292)

DisplayProgressbar: Converting...，72/134
DisplayProgressbar: Converting...，73/134
DisplayProgressbar: Converting...，74/134
DisplayProgressbar: Converting...，75/134
DisplayProgressbar: Converting...，76/134
DisplayProgressbar: Converting...，77/134
UnMatched WXReplaceRules rule: function _JS_Focus_Window\(\) *\{
UnityEngine.StackTraceUtility:ExtractStackTrace ()
UnityEngine.DebugLogHandler:LogFormat (UnityEngine.LogType,UnityEngine.Object,string,object[])
UnityEngine.Logger:Log (UnityEngine.LogType,object)
UnityEngine.Debug:Log (object)
WeChatWASM.WXConvertCore:ShowMatchFailedWarning (string,string,string) (at Assets/WX-WASM-SDK-V2/Editor/WXConvertCore.cs:2292)
WeChatWASM.WXConvertCore:ConvertCode () (at Assets/WX-WASM-SDK-V2/Editor/WXConvertCore.cs:844)
WeChatWASM.WXConvertCore:DoExport (bool) (at Assets/WX-WASM-SDK-V2/Editor/WXConvertCore.cs:231)
StableWechatMiniGameExporter:Export () (at Assets/Editor/StableWechatMiniGameExporter.cs:9)

(Filename: Assets/WX-WASM-SDK-V2/Editor/WXConvertCore.cs Line: 2292)

DisplayProgressbar: Converting...，78/134
DisplayProgressbar: Converting...，79/134
DisplayProgressbar: Converting...，80/134
DisplayProgressbar: Converting...，81/134
DisplayProgressbar: Converting...，82/134
DisplayProgressbar: Converting...，83/134
DisplayProgressbar: Converting...，84/134
DisplayProgressbar: Converting...，85/134
DisplayProgressbar: Converting...，86/134
UnMatched WXReplaceRules rule: var result *= *WebAssembly\.instantiate *\(binary *, *info\)
UnityEngine.StackTraceUtility:ExtractStackTrace ()
UnityEngine.DebugLogHandler:LogFormat (UnityEngine.LogType,UnityEngine.Object,string,object[])
UnityEngine.Logger:Log (UnityEngine.LogType,object)
UnityEngine.Debug:Log (object)
WeChatWASM.WXConvertCore:ShowMatchFailedWarning (string,string,string) (at Assets/WX-WASM-SDK-V2/Editor/WXConvertCore.cs:2292)
WeChatWASM.WXConvertCore:ConvertCode () (at Assets/WX-WASM-SDK-V2/Editor/WXConvertCore.cs:844)
WeChatWASM.WXConvertCore:DoExport (bool) (at Assets/WX-WASM-SDK-V2/Editor/WXConvertCore.cs:231)
StableWechatMiniGameExporter:Export () (at Assets/Editor/StableWechatMiniGameExporter.cs:9)

(Filename: Assets/WX-WASM-SDK-V2/Editor/WXConvertCore.cs Line: 2292)

DisplayProgressbar: Converting...，87/134
DisplayProgressbar: Converting...，88/134
DisplayProgressbar: Converting...，89/134
UnMatched WXReplaceRules rule: return \(\(ver
UnityEngine.StackTraceUtility:ExtractStackTrace ()
UnityEngine.DebugLogHandler:LogFormat (UnityEngine.LogType,UnityEngine.Object,string,object[])
UnityEngine.Logger:Log (UnityEngine.LogType,object)
UnityEngine.Debug:Log (object)
WeChatWASM.WXConvertCore:ShowMatchFailedWarning (string,string,string) (at Assets/WX-WASM-SDK-V2/Editor/WXConvertCore.cs:2292)
WeChatWASM.WXConvertCore:ConvertCode () (at Assets/WX-WASM-SDK-V2/Editor/WXConvertCore.cs:844)
WeChatWASM.WXConvertCore:DoExport (bool) (at Assets/WX-WASM-SDK-V2/Editor/WXConvertCore.cs:231)
StableWechatMiniGameExporter:Export () (at Assets/Editor/StableWechatMiniGameExporter.cs:9)

(Filename: Assets/WX-WASM-SDK-V2/Editor/WXConvertCore.cs Line: 2292)

DisplayProgressbar: Converting...，90/134
UnMatched WXReplaceRules rule: Module.SystemInfo
UnityEngine.StackTraceUtility:ExtractStackTrace ()
UnityEngine.DebugLogHandler:LogFormat (UnityEngine.LogType,UnityEngine.Object,string,object[])
UnityEngine.Logger:Log (UnityEngine.LogType,object)
UnityEngine.Debug:Log (object)
WeChatWASM.WXConvertCore:ShowMatchFailedWarning (string,string,string) (at Assets/WX-WASM-SDK-V2/Editor/WXConvertCore.cs:2292)
WeChatWASM.WXConvertCore:ConvertCode () (at Assets/WX-WASM-SDK-V2/Editor/WXConvertCore.cs:844)
WeChatWASM.WXConvertCore:DoExport (bool) (at Assets/WX-WASM-SDK-V2/Editor/WXConvertCore.cs:231)
StableWechatMiniGameExporter:Export () (at Assets/Editor/StableWechatMiniGameExporter.cs:9)

(Filename: Assets/WX-WASM-SDK-V2/Editor/WXConvertCore.cs Line: 2292)

DisplayProgressbar: Converting...，91/134
DisplayProgressbar: Converting...，92/134
DisplayProgressbar: Converting...，93/134
DisplayProgressbar: Converting...，94/134
UnMatched WXReplaceRules rule: fs.sync\(false\)
UnityEngine.StackTraceUtility:ExtractStackTrace ()
UnityEngine.DebugLogHandler:LogFormat (UnityEngine.LogType,UnityEngine.Object,string,object[])
UnityEngine.Logger:Log (UnityEngine.LogType,object)
UnityEngine.Debug:Log (object)
WeChatWASM.WXConvertCore:ShowMatchFailedWarning (string,string,string) (at Assets/WX-WASM-SDK-V2/Editor/WXConvertCore.cs:2292)
WeChatWASM.WXConvertCore:ConvertCode () (at Assets/WX-WASM-SDK-V2/Editor/WXConvertCore.cs:844)
WeChatWASM.WXConvertCore:DoExport (bool) (at Assets/WX-WASM-SDK-V2/Editor/WXConvertCore.cs:231)
StableWechatMiniGameExporter:Export () (at Assets/Editor/StableWechatMiniGameExporter.cs:9)

(Filename: Assets/WX-WASM-SDK-V2/Editor/WXConvertCore.cs Line: 2292)

DisplayProgressbar: Converting...，95/134
DisplayProgressbar: Converting...，96/134
DisplayProgressbar: Converting...，97/134
DisplayProgressbar: Converting...，98/134
UnMatched WXReplaceRules rule: !Module\[(["'])canvas(["'])\].id
UnityEngine.StackTraceUtility:ExtractStackTrace ()
UnityEngine.DebugLogHandler:LogFormat (UnityEngine.LogType,UnityEngine.Object,string,object[])
UnityEngine.Logger:Log (UnityEngine.LogType,object)
UnityEngine.Debug:Log (object)
WeChatWASM.WXConvertCore:ShowMatchFailedWarning (string,string,string) (at Assets/WX-WASM-SDK-V2/Editor/WXConvertCore.cs:2292)
WeChatWASM.WXConvertCore:ConvertCode () (at Assets/WX-WASM-SDK-V2/Editor/WXConvertCore.cs:844)
WeChatWASM.WXConvertCore:DoExport (bool) (at Assets/WX-WASM-SDK-V2/Editor/WXConvertCore.cs:231)
StableWechatMiniGameExporter:Export () (at Assets/Editor/StableWechatMiniGameExporter.cs:9)

(Filename: Assets/WX-WASM-SDK-V2/Editor/WXConvertCore.cs Line: 2292)

DisplayProgressbar: Converting...，99/134
UnMatched WXReplaceRules rule: typeof allocator === (["'])number(["'])
UnityEngine.StackTraceUtility:ExtractStackTrace ()
UnityEngine.DebugLogHandler:LogFormat (UnityEngine.LogType,UnityEngine.Object,string,object[])
UnityEngine.Logger:Log (UnityEngine.LogType,object)
UnityEngine.Debug:Log (object)
WeChatWASM.WXConvertCore:ShowMatchFailedWarning (string,string,string) (at Assets/WX-WASM-SDK-V2/Editor/WXConvertCore.cs:2292)
WeChatWASM.WXConvertCore:ConvertCode () (at Assets/WX-WASM-SDK-V2/Editor/WXConvertCore.cs:844)
WeChatWASM.WXConvertCore:DoExport (bool) (at Assets/WX-WASM-SDK-V2/Editor/WXConvertCore.cs:231)
StableWechatMiniGameExporter:Export () (at Assets/Editor/StableWechatMiniGameExporter.cs:9)

(Filename: Assets/WX-WASM-SDK-V2/Editor/WXConvertCore.cs Line: 2292)

DisplayProgressbar: Converting...，100/134
UnMatched WXReplaceRules rule: typeof slab !== (["'])number(["'])
UnityEngine.StackTraceUtility:ExtractStackTrace ()
UnityEngine.DebugLogHandler:LogFormat (UnityEngine.LogType,UnityEngine.Object,string,object[])
UnityEngine.Logger:Log (UnityEngine.LogType,object)
UnityEngine.Debug:Log (object)
WeChatWASM.WXConvertCore:ShowMatchFailedWarning (string,string,string) (at Assets/WX-WASM-SDK-V2/Editor/WXConvertCore.cs:2292)
WeChatWASM.WXConvertCore:ConvertCode () (at Assets/WX-WASM-SDK-V2/Editor/WXConvertCore.cs:844)
WeChatWASM.WXConvertCore:DoExport (bool) (at Assets/WX-WASM-SDK-V2/Editor/WXConvertCore.cs:231)
StableWechatMiniGameExporter:Export () (at Assets/Editor/StableWechatMiniGameExporter.cs:9)

(Filename: Assets/WX-WASM-SDK-V2/Editor/WXConvertCore.cs Line: 2292)

DisplayProgressbar: Converting...，101/134
DisplayProgressbar: Converting...，102/134
UnMatched WXReplaceRules rule: what *= *(["'])abort
UnityEngine.StackTraceUtility:ExtractStackTrace ()
UnityEngine.DebugLogHandler:LogFormat (UnityEngine.LogType,UnityEngine.Object,string,object[])
UnityEngine.Logger:Log (UnityEngine.LogType,object)
UnityEngine.Debug:Log (object)
WeChatWASM.WXConvertCore:ShowMatchFailedWarning (string,string,string) (at Assets/WX-WASM-SDK-V2/Editor/WXConvertCore.cs:2292)
WeChatWASM.WXConvertCore:ConvertCode () (at Assets/WX-WASM-SDK-V2/Editor/WXConvertCore.cs:844)
WeChatWASM.WXConvertCore:DoExport (bool) (at Assets/WX-WASM-SDK-V2/Editor/WXConvertCore.cs:231)
StableWechatMiniGameExporter:Export () (at Assets/Editor/StableWechatMiniGameExporter.cs:9)

(Filename: Assets/WX-WASM-SDK-V2/Editor/WXConvertCore.cs Line: 2292)

DisplayProgressbar: Converting...，103/134
UnMatched WXReplaceRules rule: if *\(emscriptenMemoryProfiler.hookStackAlloc
UnityEngine.StackTraceUtility:ExtractStackTrace ()
UnityEngine.DebugLogHandler:LogFormat (UnityEngine.LogType,UnityEngine.Object,string,object[])
UnityEngine.Logger:Log (UnityEngine.LogType,object)
UnityEngine.Debug:Log (object)
WeChatWASM.WXConvertCore:ShowMatchFailedWarning (string,string,string) (at Assets/WX-WASM-SDK-V2/Editor/WXConvertCore.cs:2292)
WeChatWASM.WXConvertCore:ConvertCode () (at Assets/WX-WASM-SDK-V2/Editor/WXConvertCore.cs:844)
WeChatWASM.WXConvertCore:DoExport (bool) (at Assets/WX-WASM-SDK-V2/Editor/WXConvertCore.cs:231)
StableWechatMiniGameExporter:Export () (at Assets/Editor/StableWechatMiniGameExporter.cs:9)

(Filename: Assets/WX-WASM-SDK-V2/Editor/WXConvertCore.cs Line: 2292)

DisplayProgressbar: Converting...，104/134
UnMatched WXReplaceRules rule: self.allocationsAtLoc\[loc\] *= *\[ *0, *0, *self.filterCallstackForMalloc\(loc\)\]
UnityEngine.StackTraceUtility:ExtractStackTrace ()
UnityEngine.DebugLogHandler:LogFormat (UnityEngine.LogType,UnityEngine.Object,string,object[])
UnityEngine.Logger:Log (UnityEngine.LogType,object)
UnityEngine.Debug:Log (object)
WeChatWASM.WXConvertCore:ShowMatchFailedWarning (string,string,string) (at Assets/WX-WASM-SDK-V2/Editor/WXConvertCore.cs:2292)
WeChatWASM.WXConvertCore:ConvertCode () (at Assets/WX-WASM-SDK-V2/Editor/WXConvertCore.cs:844)
WeChatWASM.WXConvertCore:DoExport (bool) (at Assets/WX-WASM-SDK-V2/Editor/WXConvertCore.cs:231)
StableWechatMiniGameExporter:Export () (at Assets/Editor/StableWechatMiniGameExporter.cs:9)

(Filename: Assets/WX-WASM-SDK-V2/Editor/WXConvertCore.cs Line: 2292)

DisplayProgressbar: Converting...，105/134
UnMatched WXReplaceRules rule: self.allocationSitePtrs\[ptr\] *=
UnityEngine.StackTraceUtility:ExtractStackTrace ()
UnityEngine.DebugLogHandler:LogFormat (UnityEngine.LogType,UnityEngine.Object,string,object[])
UnityEngine.Logger:Log (UnityEngine.LogType,object)
UnityEngine.Debug:Log (object)
WeChatWASM.WXConvertCore:ShowMatchFailedWarning (string,string,string) (at Assets/WX-WASM-SDK-V2/Editor/WXConvertCore.cs:2292)
WeChatWASM.WXConvertCore:ConvertCode () (at Assets/WX-WASM-SDK-V2/Editor/WXConvertCore.cs:844)
WeChatWASM.WXConvertCore:DoExport (bool) (at Assets/WX-WASM-SDK-V2/Editor/WXConvertCore.cs:231)
StableWechatMiniGameExporter:Export () (at Assets/Editor/StableWechatMiniGameExporter.cs:9)

(Filename: Assets/WX-WASM-SDK-V2/Editor/WXConvertCore.cs Line: 2292)

DisplayProgressbar: Converting...，106/134
UnMatched WXReplaceRules rule: allocsAtThisLoc\[1\] *-= *sz
UnityEngine.StackTraceUtility:ExtractStackTrace ()
UnityEngine.DebugLogHandler:LogFormat (UnityEngine.LogType,UnityEngine.Object,string,object[])
UnityEngine.Logger:Log (UnityEngine.LogType,object)
UnityEngine.Debug:Log (object)
WeChatWASM.WXConvertCore:ShowMatchFailedWarning (string,string,string) (at Assets/WX-WASM-SDK-V2/Editor/WXConvertCore.cs:2292)
WeChatWASM.WXConvertCore:ConvertCode () (at Assets/WX-WASM-SDK-V2/Editor/WXConvertCore.cs:844)
WeChatWASM.WXConvertCore:DoExport (bool) (at Assets/WX-WASM-SDK-V2/Editor/WXConvertCore.cs:231)
StableWechatMiniGameExporter:Export () (at Assets/Editor/StableWechatMiniGameExporter.cs:9)

(Filename: Assets/WX-WASM-SDK-V2/Editor/WXConvertCore.cs Line: 2292)

DisplayProgressbar: Converting...，107/134
UnMatched WXReplaceRules rule: t\.clientX *- *canvasRect\.left
UnityEngine.StackTraceUtility:ExtractStackTrace ()
UnityEngine.DebugLogHandler:LogFormat (UnityEngine.LogType,UnityEngine.Object,string,object[])
UnityEngine.Logger:Log (UnityEngine.LogType,object)
UnityEngine.Debug:Log (object)
WeChatWASM.WXConvertCore:ShowMatchFailedWarning (string,string,string) (at Assets/WX-WASM-SDK-V2/Editor/WXConvertCore.cs:2292)
WeChatWASM.WXConvertCore:ConvertCode () (at Assets/WX-WASM-SDK-V2/Editor/WXConvertCore.cs:844)
WeChatWASM.WXConvertCore:DoExport (bool) (at Assets/WX-WASM-SDK-V2/Editor/WXConvertCore.cs:231)
StableWechatMiniGameExporter:Export () (at Assets/Editor/StableWechatMiniGameExporter.cs:9)

(Filename: Assets/WX-WASM-SDK-V2/Editor/WXConvertCore.cs Line: 2292)

DisplayProgressbar: Converting...，108/134
UnMatched WXReplaceRules rule: t\.clientY *- *canvasRect\.top
UnityEngine.StackTraceUtility:ExtractStackTrace ()
UnityEngine.DebugLogHandler:LogFormat (UnityEngine.LogType,UnityEngine.Object,string,object[])
UnityEngine.Logger:Log (UnityEngine.LogType,object)
UnityEngine.Debug:Log (object)
WeChatWASM.WXConvertCore:ShowMatchFailedWarning (string,string,string) (at Assets/WX-WASM-SDK-V2/Editor/WXConvertCore.cs:2292)
WeChatWASM.WXConvertCore:ConvertCode () (at Assets/WX-WASM-SDK-V2/Editor/WXConvertCore.cs:844)
WeChatWASM.WXConvertCore:DoExport (bool) (at Assets/WX-WASM-SDK-V2/Editor/WXConvertCore.cs:231)
StableWechatMiniGameExporter:Export () (at Assets/Editor/StableWechatMiniGameExporter.cs:9)

(Filename: Assets/WX-WASM-SDK-V2/Editor/WXConvertCore.cs Line: 2292)

DisplayProgressbar: Converting...，109/134
DisplayProgressbar: Converting...，110/134
DisplayProgressbar: Converting...，111/134
DisplayProgressbar: Converting...，112/134
DisplayProgressbar: Converting...，113/134
DisplayProgressbar: Converting...，114/134
DisplayProgressbar: Converting...，115/134
DisplayProgressbar: Converting...，116/134
DisplayProgressbar: Converting...，117/134
DisplayProgressbar: Converting...，118/134
DisplayProgressbar: Converting...，119/134
DisplayProgressbar: Converting...，120/134
DisplayProgressbar: Converting...，121/134
DisplayProgressbar: Converting...，122/134
DisplayProgressbar: Converting...，123/134
DisplayProgressbar: Converting...，124/134
UnMatched WXReplaceRules rule: var pathname *= *SYSCALLS.getStr\(path\);
UnityEngine.StackTraceUtility:ExtractStackTrace ()
UnityEngine.DebugLogHandler:LogFormat (UnityEngine.LogType,UnityEngine.Object,string,object[])
UnityEngine.Logger:Log (UnityEngine.LogType,object)
UnityEngine.Debug:Log (object)
WeChatWASM.WXConvertCore:ShowMatchFailedWarning (string,string,string) (at Assets/WX-WASM-SDK-V2/Editor/WXConvertCore.cs:2292)
WeChatWASM.WXConvertCore:ConvertCode () (at Assets/WX-WASM-SDK-V2/Editor/WXConvertCore.cs:844)
WeChatWASM.WXConvertCore:DoExport (bool) (at Assets/WX-WASM-SDK-V2/Editor/WXConvertCore.cs:231)
StableWechatMiniGameExporter:Export () (at Assets/Editor/StableWechatMiniGameExporter.cs:9)

(Filename: Assets/WX-WASM-SDK-V2/Editor/WXConvertCore.cs Line: 2292)

DisplayProgressbar: Converting...，125/134
DisplayProgressbar: Converting...，126/134
DisplayProgressbar: Converting...，127/134
DisplayProgressbar: Converting...，128/134
DisplayProgressbar: Converting...，129/134
DisplayProgressbar: Converting...，130/134
DisplayProgressbar: Converting...，131/134
DisplayProgressbar: Converting...，132/134
DisplayProgressbar: Converting...，133/134
UnMatched WXReplaceRules rule: var *focusEventHandlerFunc *= *function *\(e *= *event\) *{
UnityEngine.StackTraceUtility:ExtractStackTrace ()
UnityEngine.DebugLogHandler:LogFormat (UnityEngine.LogType,UnityEngine.Object,string,object[])
UnityEngine.Logger:Log (UnityEngine.LogType,object)
UnityEngine.Debug:Log (object)
WeChatWASM.WXConvertCore:ShowMatchFailedWarning (string,string,string) (at Assets/WX-WASM-SDK-V2/Editor/WXConvertCore.cs:2292)
WeChatWASM.WXConvertCore:ConvertCode () (at Assets/WX-WASM-SDK-V2/Editor/WXConvertCore.cs:844)
WeChatWASM.WXConvertCore:DoExport (bool) (at Assets/WX-WASM-SDK-V2/Editor/WXConvertCore.cs:231)
StableWechatMiniGameExporter:Export () (at Assets/Editor/StableWechatMiniGameExporter.cs:9)

(Filename: Assets/WX-WASM-SDK-V2/Editor/WXConvertCore.cs Line: 2292)

DisplayProgressbar: Converting...，134/134
[Converter]  adapt framework done! 
UnityEngine.StackTraceUtility:ExtractStackTrace ()
UnityEngine.DebugLogHandler:LogFormat (UnityEngine.LogType,UnityEngine.Object,string,object[])
UnityEngine.Logger:LogFormat (UnityEngine.LogType,string,object[])
UnityEngine.Debug:LogFormat (string,object[])
WeChatWASM.WXConvertCore:ConvertCode () (at Assets/WX-WASM-SDK-V2/Editor/WXConvertCore.cs:966)
WeChatWASM.WXConvertCore:DoExport (bool) (at Assets/WX-WASM-SDK-V2/Editor/WXConvertCore.cs:231)
StableWechatMiniGameExporter:Export () (at Assets/Editor/StableWechatMiniGameExporter.cs:9)

(Filename: Assets/WX-WASM-SDK-V2/Editor/WXConvertCore.cs Line: 966)

RunCmd C:/Users/slimboiliu/PartyBlock-Stable-WebGLBuild/Assets\WX-WASM-SDK-V2\Editor\TextureEditor\Release\WXTextureTools.exe -option=fb -dataDir="C:/Users/slimboiliu/PartyBlock-Stable-WebGLBuild/TextToolDatas" -classDataPath="C:/Users/slimboiliu/PartyBlock-Stable-WebGLBuild/Assets\WX-WASM-SDK-V2\Editor/TextureEditor/classdata.tpk" -sourcePath="C:/Users/slimboiliu/PartyBlock-WeChatMiniGame\webgl\Build\webgl.data" -do=slim -outDir="C:/Users/slimboiliu/PartyBlock-Stable-WebGLBuild/TextToolDatas\fbslimtTemp" -slimConfPath="C:/Users/slimboiliu/PartyBlock-Stable-WebGLBuild/Assets\WX-WASM-SDK-V2\Editor/TextureEditor/slim.conf"
UnityEngine.StackTraceUtility:ExtractStackTrace ()
UnityEngine.DebugLogHandler:LogFormat (UnityEngine.LogType,UnityEngine.Object,string,object[])
UnityEngine.Logger:Log (UnityEngine.LogType,object)
UnityEngine.Debug:Log (object)
WeChatWASM.WXAssetsTextTools:A (string,string,string,System.Action`2<int, string>)
WeChatWASM.WXAssetsTextTools:A (string,System.Action`2<bool, string>,System.Action`3<int, int, string>)
WeChatWASM.WXAssetsTextTools:FirstBundleSlim (string,System.Action`2<bool, string>)
WeChatWASM.WXConvertCore:DoExport (bool) (at Assets/WX-WASM-SDK-V2/Editor/WXConvertCore.cs:252)
StableWechatMiniGameExporter:Export () (at Assets/Editor/StableWechatMiniGameExporter.cs:9)

(Filename: Assets/WX-WASM-SDK-V2/Editor/WXConvertCore.cs Line: 252)

首包资源优化完成，本次瘦身 1.93MB ，原资源包体积 19.8MB ，优化后体积 17.87MB
UnityEngine.StackTraceUtility:ExtractStackTrace ()
UnityEngine.DebugLogHandler:LogFormat (UnityEngine.LogType,UnityEngine.Object,string,object[])
UnityEngine.Logger:Log (UnityEngine.LogType,object)
UnityEngine.Debug:Log (object)
WeChatWASM.WXAssetsTextTools/D:A (bool,string)
WeChatWASM.WXAssetTextToolsMsgBridge:Parse (string,System.Action`2<bool, string>,System.Action`3<int, int, string>,int)
WeChatWASM.WXAssetsTextTools/E:a (int,string)
WeChatWASM.WXAssetsTextTools:A (string,string,string,System.Action`2<int, string>)
WeChatWASM.WXAssetsTextTools:A (string,System.Action`2<bool, string>,System.Action`3<int, int, string>)
WeChatWASM.WXAssetsTextTools:FirstBundleSlim (string,System.Action`2<bool, string>)
WeChatWASM.WXConvertCore:DoExport (bool) (at Assets/WX-WASM-SDK-V2/Editor/WXConvertCore.cs:252)
StableWechatMiniGameExporter:Export () (at Assets/Editor/StableWechatMiniGameExporter.cs:9)

(Filename: Assets/WX-WASM-SDK-V2/Editor/WXConvertCore.cs Line: 252)

[Converter] Starting to genarate md5 and copy files
UnityEngine.StackTraceUtility:ExtractStackTrace ()
UnityEngine.DebugLogHandler:LogFormat (UnityEngine.LogType,UnityEngine.Object,string,object[])
UnityEngine.Logger:LogFormat (UnityEngine.LogType,string,object[])
UnityEngine.Debug:LogFormat (string,object[])
WeChatWASM.WXConvertCore:GenerateBinFile (bool) (at Assets/WX-WASM-SDK-V2/Editor/WXConvertCore.cs:1450)
WeChatWASM.WXConvertCore:finishExport () (at Assets/WX-WASM-SDK-V2/Editor/WXConvertCore.cs:1234)
WeChatWASM.WXConvertCore/<>c:<DoExport>b__25_0 (bool,string) (at Assets/WX-WASM-SDK-V2/Editor/WXConvertCore.cs:259)
WeChatWASM.WXAssetsTextTools/D:A (bool,string)
WeChatWASM.WXAssetTextToolsMsgBridge:Parse (string,System.Action`2<bool, string>,System.Action`3<int, int, string>,int)
WeChatWASM.WXAssetsTextTools/E:a (int,string)
WeChatWASM.WXAssetsTextTools:A (string,string,string,System.Action`2<int, string>)
WeChatWASM.WXAssetsTextTools:A (string,System.Action`2<bool, string>,System.Action`3<int, int, string>)
WeChatWASM.WXAssetsTextTools:FirstBundleSlim (string,System.Action`2<bool, string>)
WeChatWASM.WXConvertCore:DoExport (bool) (at Assets/WX-WASM-SDK-V2/Editor/WXConvertCore.cs:252)
StableWechatMiniGameExporter:Export () (at Assets/Editor/StableWechatMiniGameExporter.cs:9)

(Filename: Assets/WX-WASM-SDK-V2/Editor/WXConvertCore.cs Line: 1450)

[Converter] Starting to generate Brotlib file
UnityEngine.StackTraceUtility:ExtractStackTrace ()
UnityEngine.DebugLogHandler:LogFormat (UnityEngine.LogType,UnityEngine.Object,string,object[])
UnityEngine.Logger:LogFormat (UnityEngine.LogType,string,object[])
UnityEngine.Debug:LogFormat (string,object[])
WeChatWASM.WXConvertCore:Brotlib (string,string,string) (at Assets/WX-WASM-SDK-V2/Editor/WXConvertCore.cs:1597)
WeChatWASM.WXConvertCore:GenerateBinFile (bool) (at Assets/WX-WASM-SDK-V2/Editor/WXConvertCore.cs:1472)
WeChatWASM.WXConvertCore:finishExport () (at Assets/WX-WASM-SDK-V2/Editor/WXConvertCore.cs:1234)
WeChatWASM.WXConvertCore/<>c:<DoExport>b__25_0 (bool,string) (at Assets/WX-WASM-SDK-V2/Editor/WXConvertCore.cs:259)
WeChatWASM.WXAssetsTextTools/D:A (bool,string)
WeChatWASM.WXAssetTextToolsMsgBridge:Parse (string,System.Action`2<bool, string>,System.Action`3<int, int, string>,int)
WeChatWASM.WXAssetsTextTools/E:a (int,string)
WeChatWASM.WXAssetsTextTools:A (string,string,string,System.Action`2<int, string>)
WeChatWASM.WXAssetsTextTools:A (string,System.Action`2<bool, string>,System.Action`3<int, int, string>)
WeChatWASM.WXAssetsTextTools:FirstBundleSlim (string,System.Action`2<bool, string>)
WeChatWASM.WXConvertCore:DoExport (bool) (at Assets/WX-WASM-SDK-V2/Editor/WXConvertCore.cs:252)
StableWechatMiniGameExporter:Export () (at Assets/Editor/StableWechatMiniGameExporter.cs:9)

(Filename: Assets/WX-WASM-SDK-V2/Editor/WXConvertCore.cs Line: 1597)

RunCmd C:/Users/slimboiliu/PartyBlock-Stable-WebGLBuild/Assets\WX-WASM-SDK-V2\Editor/Brotli/win_x86_64/brotli.exe  --force --quality 11 --input "C:/Users/slimboiliu/PartyBlock-WeChatMiniGame\webgl\Build\webgl.symbols.json" --output "C:/Users/slimboiliu/PartyBlock-WeChatMiniGame\minigame\webgl.wasm.symbols.unityweb.br"
UnityEngine.StackTraceUtility:ExtractStackTrace ()
UnityEngine.DebugLogHandler:LogFormat (UnityEngine.LogType,UnityEngine.Object,string,object[])
UnityEngine.Logger:Log (UnityEngine.LogType,object)
UnityEngine.Debug:Log (object)
WeChatWASM.UnityUtil:RunCmd (string,string,string,System.Action`3<int, int, string>)
WeChatWASM.UnityUtil:brotli (string,string,string,bool)
WeChatWASM.WXConvertCore:Brotlib (string,string,string) (at Assets/WX-WASM-SDK-V2/Editor/WXConvertCore.cs:1625)
WeChatWASM.WXConvertCore:GenerateBinFile (bool) (at Assets/WX-WASM-SDK-V2/Editor/WXConvertCore.cs:1472)
WeChatWASM.WXConvertCore:finishExport () (at Assets/WX-WASM-SDK-V2/Editor/WXConvertCore.cs:1234)
WeChatWASM.WXConvertCore/<>c:<DoExport>b__25_0 (bool,string) (at Assets/WX-WASM-SDK-V2/Editor/WXConvertCore.cs:259)
WeChatWASM.WXAssetsTextTools/D:A (bool,string)
WeChatWASM.WXAssetTextToolsMsgBridge:Parse (string,System.Action`2<bool, string>,System.Action`3<int, int, string>,int)
WeChatWASM.WXAssetsTextTools/E:a (int,string)
WeChatWASM.WXAssetsTextTools:A (string,string,string,System.Action`2<int, string>)
WeChatWASM.WXAssetsTextTools:A (string,System.Action`2<bool, string>,System.Action`3<int, int, string>)
WeChatWASM.WXAssetsTextTools:FirstBundleSlim (string,System.Action`2<bool, string>)
WeChatWASM.WXConvertCore:DoExport (bool) (at Assets/WX-WASM-SDK-V2/Editor/WXConvertCore.cs:252)
StableWechatMiniGameExporter:Export () (at Assets/Editor/StableWechatMiniGameExporter.cs:9)

(Filename: Assets/WX-WASM-SDK-V2/Editor/WXConvertCore.cs Line: 1625)

[Converter] that to genarate md5 and copy files ended
UnityEngine.StackTraceUtility:ExtractStackTrace ()
UnityEngine.DebugLogHandler:LogFormat (UnityEngine.LogType,UnityEngine.Object,string,object[])
UnityEngine.Logger:LogFormat (UnityEngine.LogType,string,object[])
UnityEngine.Debug:LogFormat (string,object[])
WeChatWASM.WXConvertCore:GenerateBinFile (bool) (at Assets/WX-WASM-SDK-V2/Editor/WXConvertCore.cs:1477)
WeChatWASM.WXConvertCore:finishExport () (at Assets/WX-WASM-SDK-V2/Editor/WXConvertCore.cs:1234)
WeChatWASM.WXConvertCore/<>c:<DoExport>b__25_0 (bool,string) (at Assets/WX-WASM-SDK-V2/Editor/WXConvertCore.cs:259)
WeChatWASM.WXAssetsTextTools/D:A (bool,string)
WeChatWASM.WXAssetTextToolsMsgBridge:Parse (string,System.Action`2<bool, string>,System.Action`3<int, int, string>,int)
WeChatWASM.WXAssetsTextTools/E:a (int,string)
WeChatWASM.WXAssetsTextTools:A (string,string,string,System.Action`2<int, string>)
WeChatWASM.WXAssetsTextTools:A (string,System.Action`2<bool, string>,System.Action`3<int, int, string>)
WeChatWASM.WXAssetsTextTools:FirstBundleSlim (string,System.Action`2<bool, string>)
WeChatWASM.WXConvertCore:DoExport (bool) (at Assets/WX-WASM-SDK-V2/Editor/WXConvertCore.cs:252)
StableWechatMiniGameExporter:Export () (at Assets/Editor/StableWechatMiniGameExporter.cs:9)

(Filename: Assets/WX-WASM-SDK-V2/Editor/WXConvertCore.cs Line: 1477)

[Converter] Starting to modify configs
UnityEngine.StackTraceUtility:ExtractStackTrace ()
UnityEngine.DebugLogHandler:LogFormat (UnityEngine.LogType,UnityEngine.Object,string,object[])
UnityEngine.Logger:LogFormat (UnityEngine.LogType,string,object[])
UnityEngine.Debug:LogFormat (string,object[])
WeChatWASM.WXConvertCore:ModifyWeChatConfigs (bool) (at Assets/WX-WASM-SDK-V2/Editor/WXConvertCore.cs:2018)
WeChatWASM.WXConvertCore:GenerateBinFile (bool) (at Assets/WX-WASM-SDK-V2/Editor/WXConvertCore.cs:1483)
WeChatWASM.WXConvertCore:finishExport () (at Assets/WX-WASM-SDK-V2/Editor/WXConvertCore.cs:1234)
WeChatWASM.WXConvertCore/<>c:<DoExport>b__25_0 (bool,string) (at Assets/WX-WASM-SDK-V2/Editor/WXConvertCore.cs:259)
WeChatWASM.WXAssetsTextTools/D:A (bool,string)
WeChatWASM.WXAssetTextToolsMsgBridge:Parse (string,System.Action`2<bool, string>,System.Action`3<int, int, string>,int)
WeChatWASM.WXAssetsTextTools/E:a (int,string)
WeChatWASM.WXAssetsTextTools:A (string,string,string,System.Action`2<int, string>)
WeChatWASM.WXAssetsTextTools:A (string,System.Action`2<bool, string>,System.Action`3<int, int, string>)
WeChatWASM.WXAssetsTextTools:FirstBundleSlim (string,System.Action`2<bool, string>)
WeChatWASM.WXConvertCore:DoExport (bool) (at Assets/WX-WASM-SDK-V2/Editor/WXConvertCore.cs:252)
StableWechatMiniGameExporter:Export () (at Assets/Editor/StableWechatMiniGameExporter.cs:9)

(Filename: Assets/WX-WASM-SDK-V2/Editor/WXConvertCore.cs Line: 2018)

[Converter] customUnicodeRange: []
UnityEngine.StackTraceUtility:ExtractStackTrace ()
UnityEngine.DebugLogHandler:LogFormat (UnityEngine.LogType,UnityEngine.Object,string,object[])
UnityEngine.Logger:Log (UnityEngine.LogType,object)
UnityEngine.Debug:Log (object)
WeChatWASM.WXConvertCore:ModifyWeChatConfigs (bool) (at Assets/WX-WASM-SDK-V2/Editor/WXConvertCore.cs:2030)
WeChatWASM.WXConvertCore:GenerateBinFile (bool) (at Assets/WX-WASM-SDK-V2/Editor/WXConvertCore.cs:1483)
WeChatWASM.WXConvertCore:finishExport () (at Assets/WX-WASM-SDK-V2/Editor/WXConvertCore.cs:1234)
WeChatWASM.WXConvertCore/<>c:<DoExport>b__25_0 (bool,string) (at Assets/WX-WASM-SDK-V2/Editor/WXConvertCore.cs:259)
WeChatWASM.WXAssetsTextTools/D:A (bool,string)
WeChatWASM.WXAssetTextToolsMsgBridge:Parse (string,System.Action`2<bool, string>,System.Action`3<int, int, string>,int)
WeChatWASM.WXAssetsTextTools/E:a (int,string)
WeChatWASM.WXAssetsTextTools:A (string,string,string,System.Action`2<int, string>)
WeChatWASM.WXAssetsTextTools:A (string,System.Action`2<bool, string>,System.Action`3<int, int, string>)
WeChatWASM.WXAssetsTextTools:FirstBundleSlim (string,System.Action`2<bool, string>)
WeChatWASM.WXConvertCore:DoExport (bool) (at Assets/WX-WASM-SDK-V2/Editor/WXConvertCore.cs:252)
StableWechatMiniGameExporter:Export () (at Assets/Editor/StableWechatMiniGameExporter.cs:9)

(Filename: Assets/WX-WASM-SDK-V2/Editor/WXConvertCore.cs Line: 2030)

[Converter] that to modify configs ended
UnityEngine.StackTraceUtility:ExtractStackTrace ()
UnityEngine.DebugLogHandler:LogFormat (UnityEngine.LogType,UnityEngine.Object,string,object[])
UnityEngine.Logger:LogFormat (UnityEngine.LogType,string,object[])
UnityEngine.Debug:LogFormat (string,object[])
WeChatWASM.WXConvertCore:ModifyWeChatConfigs (bool) (at Assets/WX-WASM-SDK-V2/Editor/WXConvertCore.cs:2129)
WeChatWASM.WXConvertCore:GenerateBinFile (bool) (at Assets/WX-WASM-SDK-V2/Editor/WXConvertCore.cs:1483)
WeChatWASM.WXConvertCore:finishExport () (at Assets/WX-WASM-SDK-V2/Editor/WXConvertCore.cs:1234)
WeChatWASM.WXConvertCore/<>c:<DoExport>b__25_0 (bool,string) (at Assets/WX-WASM-SDK-V2/Editor/WXConvertCore.cs:259)
WeChatWASM.WXAssetsTextTools/D:A (bool,string)
WeChatWASM.WXAssetTextToolsMsgBridge:Parse (string,System.Action`2<bool, string>,System.Action`3<int, int, string>,int)
WeChatWASM.WXAssetsTextTools/E:a (int,string)
WeChatWASM.WXAssetsTextTools:A (string,string,string,System.Action`2<int, string>)
WeChatWASM.WXAssetsTextTools:A (string,System.Action`2<bool, string>,System.Action`3<int, int, string>)
WeChatWASM.WXAssetsTextTools:FirstBundleSlim (string,System.Action`2<bool, string>)
WeChatWASM.WXConvertCore:DoExport (bool) (at Assets/WX-WASM-SDK-V2/Editor/WXConvertCore.cs:252)
StableWechatMiniGameExporter:Export () (at Assets/Editor/StableWechatMiniGameExporter.cs:9)

(Filename: Assets/WX-WASM-SDK-V2/Editor/WXConvertCore.cs Line: 2129)

JsonData object
UnityEngine.StackTraceUtility:ExtractStackTrace ()
UnityEngine.DebugLogHandler:LogFormat (UnityEngine.LogType,UnityEngine.Object,string,object[])
UnityEngine.Logger:Log (UnityEngine.LogType,object)
UnityEngine.Debug:Log (object)
WeChatWASM.WXConvertCore:ClearFriendRelationCode () (at Assets/WX-WASM-SDK-V2/Editor/WXConvertCore.cs:1707)
WeChatWASM.WXConvertCore:GenerateBinFile (bool) (at Assets/WX-WASM-SDK-V2/Editor/WXConvertCore.cs:1485)
WeChatWASM.WXConvertCore:finishExport () (at Assets/WX-WASM-SDK-V2/Editor/WXConvertCore.cs:1234)
WeChatWASM.WXConvertCore/<>c:<DoExport>b__25_0 (bool,string) (at Assets/WX-WASM-SDK-V2/Editor/WXConvertCore.cs:259)
WeChatWASM.WXAssetsTextTools/D:A (bool,string)
WeChatWASM.WXAssetTextToolsMsgBridge:Parse (string,System.Action`2<bool, string>,System.Action`3<int, int, string>,int)
WeChatWASM.WXAssetsTextTools/E:a (int,string)
WeChatWASM.WXAssetsTextTools:A (string,string,string,System.Action`2<int, string>)
WeChatWASM.WXAssetsTextTools:A (string,System.Action`2<bool, string>,System.Action`3<int, int, string>)
WeChatWASM.WXAssetsTextTools:FirstBundleSlim (string,System.Action`2<bool, string>)
WeChatWASM.WXConvertCore:DoExport (bool) (at Assets/WX-WASM-SDK-V2/Editor/WXConvertCore.cs:252)
StableWechatMiniGameExporter:Export () (at Assets/Editor/StableWechatMiniGameExporter.cs:9)

(Filename: Assets/WX-WASM-SDK-V2/Editor/WXConvertCore.cs Line: 1707)

[Converter] Starting to generate Brotlib file
UnityEngine.StackTraceUtility:ExtractStackTrace ()
UnityEngine.DebugLogHandler:LogFormat (UnityEngine.LogType,UnityEngine.Object,string,object[])
UnityEngine.Logger:LogFormat (UnityEngine.LogType,string,object[])
UnityEngine.Debug:LogFormat (string,object[])
WeChatWASM.WXConvertCore:Brotlib (string,string,string) (at Assets/WX-WASM-SDK-V2/Editor/WXConvertCore.cs:1597)
WeChatWASM.WXConvertCore:GenerateBinFile (bool) (at Assets/WX-WASM-SDK-V2/Editor/WXConvertCore.cs:1493)
WeChatWASM.WXConvertCore:finishExport () (at Assets/WX-WASM-SDK-V2/Editor/WXConvertCore.cs:1234)
WeChatWASM.WXConvertCore/<>c:<DoExport>b__25_0 (bool,string) (at Assets/WX-WASM-SDK-V2/Editor/WXConvertCore.cs:259)
WeChatWASM.WXAssetsTextTools/D:A (bool,string)
WeChatWASM.WXAssetTextToolsMsgBridge:Parse (string,System.Action`2<bool, string>,System.Action`3<int, int, string>,int)
WeChatWASM.WXAssetsTextTools/E:a (int,string)
WeChatWASM.WXAssetsTextTools:A (string,string,string,System.Action`2<int, string>)
WeChatWASM.WXAssetsTextTools:A (string,System.Action`2<bool, string>,System.Action`3<int, int, string>)
WeChatWASM.WXAssetsTextTools:FirstBundleSlim (string,System.Action`2<bool, string>)
WeChatWASM.WXConvertCore:DoExport (bool) (at Assets/WX-WASM-SDK-V2/Editor/WXConvertCore.cs:252)
StableWechatMiniGameExporter:Export () (at Assets/Editor/StableWechatMiniGameExporter.cs:9)

(Filename: Assets/WX-WASM-SDK-V2/Editor/WXConvertCore.cs Line: 1597)

RunCmd C:/Users/slimboiliu/PartyBlock-Stable-WebGLBuild/Assets\WX-WASM-SDK-V2\Editor/Brotli/win_x86_64/brotli.exe  --force --quality 11 --input "C:/Users/slimboiliu/PartyBlock-WeChatMiniGame\webgl\Build\webgl.wasm" --output "C:/Users/slimboiliu/PartyBlock-WeChatMiniGame\minigame\wasmcode\6aca61ad23b89c95.webgl.wasm.code.unityweb.wasm.br"
UnityEngine.StackTraceUtility:ExtractStackTrace ()
UnityEngine.DebugLogHandler:LogFormat (UnityEngine.LogType,UnityEngine.Object,string,object[])
UnityEngine.Logger:Log (UnityEngine.LogType,object)
UnityEngine.Debug:Log (object)
WeChatWASM.UnityUtil:RunCmd (string,string,string,System.Action`3<int, int, string>)
WeChatWASM.UnityUtil:brotli (string,string,string,bool)
WeChatWASM.WXConvertCore:Brotlib (string,string,string) (at Assets/WX-WASM-SDK-V2/Editor/WXConvertCore.cs:1625)
WeChatWASM.WXConvertCore:GenerateBinFile (bool) (at Assets/WX-WASM-SDK-V2/Editor/WXConvertCore.cs:1493)
WeChatWASM.WXConvertCore:finishExport () (at Assets/WX-WASM-SDK-V2/Editor/WXConvertCore.cs:1234)
WeChatWASM.WXConvertCore/<>c:<DoExport>b__25_0 (bool,string) (at Assets/WX-WASM-SDK-V2/Editor/WXConvertCore.cs:259)
WeChatWASM.WXAssetsTextTools/D:A (bool,string)
WeChatWASM.WXAssetTextToolsMsgBridge:Parse (string,System.Action`2<bool, string>,System.Action`3<int, int, string>,int)
WeChatWASM.WXAssetsTextTools/E:a (int,string)
WeChatWASM.WXAssetsTextTools:A (string,string,string,System.Action`2<int, string>)
WeChatWASM.WXAssetsTextTools:A (string,System.Action`2<bool, string>,System.Action`3<int, int, string>)
WeChatWASM.WXAssetsTextTools:FirstBundleSlim (string,System.Action`2<bool, string>)
WeChatWASM.WXConvertCore:DoExport (bool) (at Assets/WX-WASM-SDK-V2/Editor/WXConvertCore.cs:252)
StableWechatMiniGameExporter:Export () (at Assets/Editor/StableWechatMiniGameExporter.cs:9)

(Filename: Assets/WX-WASM-SDK-V2/Editor/WXConvertCore.cs Line: 1625)

[Compressing] Starting to compress datapackage
UnityEngine.StackTraceUtility:ExtractStackTrace ()
UnityEngine.DebugLogHandler:LogFormat (UnityEngine.LogType,UnityEngine.Object,string,object[])
UnityEngine.Logger:LogFormat (UnityEngine.LogType,string,object[])
UnityEngine.Debug:LogFormat (string,object[])
WeChatWASM.WXConvertCore:convertDataPackage (bool) (at Assets/WX-WASM-SDK-V2/Editor/WXConvertCore.cs:1290)
WeChatWASM.WXConvertCore:finishExport () (at Assets/WX-WASM-SDK-V2/Editor/WXConvertCore.cs:1237)
WeChatWASM.WXConvertCore/<>c:<DoExport>b__25_0 (bool,string) (at Assets/WX-WASM-SDK-V2/Editor/WXConvertCore.cs:259)
WeChatWASM.WXAssetsTextTools/D:A (bool,string)
WeChatWASM.WXAssetTextToolsMsgBridge:Parse (string,System.Action`2<bool, string>,System.Action`3<int, int, string>,int)
WeChatWASM.WXAssetsTextTools/E:a (int,string)
WeChatWASM.WXAssetsTextTools:A (string,string,string,System.Action`2<int, string>)
WeChatWASM.WXAssetsTextTools:A (string,System.Action`2<bool, string>,System.Action`3<int, int, string>)
WeChatWASM.WXAssetsTextTools:FirstBundleSlim (string,System.Action`2<bool, string>)
WeChatWASM.WXConvertCore:DoExport (bool) (at Assets/WX-WASM-SDK-V2/Editor/WXConvertCore.cs:252)
StableWechatMiniGameExporter:Export () (at Assets/Editor/StableWechatMiniGameExporter.cs:9)

(Filename: Assets/WX-WASM-SDK-V2/Editor/WXConvertCore.cs Line: 1290)

[Converter] Starting to generate Brotlib file
UnityEngine.StackTraceUtility:ExtractStackTrace ()
UnityEngine.DebugLogHandler:LogFormat (UnityEngine.LogType,UnityEngine.Object,string,object[])
UnityEngine.Logger:LogFormat (UnityEngine.LogType,string,object[])
UnityEngine.Debug:LogFormat (string,object[])
WeChatWASM.WXConvertCore:Brotlib (string,string,string) (at Assets/WX-WASM-SDK-V2/Editor/WXConvertCore.cs:1597)
WeChatWASM.WXConvertCore:convertDataPackage (bool) (at Assets/WX-WASM-SDK-V2/Editor/WXConvertCore.cs:1291)
WeChatWASM.WXConvertCore:finishExport () (at Assets/WX-WASM-SDK-V2/Editor/WXConvertCore.cs:1237)
WeChatWASM.WXConvertCore/<>c:<DoExport>b__25_0 (bool,string) (at Assets/WX-WASM-SDK-V2/Editor/WXConvertCore.cs:259)
WeChatWASM.WXAssetsTextTools/D:A (bool,string)
WeChatWASM.WXAssetTextToolsMsgBridge:Parse (string,System.Action`2<bool, string>,System.Action`3<int, int, string>,int)
WeChatWASM.WXAssetsTextTools/E:a (int,string)
WeChatWASM.WXAssetsTextTools:A (string,string,string,System.Action`2<int, string>)
WeChatWASM.WXAssetsTextTools:A (string,System.Action`2<bool, string>,System.Action`3<int, int, string>)
WeChatWASM.WXAssetsTextTools:FirstBundleSlim (string,System.Action`2<bool, string>)
WeChatWASM.WXConvertCore:DoExport (bool) (at Assets/WX-WASM-SDK-V2/Editor/WXConvertCore.cs:252)
StableWechatMiniGameExporter:Export () (at Assets/Editor/StableWechatMiniGameExporter.cs:9)

(Filename: Assets/WX-WASM-SDK-V2/Editor/WXConvertCore.cs Line: 1597)

RunCmd C:/Users/slimboiliu/PartyBlock-Stable-WebGLBuild/Assets\WX-WASM-SDK-V2\Editor/Brotli/win_x86_64/brotli.exe  --force --quality 11 --input "C:/Users/slimboiliu/PartyBlock-WeChatMiniGame\webgl\Build\webgl.data" --output "C:/Users/slimboiliu/PartyBlock-WeChatMiniGame\webgl\a4c5b87f0ed18bc6.webgl.data.unityweb.bin.br"
UnityEngine.StackTraceUtility:ExtractStackTrace ()
UnityEngine.DebugLogHandler:LogFormat (UnityEngine.LogType,UnityEngine.Object,string,object[])
UnityEngine.Logger:Log (UnityEngine.LogType,object)
UnityEngine.Debug:Log (object)
WeChatWASM.UnityUtil:RunCmd (string,string,string,System.Action`3<int, int, string>)
WeChatWASM.UnityUtil:brotli (string,string,string,bool)
WeChatWASM.WXConvertCore:Brotlib (string,string,string) (at Assets/WX-WASM-SDK-V2/Editor/WXConvertCore.cs:1625)
WeChatWASM.WXConvertCore:convertDataPackage (bool) (at Assets/WX-WASM-SDK-V2/Editor/WXConvertCore.cs:1291)
WeChatWASM.WXConvertCore:finishExport () (at Assets/WX-WASM-SDK-V2/Editor/WXConvertCore.cs:1237)
WeChatWASM.WXConvertCore/<>c:<DoExport>b__25_0 (bool,string) (at Assets/WX-WASM-SDK-V2/Editor/WXConvertCore.cs:259)
WeChatWASM.WXAssetsTextTools/D:A (bool,string)
WeChatWASM.WXAssetTextToolsMsgBridge:Parse (string,System.Action`2<bool, string>,System.Action`3<int, int, string>,int)
WeChatWASM.WXAssetsTextTools/E:a (int,string)
WeChatWASM.WXAssetsTextTools:A (string,string,string,System.Action`2<int, string>)
WeChatWASM.WXAssetsTextTools:A (string,System.Action`2<bool, string>,System.Action`3<int, int, string>)
WeChatWASM.WXAssetsTextTools:FirstBundleSlim (string,System.Action`2<bool, string>)
WeChatWASM.WXConvertCore:DoExport (bool) (at Assets/WX-WASM-SDK-V2/Editor/WXConvertCore.cs:252)
StableWechatMiniGameExporter:Export () (at Assets/Editor/StableWechatMiniGameExporter.cs:9)

(Filename: Assets/WX-WASM-SDK-V2/Editor/WXConvertCore.cs Line: 1625)

TcpProtobufSession - receive error
TcpProtobufClient - Transport error errorcode: 2, details: 系统找不到指定的文件。

[Compressing] compress ret = 0
UnityEngine.StackTraceUtility:ExtractStackTrace ()
UnityEngine.DebugLogHandler:LogFormat (UnityEngine.LogType,UnityEngine.Object,string,object[])
UnityEngine.Logger:Log (UnityEngine.LogType,object)
UnityEngine.Debug:Log (object)
WeChatWASM.WXConvertCore:convertDataPackage (bool) (at Assets/WX-WASM-SDK-V2/Editor/WXConvertCore.cs:1292)
WeChatWASM.WXConvertCore:finishExport () (at Assets/WX-WASM-SDK-V2/Editor/WXConvertCore.cs:1237)
WeChatWASM.WXConvertCore/<>c:<DoExport>b__25_0 (bool,string) (at Assets/WX-WASM-SDK-V2/Editor/WXConvertCore.cs:259)
WeChatWASM.WXAssetsTextTools/D:A (bool,string)
WeChatWASM.WXAssetTextToolsMsgBridge:Parse (string,System.Action`2<bool, string>,System.Action`3<int, int, string>,int)
WeChatWASM.WXAssetsTextTools/E:a (int,string)
WeChatWASM.WXAssetsTextTools:A (string,string,string,System.Action`2<int, string>)
WeChatWASM.WXAssetsTextTools:A (string,System.Action`2<bool, string>,System.Action`3<int, int, string>)
WeChatWASM.WXAssetsTextTools:FirstBundleSlim (string,System.Action`2<bool, string>)
WeChatWASM.WXConvertCore:DoExport (bool) (at Assets/WX-WASM-SDK-V2/Editor/WXConvertCore.cs:252)
StableWechatMiniGameExporter:Export () (at Assets/Editor/StableWechatMiniGameExporter.cs:9)

(Filename: Assets/WX-WASM-SDK-V2/Editor/WXConvertCore.cs Line: 1292)

[Converter] All done!
UnityEngine.StackTraceUtility:ExtractStackTrace ()
UnityEngine.DebugLogHandler:LogFormat (UnityEngine.LogType,UnityEngine.Object,string,object[])
UnityEngine.Logger:LogFormat (UnityEngine.LogType,string,object[])
UnityEngine.Debug:LogFormat (string,object[])
WeChatWASM.WXConvertCore:finishExport () (at Assets/WX-WASM-SDK-V2/Editor/WXConvertCore.cs:1238)
WeChatWASM.WXConvertCore/<>c:<DoExport>b__25_0 (bool,string) (at Assets/WX-WASM-SDK-V2/Editor/WXConvertCore.cs:259)
WeChatWASM.WXAssetsTextTools/D:A (bool,string)
WeChatWASM.WXAssetTextToolsMsgBridge:Parse (string,System.Action`2<bool, string>,System.Action`3<int, int, string>,int)
WeChatWASM.WXAssetsTextTools/E:a (int,string)
WeChatWASM.WXAssetsTextTools:A (string,string,string,System.Action`2<int, string>)
WeChatWASM.WXAssetsTextTools:A (string,System.Action`2<bool, string>,System.Action`3<int, int, string>)
WeChatWASM.WXAssetsTextTools:FirstBundleSlim (string,System.Action`2<bool, string>)
WeChatWASM.WXConvertCore:DoExport (bool) (at Assets/WX-WASM-SDK-V2/Editor/WXConvertCore.cs:252)
StableWechatMiniGameExporter:Export () (at Assets/Editor/StableWechatMiniGameExporter.cs:9)

(Filename: Assets/WX-WASM-SDK-V2/Editor/WXConvertCore.cs Line: 1238)

Batchmode quit successfully invoked - shutting down!
[websockify wrapper] OnUnload
[websockify wrapper] Process killed
[PhysX] Initialized MultithreadedTaskDispatcher with 16 workers.
Input System module state changed to: ShutdownInProgress.
Input System polling thread exited.
Input System module state changed to: Shutdown.
[Licensing::IpcConnector] LicenseClient-slimboiliu-2022.3.62-notifications channel disconnected successfully.
[Licensing::IpcConnector] LicenseClient-slimboiliu-2022.3.62 channel disconnected successfully.
Cleanup mono
[websockify wrapper] OnUnload
[Performance] WinEditorMain                                                                                                  :        1 samples, Peak.  2.56 s (1.0x), Avg.  2.56 s, Total. 2.559 s (0.3%)
[Performance] WinEditorMain.ConfigureCrashHandler                                                                            :        1 samples, Peak.  46.2 us (1.0x), Avg.  46.2 us, Total. 46.20 us (0.0%)
[Performance] WinEditorMain.CurlRequestInitialize                                                                            :        1 samples, Peak.  1.02 ms (1.0x), Avg.  1.02 ms, Total. 1.020 ms (0.0%)
[Performance] WinEditorMain.SetupLogFile                                                                                     :        1 samples, Peak.   813 us (1.0x), Avg.   813 us, Total. 813.0 us (0.0%)
[Performance] WinEditorMain.RunNativeTestsIfRequiredAndExit                                                                  :        1 samples, Peak.  1.00 us (1.0x), Avg.  1.00 us, Total. 1.000 us (0.0%)
[Performance] WinEditorMain.Licensing                                                                                        :        1 samples, Peak.  2.17 s (1.0x), Avg.  2.17 s, Total. 2.171 s (0.2%)
[Performance] WinEditorMain.InitializeCrashHandler                                                                           :        1 samples, Peak.  14.4 ms (1.0x), Avg.  14.4 ms, Total. 14.36 ms (0.0%)
[Performance] WinEditorMain.CreateApplication                                                                                :        1 samples, Peak.   548 us (1.0x), Avg.   548 us, Total. 548.5 us (0.0%)
[Performance] Application.InitializeProject                                                                                  :        1 samples, Peak.  48.8 s (1.0x), Avg.  48.8 s, Total. 48.80 s (5.6%)
[Performance] Application.PackageManager.StartServer                                                                         :        1 samples, Peak.   318 ms (1.0x), Avg.   318 ms, Total. 318.2 ms (0.0%)
[Performance] Application.AcquireProjectLock                                                                                 :        1 samples, Peak.  26.7 ms (1.0x), Avg.  26.7 ms, Total. 26.67 ms (0.0%)
[Performance] Application.InitializeEngineNoGraphics                                                                         :        1 samples, Peak.   138 ms (1.0x), Avg.   138 ms, Total. 138.3 ms (0.0%)
[Performance] Application.PackageManager.Initialize                                                                          :        1 samples, Peak.   791 ms (1.0x), Avg.   791 ms, Total. 790.9 ms (0.1%)
[Performance] Connecting to Package Manager                                                                                  :       80 samples, Peak.   136 us (21.9x), Avg.  6.22 us, Total. 497.7 us (0.0%)
[Performance] Application.EngineGraphics.Initialize                                                                          :        1 samples, Peak.  1.36 s (1.0x), Avg.  1.36 s, Total. 1.357 s (0.2%)
[Performance] Application.GI.Initialize                                                                                      :        1 samples, Peak.  27.4 ms (1.0x), Avg.  27.4 ms, Total. 27.38 ms (0.0%)
[Performance] Application.LoadAllDefaultResourcesFromEditor                                                                  :        1 samples, Peak.  2.16 ms (1.0x), Avg.  2.16 ms, Total. 2.163 ms (0.0%)
[Performance] Application.LoadMonoAssemblies                                                                                 :        1 samples, Peak.   961 ms (1.0x), Avg.   961 ms, Total. 961.2 ms (0.1%)
[Performance] RestoreManagedReferences                                                                                       :        2 samples, Peak.   228 ms (2.0x), Avg.   114 ms, Total. 228.1 ms (0.0%)
[Performance] InitializeOnLoad DrivenRectTransformUndo                                                                       :        2 samples, Peak.   841 us (1.1x), Avg.   760 us, Total. 1.521 ms (0.0%)
[Performance] InitializeOnLoad SceneSearch                                                                                   :        2 samples, Peak.   374 us (1.2x), Avg.   313 us, Total. 625.0 us (0.0%)
[Performance] InitializeOnLoad CloudBuild                                                                                    :        2 samples, Peak.  18.4 us (1.4x), Avg.  13.3 us, Total. 26.50 us (0.0%)
[Performance] InitializeOnLoad NativeFormatImporterUtility                                                                   :        2 samples, Peak.  6.63 ms (1.2x), Avg.  5.61 ms, Total. 11.21 ms (0.0%)
[Performance] InitializeOnLoad SearchService                                                                                 :        2 samples, Peak.   448 us (1.1x), Avg.   390 us, Total. 779.2 us (0.0%)
[Performance] InitializeOnLoad SettingsService                                                                               :        2 samples, Peak.  38.1 us (1.2x), Avg.  32.1 us, Total. 64.10 us (0.0%)
[Performance] InitializeOnLoad WindowLayout                                                                                  :        2 samples, Peak.  1.93 ms (1.2x), Avg.  1.65 ms, Total. 3.295 ms (0.0%)
[Performance] InitializeOnLoad AssetStoreContext                                                                             :        2 samples, Peak.  62.8 ms (1.1x), Avg.  56.1 ms, Total. 112.2 ms (0.0%)
[Performance] InitializeOnLoad PoolManager                                                                                   :        2 samples, Peak.  1.58 ms (1.1x), Avg.  1.44 ms, Total. 2.882 ms (0.0%)
[Performance] InitializeOnLoad MixerEffectDefinitionReloader                                                                 :        2 samples, Peak.  4.45 ms (1.0x), Avg.  4.33 ms, Total. 8.651 ms (0.0%)
[Performance] InitializeOnLoad ProjectSearch                                                                                 :        2 samples, Peak.   280 us (1.3x), Avg.   214 us, Total. 428.9 us (0.0%)
[Performance] InitializeOnLoad UISystemProfilerRenderService                                                                 :        2 samples, Peak.  26.5 us (1.1x), Avg.  23.4 us, Total. 46.80 us (0.0%)
[Performance] InitializeOnLoad EditMode                                                                                      :        2 samples, Peak.   929 us (1.1x), Avg.   847 us, Total. 1.694 ms (0.0%)
[Performance] InitializeOnLoad UnityConnect                                                                                  :        2 samples, Peak.   144 us (1.2x), Avg.   118 us, Total. 235.9 us (0.0%)
[Performance] InitializeOnLoad ManagedDebugger                                                                               :        2 samples, Peak.  1.00 ms (1.6x), Avg.   618 us, Total. 1.237 ms (0.0%)
[Performance] InitializeOnLoad ShortcutIntegration                                                                           :        2 samples, Peak.   160 us (1.3x), Avg.   128 us, Total. 255.1 us (0.0%)
[Performance] InitializeOnLoad AddComponentWindow                                                                            :        2 samples, Peak.   228 us (1.0x), Avg.   226 us, Total. 453.0 us (0.0%)
[Performance] InitializeOnLoad ManagedDebuggerWindow                                                                         :        2 samples, Peak.   285 us (1.1x), Avg.   268 us, Total. 536.3 us (0.0%)
[Performance] InitializeOnLoad CacheServerWindow                                                                             :        2 samples, Peak.  27.4 us (1.2x), Avg.  23.1 us, Total. 46.20 us (0.0%)
[Performance] InitializeOnLoad PlayModeDownload                                                                              :        2 samples, Peak.  9.49 ms (1.9x), Avg.  4.95 ms, Total. 9.895 ms (0.0%)
[Performance] InitializeOnLoad MenuItems                                                                                     :        2 samples, Peak.   292 us (1.3x), Avg.   225 us, Total. 450.7 us (0.0%)
[Performance] InitializeOnLoad PrefabInstanceChangedListener                                                                 :        2 samples, Peak.   442 us (1.3x), Avg.   335 us, Total. 670.8 us (0.0%)
[Performance] InitializeOnLoad ObjectSelectorSearch                                                                          :        2 samples, Peak.   398 us (1.5x), Avg.   274 us, Total. 547.5 us (0.0%)
[Performance] InitializeOnLoad EditorMonitor                                                                                 :        2 samples, Peak.  1.89 ms (1.3x), Avg.  1.44 ms, Total. 2.883 ms (0.0%)
[Performance] InitializeOnLoad RetainedMode                                                                                  :        2 samples, Peak.  6.98 ms (1.2x), Avg.  5.64 ms, Total. 11.29 ms (0.0%)
[Performance] InitializeOnLoad EditorShaderLoader                                                                            :        2 samples, Peak.  1.90 ms (1.2x), Avg.  1.60 ms, Total. 3.205 ms (0.0%)
[Performance] InitializeOnLoad EditorDelegateRegistration                                                                    :        2 samples, Peak.  1.73 ms (1.5x), Avg.  1.16 ms, Total. 2.322 ms (0.0%)
[Performance] InitializeOnLoad UIDocumentHierarchyWatcher                                                                    :        2 samples, Peak.   298 us (1.4x), Avg.   212 us, Total. 424.2 us (0.0%)
[Performance] InitializeOnLoad LiveReloadTrackerCreator                                                                      :        2 samples, Peak.   576 us (1.5x), Avg.   382 us, Total. 763.1 us (0.0%)
[Performance] InitializeOnLoad UxmlObjectEditorFactories                                                                     :        2 samples, Peak.  1.32 ms (1.4x), Avg.   939 us, Total. 1.878 ms (0.0%)
[Performance] InitializeOnLoad UXMLEditorFactories                                                                           :        2 samples, Peak.   201 ms (1.3x), Avg.   150 ms, Total. 300.9 ms (0.0%)
[Performance] InitializeOnLoad PurchasingService                                                                             :        2 samples, Peak.  14.8 ms (1.2x), Avg.  12.4 ms, Total. 24.72 ms (0.0%)
[Performance] InitializeOnLoad CloudBuildPoller                                                                              :        2 samples, Peak.   361 us (1.1x), Avg.   315 us, Total. 630.4 us (0.0%)
[Performance] InitializeOnLoad EditorGameServicesAnalytics                                                                   :        2 samples, Peak.  3.99 ms (1.6x), Avg.  2.52 ms, Total. 5.043 ms (0.0%)
[Performance] InitializeOnLoad AnalyticsService                                                                              :        2 samples, Peak.   526 us (1.2x), Avg.   425 us, Total. 850.9 us (0.0%)
[Performance] InitializeOnLoad BuildService                                                                                  :        2 samples, Peak.   437 us (1.1x), Avg.   389 us, Total. 778.2 us (0.0%)
[Performance] InitializeOnLoad AdsService                                                                                    :        2 samples, Peak.  1.14 ms (1.3x), Avg.   844 us, Total. 1.689 ms (0.0%)
[Performance] InitializeOnLoad UDPService                                                                                    :        2 samples, Peak.   353 us (1.1x), Avg.   334 us, Total. 668.4 us (0.0%)
[Performance] InitializeOnLoad CrashService                                                                                  :        2 samples, Peak.   407 us (1.0x), Avg.   390 us, Total. 779.7 us (0.0%)
[Performance] InitializeOnLoad ServicesRepository                                                                            :        2 samples, Peak.  3.90 us (1.4x), Avg.  2.85 us, Total. 5.700 us (0.0%)
[Performance] InitializeOnLoad SearchWindow                                                                                  :        2 samples, Peak.   361 us (1.1x), Avg.   332 us, Total. 664.7 us (0.0%)
[Performance] InitializeOnLoad CustomIndexers                                                                                :        2 samples, Peak.  32.7 ms (1.1x), Avg.  30.3 ms, Total. 60.57 ms (0.0%)
[Performance] InitializeOnLoad SearchMonitor                                                                                 :        2 samples, Peak.  2.87 ms (1.4x), Avg.  1.99 ms, Total. 3.983 ms (0.0%)
[Performance] InitializeOnLoad ParameterControllerEditor                                                                     :        2 samples, Peak.  45.7 us (1.2x), Avg.  37.4 us, Total. 74.80 us (0.0%)
[Performance] InitializeOnLoad LayerSettingsWindow                                                                           :        2 samples, Peak.  50.5 us (1.7x), Avg.  29.5 us, Total. 59.00 us (0.0%)
[Performance] InitializeOnLoad PackageManagerHookGUIDConverter.RegisterPackagesEventHandler                                  :        2 samples, Peak.   942 us (1.5x), Avg.   630 us, Total. 1.260 ms (0.0%)
[Performance] InitializeOnLoad EditorDragAndDrop.RegisterEditorClient                                                        :        2 samples, Peak.   781 us (1.5x), Avg.   515 us, Total. 1.031 ms (0.0%)
[Performance] InitializeOnLoad EditorEventCallbacks.InitializeFontAssetResourceChangeCallBacks                               :        2 samples, Peak.  2.38 ms (1.1x), Avg.  2.16 ms, Total. 4.318 ms (0.0%)
[Performance] InitializeOnLoad SceneTemplateService.Init                                                                     :        2 samples, Peak.  2.19 ms (1.2x), Avg.  1.76 ms, Total. 3.526 ms (0.0%)
[Performance] InitializeOnLoad DiagnosticSwitchesConsoleMessage.Init                                                         :        2 samples, Peak.  11.8 ms (1.7x), Avg.  6.78 ms, Total. 13.57 ms (0.0%)
[Performance] InitializeOnLoad MemoryProfilerCompilationGuard.InjectCompileGuard                                             :        2 samples, Peak.   266 us (1.0x), Avg.   264 us, Total. 528.4 us (0.0%)
[Performance] InitializeOnLoad EditorWindow.Initialize                                                                       :        2 samples, Peak.   941 us (1.4x), Avg.   650 us, Total. 1.301 ms (0.0%)
[Performance] InitializeOnLoad AssetPostprocessingInternal.RefreshCustomDependencies                                         :        2 samples, Peak.  6.37 ms (1.3x), Avg.  4.96 ms, Total. 9.917 ms (0.0%)
[Performance] InitializeOnLoad SysrootManager.Initialize                                                                     :        2 samples, Peak.  37.7 us (1.1x), Avg.  34.6 us, Total. 69.30 us (0.0%)
[Performance] InitializeOnLoad PackageManagerWindow.EditorInitializedInSafeMode                                              :        2 samples, Peak.  38.7 ms (2.0x), Avg.  19.7 ms, Total. 39.36 ms (0.0%)
[Performance] InitializeOnLoad ToolShortcutContext.Init                                                                      :        2 samples, Peak.   672 us (1.5x), Avg.   445 us, Total. 889.2 us (0.0%)
[Performance] InitializeOnLoad SceneVisibilityManager.Initialize                                                             :        2 samples, Peak.  8.21 ms (1.6x), Avg.  5.11 ms, Total. 10.23 ms (0.0%)
[Performance] InitializeOnLoad ScopedRegistryAddedPopup.SubscribeToRegistriesAdded                                           :        2 samples, Peak.  14.8 ms (2.0x), Avg.  7.55 ms, Total. 15.10 ms (0.0%)
[Performance] AssemblyReloadEvents.afterAssemblyReload: UnityEditor.SceneTemplate.SceneTemplateService.AfterAssemblyReload   :        2 samples, Peak.  8.22 ms (1.9x), Avg.  4.32 ms, Total. 8.638 ms (0.0%)
[Performance] ProcessService.EditorAfterLoadAllAssemblies                                                                    :        2 samples, Peak.   984 us (1.4x), Avg.   687 us, Total. 1.375 ms (0.0%)
[Performance] Application.ReadLicenseInfo                                                                                    :        1 samples, Peak.  19.0 ms (1.0x), Avg.  19.0 ms, Total. 19.04 ms (0.0%)
[Performance] Application.InitialRefresh                                                                                     :        1 samples, Peak.  41.8 s (1.0x), Avg.  41.8 s, Total. 41.80 s (4.8%)
[Performance] Compiling Scripts                                                                                              :        1 samples, Peak.  26.1 s (1.0x), Avg.  26.1 s, Total. 26.08 s (3.0%)
[Performance] AssemblyReloadEvents.beforeAssemblyReload: UnityEditor.SceneTemplate.SceneTemplateService.BeforeAssemblyReload :        1 samples, Peak.  1.08 ms (1.0x), Avg.  1.08 ms, Total. 1.082 ms (0.0%)
[Performance] InitializeOnLoad BurstLoader                                                                                   :        1 samples, Peak.  3.99 s (1.0x), Avg.  3.99 s, Total. 3.995 s (0.5%)
[Performance] InitializeOnLoad ShadowCasterGroup2DManager                                                                    :        1 samples, Peak.   328 us (1.0x), Avg.   328 us, Total. 328.2 us (0.0%)
[Performance] InitializeOnLoad CanvasesAndTheirOwners                                                                        :        1 samples, Peak.   739 us (1.0x), Avg.   739 us, Total. 738.8 us (0.0%)
[Performance] InitializeOnLoad EditorInitialize                                                                              :        4 samples, Peak.  38.8 ms (3.4x), Avg.  11.5 ms, Total. 45.86 ms (0.0%)
[Performance] InitializeOnLoad OnDomainReload                                                                                :        1 samples, Peak.  1.07 ms (1.0x), Avg.  1.07 ms, Total. 1.074 ms (0.0%)
[Performance] InitializeOnLoad WXExtDef                                                                                      :        1 samples, Peak.  4.83 ms (1.0x), Avg.  4.83 ms, Total. 4.828 ms (0.0%)
[Performance] InitializeOnLoad WXSettingsHelperInterface                                                                     :        1 samples, Peak.  1.34 ms (1.0x), Avg.  1.34 ms, Total. 1.343 ms (0.0%)
[Performance] InitializeOnLoad WXPlayableSettingsHelperInterface                                                             :        1 samples, Peak.   485 us (1.0x), Avg.   485 us, Total. 485.1 us (0.0%)
[Performance] InitializeOnLoad PrefabLayoutRebuilder                                                                         :        1 samples, Peak.   806 us (1.0x), Avg.   806 us, Total. 805.8 us (0.0%)
[Performance] InitializeOnLoad CustomImporter                                                                                :        1 samples, Peak.  12.1 us (1.0x), Avg.  12.1 us, Total. 12.10 us (0.0%)
[Performance] InitializeOnLoad ProbeGIBaking                                                                                 :        1 samples, Peak.  5.04 ms (1.0x), Avg.  5.04 ms, Total. 5.042 ms (0.0%)
[Performance] InitializeOnLoad FilterWindow                                                                                  :        1 samples, Peak.   107 us (1.0x), Avg.   107 us, Total. 107.4 us (0.0%)
[Performance] InitializeOnLoad RealtimeProbeSubdivisionDebug                                                                 :        1 samples, Peak.   206 us (1.0x), Avg.   206 us, Total. 205.8 us (0.0%)
[Performance] InitializeOnLoad CinemachineEditorAnalytics                                                                    :        1 samples, Peak.   294 us (1.0x), Avg.   294 us, Total. 293.6 us (0.0%)
[Performance] InitializeOnLoad CinemachineStoryboardMute                                                                     :        1 samples, Peak.   407 us (1.0x), Avg.   407 us, Total. 407.4 us (0.0%)
[Performance] InitializeOnLoad SaveDuringPlay                                                                                :        1 samples, Peak.   223 us (1.0x), Avg.   223 us, Total. 223.3 us (0.0%)
[Performance] InitializeOnLoad SyncCacheEnabledSetting                                                                       :        1 samples, Peak.  1.29 ms (1.0x), Avg.  1.29 ms, Total. 1.292 ms (0.0%)
[Performance] InitializeOnLoad CinemachineScreenComposerGuidesGlobalDraggable                                                :        1 samples, Peak.   504 us (1.0x), Avg.   504 us, Total. 503.9 us (0.0%)
[Performance] InitializeOnLoad CinemachineSettings                                                                           :        1 samples, Peak.  9.29 ms (1.0x), Avg.  9.29 ms, Total. 9.291 ms (0.0%)
[Performance] InitializeOnLoad CollectGizmoDrawers                                                                           :        1 samples, Peak.  64.6 ms (1.0x), Avg.  64.6 ms, Total. 64.57 ms (0.0%)
[Performance] InitializeOnLoad CreatePipelineWithUndo                                                                        :        1 samples, Peak.   476 us (1.0x), Avg.   476 us, Total. 475.5 us (0.0%)
[Performance] InitializeOnLoad CinemachineColliderPrefs                                                                      :        1 samples, Peak.   246 us (1.0x), Avg.   246 us, Total. 246.4 us (0.0%)
[Performance] InitializeOnLoad CreateRigWithUndo                                                                             :        1 samples, Peak.   522 us (1.0x), Avg.   522 us, Total. 521.7 us (0.0%)
[Performance] InitializeOnLoad AllIn1ShaderImporter                                                                          :        1 samples, Peak.  1.16 s (1.0x), Avg.  1.16 s, Total. 1.158 s (0.1%)
[Performance] InitializeOnLoad BackgroundWatcher                                                                             :        1 samples, Peak.   408 us (1.0x), Avg.   408 us, Total. 408.4 us (0.0%)
[Performance] InitializeOnLoad UnityTestProtocolStarter                                                                      :        1 samples, Peak.   545 us (1.0x), Avg.   545 us, Total. 545.4 us (0.0%)
[Performance] InitializeOnLoad TestStarter                                                                                   :        1 samples, Peak.  1.60 ms (1.0x), Avg.  1.60 ms, Total. 1.604 ms (0.0%)
[Performance] InitializeOnLoad RerunCallbackInitializer                                                                      :        1 samples, Peak.  9.62 ms (1.0x), Avg.  9.62 ms, Total. 9.621 ms (0.0%)
[Performance] InitializeOnLoad RiderScriptEditor                                                                             :        1 samples, Peak.  19.5 ms (1.0x), Avg.  19.5 ms, Total. 19.53 ms (0.0%)
[Performance] InitializeOnLoad CallbackInitializer                                                                           :        1 samples, Peak.  4.41 ms (1.0x), Avg.  4.41 ms, Total. 4.410 ms (0.0%)
[Performance] InitializeOnLoad SpriteEditorWindow                                                                            :        1 samples, Peak.  1.51 ms (1.0x), Avg.  1.51 ms, Total. 1.512 ms (0.0%)
[Performance] InitializeOnLoad CoverageReporterStarter                                                                       :        1 samples, Peak.  10.1 ms (1.0x), Avg.  10.1 ms, Total. 10.05 ms (0.0%)
[Performance] InitializeOnLoad PlasticPlugin                                                                                 :        1 samples, Peak.   213 ms (1.0x), Avg.   213 ms, Total. 212.8 ms (0.0%)
[Performance] InitializeOnLoad ToolbarBootstrap                                                                              :        1 samples, Peak.  64.2 ms (1.0x), Avg.  64.2 ms, Total. 64.21 ms (0.0%)
[Performance] InitializeOnLoad VSCodeScriptEditor                                                                            :        1 samples, Peak.  4.42 ms (1.0x), Avg.  4.42 ms, Total. 4.419 ms (0.0%)
[Performance] InitializeOnLoad NodeClassCache                                                                                :        1 samples, Peak.  20.2 us (1.0x), Avg.  20.2 us, Total. 20.20 us (0.0%)
[Performance] InitializeOnLoad ShaderGraphMaterialsUpdater                                                                   :        2 samples, Peak.   723 us (1.6x), Avg.   455 us, Total. 909.4 us (0.0%)
[Performance] InitializeOnLoad Renderer2DAnalytics                                                                           :        1 samples, Peak.   171 us (1.0x), Avg.   171 us, Total. 170.6 us (0.0%)
[Performance] InitializeOnLoad EditorToolManager                                                                             :        1 samples, Peak.  4.29 ms (1.0x), Avg.  4.29 ms, Total. 4.286 ms (0.0%)
[Performance] InitializeOnLoad VSUsageUtility                                                                                :        1 samples, Peak.  54.9 ms (1.0x), Avg.  54.9 ms, Total. 54.86 ms (0.0%)
[Performance] InitializeOnLoad VisualStudioEditor                                                                            :        1 samples, Peak.  11.1 ms (1.0x), Avg.  11.1 ms, Total. 11.06 ms (0.0%)
[Performance] InitializeOnLoad TestRunnerApiListener                                                                         :        1 samples, Peak.  1.48 ms (1.0x), Avg.  1.48 ms, Total. 1.480 ms (0.0%)
[Performance] InitializeOnLoad VisualStudioIntegration                                                                       :        1 samples, Peak.  1.95 ms (1.0x), Avg.  1.95 ms, Total. 1.952 ms (0.0%)
[Performance] InitializeOnLoad UIPanelMonitor.StartInitializeOnLoadMethod                                                    :        1 samples, Peak.  2.65 ms (1.0x), Avg.  2.65 ms, Total. 2.645 ms (0.0%)
[Performance] InitializeOnLoad $BurstDirectCallInitializer.Initialize                                                        :        2 samples, Peak.  18.5 ms (1.5x), Avg.  12.3 ms, Total. 24.64 ms (0.0%)
[Performance] InitializeOnLoad MemoryProfilerSettings.RuntimeInitialize                                                      :        1 samples, Peak.  2.35 ms (1.0x), Avg.  2.35 ms, Total. 2.353 ms (0.0%)
[Performance] InitializeOnLoad EditorGUICompatibilityHelper.RuntimeInitialize                                                :        1 samples, Peak.  7.90 ms (1.0x), Avg.  7.90 ms, Total. 7.897 ms (0.0%)
[Performance] InitializeOnLoad VisualStudioEditor.LegacyVisualStudioCodePackageDisabler                                      :        1 samples, Peak.  6.98 ms (1.0x), Avg.  6.98 ms, Total. 6.981 ms (0.0%)
[Performance] InitializeOnLoad MaterialReimporter.RegisterUpgraderReimport                                                   :        2 samples, Peak.   940 us (1.7x), Avg.   539 us, Total. 1.078 ms (0.0%)
[Performance] InitializeOnLoad MemoryProfilerModuleOverride.InitializeOverride                                               :        1 samples, Peak.  1.01 ms (1.0x), Avg.  1.01 ms, Total. 1.013 ms (0.0%)
[Performance] InitializeOnLoad MetadataInjector.EditorInitMetadata                                                           :        1 samples, Peak.   663 us (1.0x), Avg.   663 us, Total. 662.9 us (0.0%)
[Performance] InitializeOnLoad PlayerLoopHelper.InitOnEditor                                                                 :        1 samples, Peak.  15.5 ms (1.0x), Avg.  15.5 ms, Total. 15.49 ms (0.0%)
[Performance] InitializeOnLoad TestJobDataHolder.ResumeRunningJobs                                                           :        1 samples, Peak.  3.97 ms (1.0x), Avg.  3.97 ms, Total. 3.972 ms (0.0%)
[Performance] InitializeOnLoad AnalyticsReporter.RegisterCallbacks                                                           :        1 samples, Peak.  1.61 ms (1.0x), Avg.  1.61 ms, Total. 1.607 ms (0.0%)
[Performance] InitializeOnLoad DebugManagerWindowLifetimeAnalytic.SubscribeToDebugManagerOpenCloseWindows                    :        1 samples, Peak.  1.62 ms (1.0x), Avg.  1.62 ms, Total. 1.619 ms (0.0%)
[Performance] InitializeOnLoad CoreRenderPipelinePreferences.InitPreferenceProviders                                         :        1 samples, Peak.  95.8 ms (1.0x), Avg.  95.8 ms, Total. 95.83 ms (0.0%)
[Performance] InitializeOnLoad VolumeGizmoDrawer.InitVolumeGizmoCallbacks                                                    :        1 samples, Peak.   888 us (1.0x), Avg.   888 us, Total. 887.7 us (0.0%)
[Performance] InitializeOnLoad CinemachineSettings.OnPackageLoadedInEditor                                                   :        1 samples, Peak.   412 us (1.0x), Avg.   412 us, Total. 411.6 us (0.0%)
[Performance] DidReloadScriptsCinemachineExtension.OnScriptReload                                                            :        1 samples, Peak.   335 us (1.0x), Avg.   335 us, Total. 335.4 us (0.0%)
[Performance] DidReloadScriptsCinemachineVirtualCameraBase.OnScriptReload                                                    :        1 samples, Peak.   288 us (1.0x), Avg.   288 us, Total. 287.6 us (0.0%)
[Performance] DidReloadScriptsTestRunnerWindow.CompilationCallback                                                           :        1 samples, Peak.   982 us (1.0x), Avg.   982 us, Total. 982.4 us (0.0%)
[Performance] DidReloadScriptsTestListCache.ScriptReloaded                                                                   :        1 samples, Peak.  4.17 ms (1.0x), Avg.  4.17 ms, Total. 4.174 ms (0.0%)
[Performance] DidReloadScriptsLookDev.OnEditorReload                                                                         :        1 samples, Peak.   556 us (1.0x), Avg.   556 us, Total. 556.3 us (0.0%)
[Performance] DidReloadScriptsDebugWindow.OnEditorReload                                                                     :        1 samples, Peak.  16.7 ms (1.0x), Avg.  16.7 ms, Total. 16.74 ms (0.0%)
[Performance] DidReloadScriptsVolumeComponentEditor.OnEditorReload                                                           :        1 samples, Peak.  44.4 ms (1.0x), Avg.  44.4 ms, Total. 44.44 ms (0.0%)
[Performance] DidReloadScriptsAdvancedDropdownWindow.OnScriptReload                                                          :        1 samples, Peak.   536 us (1.0x), Avg.   536 us, Total. 536.4 us (0.0%)
[Performance] UniversalRenderPipelineGlobalSettingsPostprocessor.OnPostprocessAllAssets                                      :       14 samples, Peak.  2.74 ms (7.1x), Avg.   386 us, Total. 5.400 ms (0.0%)
[Performance] SyncVS.PostprocessSyncProject                                                                                  :        7 samples, Peak.   369 us (2.1x), Avg.   177 us, Total. 1.242 ms (0.0%)
[Performance] Application.ImportPackagesAndSetTemplateWhenCreatingProject                                                    :        1 samples, Peak.  14.8 ms (1.0x), Avg.  14.8 ms, Total. 14.81 ms (0.0%)
[Performance] Application.SyncCurrentColorSpace                                                                              :        1 samples, Peak.   456 ms (1.0x), Avg.   456 ms, Total. 455.7 ms (0.1%)
[Performance] Application.OnUsbDevicesChanged                                                                                :        1 samples, Peak.  14.3 ms (1.0x), Avg.  14.3 ms, Total. 14.26 ms (0.0%)
[Performance] Application.AssetInstanceCacheUpdate                                                                           :        1 samples, Peak.   500 ns (1.0x), Avg.   500 ns, Total. 500.0 ns (0.0%)
[Performance] Application.UnityExtensions.Initialize                                                                         :        1 samples, Peak.  15.7 ms (1.0x), Avg.  15.7 ms, Total. 15.68 ms (0.0%)
[Performance] CodeEditorProjectSync.SyncEditorProject                                                                        :        1 samples, Peak.   753 us (1.0x), Avg.   753 us, Total. 753.1 us (0.0%)
[Performance] Application.ExecuteStartups                                                                                    :        1 samples, Peak.   143 ms (1.0x), Avg.   143 ms, Total. 143.1 ms (0.0%)
[Performance] Menu.RegisterMenuInterface                                                                                     :       26 samples, Peak.  4.00 us (7.9x), Avg.   504 ns, Total. 13.10 us (0.0%)
[Performance] Gizmo.RebuildRenderers                                                                                         :        2 samples, Peak.   138 ms (1.6x), Avg.  86.6 ms, Total. 173.2 ms (0.0%)
[Performance] Gizmo.AddGizmoRenderers                                                                                        :      252 samples, Peak.  4.83 ms (85.1x), Avg.  56.7 us, Total. 14.28 ms (0.0%)
[Performance] Application.editorInitializingProject                                                                          :        1 samples, Peak.  1.32 s (1.0x), Avg.  1.32 s, Total. 1.320 s (0.2%)
[Performance] Application.InitializeMenu                                                                                     :        1 samples, Peak.   269 ms (1.0x), Avg.   269 ms, Total. 269.2 ms (0.0%)
[Performance] Menu.RebuildAll                                                                                                :        1 samples, Peak.   269 ms (1.0x), Avg.   269 ms, Total. 269.2 ms (0.0%)
[Performance] Menu.BuildRegisteredMenuInterfaces                                                                             :        1 samples, Peak.   263 ms (1.0x), Avg.   263 ms, Total. 263.2 ms (0.0%)
[Performance] Menu.FilterMenuItem                                                                                            :      930 samples, Peak.   167 ms (919.5x), Avg.   181 us, Total. 168.6 ms (0.0%)
[Performance] UpdateAllMenus                                                                                                 :        1 samples, Peak.  1.26 ms (1.0x), Avg.  1.26 ms, Total. 1.256 ms (0.0%)
[Performance] Menu.RebuildOSMainMenu                                                                                         :        2 samples, Peak.  4.16 ms (1.0x), Avg.  4.12 ms, Total. 8.239 ms (0.0%)
[Performance] EditorSceneManager.sceneClosing: UnityEditor.SceneVisibilityManager.EditorSceneManagerOnSceneClosing           :        5 samples, Peak.   711 us (4.9x), Avg.   146 us, Total. 731.5 us (0.0%)
[Performance] GUIView.RepaintAll.PlayerLoopController                                                                        :        4 samples, Peak.  3.20 us (1.4x), Avg.  2.22 us, Total. 8.900 us (0.0%)
[Performance] EditorSceneManager.newSceneCreated: UnityEditor.SceneTemplate.SceneTemplateService.OnNewSceneCreated           :        3 samples, Peak.   629 us (3.0x), Avg.   212 us, Total. 637.1 us (0.0%)
[Performance] EditorSceneManager.newSceneCreated: UnityEditor.SceneVisibilityManager.EditorSceneManagerOnNewSceneCreated     :        3 samples, Peak.   673 us (2.7x), Avg.   246 us, Total. 737.8 us (0.0%)
[Performance] EditorSceneManager.newSceneCreated: UnityEditor.SceneManagement.StageNavigationManager.OnNewSceneCreated       :        3 samples, Peak.   241 us (2.9x), Avg.  82.3 us, Total. 246.8 us (0.0%)
[Performance] Application.InvokeFinishedLoadingProject                                                                       :        1 samples, Peak.  35.3 ms (1.0x), Avg.  35.3 ms, Total. 35.26 ms (0.0%)
[Performance] ProcessService.OnProjectLoaded                                                                                 :        1 samples, Peak.   256 us (1.0x), Avg.   256 us, Total. 255.5 us (0.0%)
[Performance] VersionControl.Task.Wait                                                                                       :        1 samples, Peak.  17.5 us (1.0x), Avg.  17.5 us, Total. 17.50 us (0.0%)
[Performance] AssetDatabase.Refresh                                                                                          :        5 samples, Peak.   101 ms (3.0x), Avg.  34.0 ms, Total. 169.9 ms (0.0%)
[Performance] AssetDatabase.ImportAsset                                                                                      :        4 samples, Peak.   376 ms (1.2x), Avg.   313 ms, Total. 1.250 s (0.1%)
[Performance] PresetManagerPostProcessor.OnPreprocessAsset                                                                   :       13 samples, Peak.   527 us (6.0x), Avg.  87.3 us, Total. 1.135 ms (0.0%)
[Performance] CancelSplashScreenOnAssetChange.OnPreprocessAsset                                                              :       13 samples, Peak.   247 us (11.0x), Avg.  22.5 us, Total. 292.1 us (0.0%)
[Performance] ShaderGraphAssetPostProcessor.OnPreprocessAsset                                                                :       13 samples, Peak.   392 us (10.8x), Avg.  36.2 us, Total. 470.7 us (0.0%)
[Performance] AssetDatabase.ImportAssets                                                                                     :       12 samples, Peak.   245 ms (7.0x), Avg.  35.0 ms, Total. 419.4 ms (0.0%)
[Performance] UtilityWindowPostProcessor.OnPostprocessAllAssets                                                              :       12 samples, Peak.  1.21 ms (5.5x), Avg.   219 us, Total. 2.625 ms (0.0%)
[Performance] TMPro_TexturePostProcessor.OnPostprocessAllAssets                                                              :       12 samples, Peak.   547 us (4.8x), Avg.   115 us, Total. 1.375 ms (0.0%)
[Performance] AssetPostprocessor.OnPostprocessAllAssets                                                                      :       12 samples, Peak.  1.15 ms (5.9x), Avg.   195 us, Total. 2.342 ms (0.0%)
[Performance] BuilderAssetPostprocessor.OnPostprocessAllAssets                                                               :       12 samples, Peak.  3.88 ms (5.6x), Avg.   695 us, Total. 8.346 ms (0.0%)
[Performance] ArtifactBrowserPostProcessor.OnPostprocessAllAssets                                                            :       12 samples, Peak.   770 us (5.8x), Avg.   132 us, Total. 1.582 ms (0.0%)
[Performance] AssetEvents.OnPostprocessAllAssets                                                                             :       24 samples, Peak.   421 us (9.4x), Avg.  44.6 us, Total. 1.071 ms (0.0%)
[Performance] AudioMixerPostprocessor.OnPostprocessAllAssets                                                                 :       12 samples, Peak.   407 us (5.8x), Avg.  70.0 us, Total. 840.3 us (0.0%)
[Performance] StyleCatalogPostProcessor.OnPostprocessAllAssets                                                               :       12 samples, Peak.  26.7 ms (6.0x), Avg.  4.47 ms, Total. 53.58 ms (0.0%)
[Performance] BuildCatalog                                                                                                   :        1 samples, Peak.  25.2 ms (1.0x), Avg.  25.2 ms, Total. 25.24 ms (0.0%)
[Performance] ModelImporterPostProcessor.OnPostprocessAllAssets                                                              :       12 samples, Peak.  2.09 ms (5.6x), Avg.   373 us, Total. 4.478 ms (0.0%)
[Performance] MaterialPostprocessor.OnPostprocessAllAssets                                                                   :       24 samples, Peak.  1.36 ms (6.2x), Avg.   219 us, Total. 5.262 ms (0.0%)
[Performance] RetainedModeAssetPostprocessor.OnPostprocessAllAssets                                                          :       12 samples, Peak.  3.38 ms (5.8x), Avg.   581 us, Total. 6.976 ms (0.0%)
[Performance] AssetChangedListener.OnPostprocessAllAssets                                                                    :       12 samples, Peak.  2.79 ms (4.4x), Avg.   628 us, Total. 7.542 ms (0.0%)
[Performance] PostProcessor.OnPostprocessAllAssets                                                                           :       12 samples, Peak.   340 us (3.9x), Avg.  87.3 us, Total. 1.048 ms (0.0%)
[Performance] ShaderGraphAssetPostProcessor.OnPostprocessAllAssets                                                           :       12 samples, Peak.  2.03 ms (3.8x), Avg.   533 us, Total. 6.393 ms (0.0%)
[Performance] SpeedTreePostProcessor.OnPostprocessAllAssets                                                                  :       12 samples, Peak.   292 us (4.4x), Avg.  65.7 us, Total. 788.7 us (0.0%)
[Performance] TextAssetPostProcessor.OnPostprocessAllAssets                                                                  :       12 samples, Peak.   606 us (5.1x), Avg.   118 us, Total. 1.413 ms (0.0%)
[Performance] SpriteEditorTexturePostprocessor.OnPostprocessAllAssets                                                        :       12 samples, Peak.   488 us (4.0x), Avg.   123 us, Total. 1.476 ms (0.0%)
[Performance] StateMacroSavedEvent.OnWillSaveAssets                                                                          :        3 samples, Peak.   595 us (2.5x), Avg.   242 us, Total. 726.9 us (0.0%)
[Performance] FlowMacroSavedEvent.OnWillSaveAssets                                                                           :        3 samples, Peak.   598 us (2.9x), Avg.   207 us, Total. 622.3 us (0.0%)
[Performance] AssetModificationProcessor.OnWillSaveAssets                                                                    :        3 samples, Peak.  1.10 ms (3.0x), Avg.   366 us, Total. 1.099 ms (0.0%)
[Performance] UnityCloudProjectLinkMonitor.OnWillSaveAssets                                                                  :        3 samples, Peak.  1.25 ms (3.0x), Avg.   419 us, Total. 1.256 ms (0.0%)
[Performance] BuilderAssetModificationProcessor.OnWillSaveAssets                                                             :        3 samples, Peak.  1.08 ms (3.0x), Avg.   362 us, Total. 1.086 ms (0.0%)
[Performance] TerrainModificationProcessor.OnWillSaveAssets                                                                  :        3 samples, Peak.  1.45 ms (3.0x), Avg.   486 us, Total. 1.458 ms (0.0%)
[Performance] Inspector.InitOrRebuild                                                                                        :        3 samples, Peak.   863 us (1.5x), Avg.   584 us, Total. 1.752 ms (0.0%)
[Performance] GenerateAssemblyTypeInfos                                                                                      :        2 samples, Peak.  67.6 ms (1.3x), Avg.  52.3 ms, Total. 104.6 ms (0.0%)
[Performance] EditorSceneManager.sceneOpened: UnityEditor.SceneTemplate.SceneTemplateService.OnSceneOpened                   :        1 samples, Peak.   425 us (1.0x), Avg.   425 us, Total. 424.7 us (0.0%)
[Performance] EditorSceneManager.sceneOpened: UnityEditor.SceneVisibilityManager.EditorSceneManagerOnSceneOpened             :        1 samples, Peak.   370 us (1.0x), Avg.   370 us, Total. 370.4 us (0.0%)
[Performance] EditorSceneManager.sceneOpened: UnityEditor.SceneManagement.StageNavigationManager.OnSceneOpened               :        1 samples, Peak.   129 us (1.0x), Avg.   129 us, Total. 128.7 us (0.0%)
[Performance] TimelineAnalyticsProcess.OnProcessScene                                                                        :        1 samples, Peak.  3.51 ms (1.0x), Avg.  3.51 ms, Total. 3.507 ms (0.0%)
[Performance] UnityBuildPostprocessor.OnProcessScene                                                                         :        1 samples, Peak.   785 us (1.0x), Avg.   785 us, Total. 784.7 us (0.0%)
[Performance] EditorApplication.quitting: Unity.Burst.Editor.BurstLoader.OnEditorApplicationQuitting                         :        1 samples, Peak.  29.3 us (1.0x), Avg.  29.3 us, Total. 29.30 us (0.0%)
[Performance] EditorApplication.quitting: AllIn1ShaderImporter.Quit                                                          :        1 samples, Peak.   358 us (1.0x), Avg.   358 us, Total. 357.5 us (0.0%)
[Performance] EditorApplication.quitting: UnityEditor.SettingsManagement.FileSettingsRepository.Save                         :        1 samples, Peak.  1.93 ms (1.0x), Avg.  1.93 ms, Total. 1.934 ms (0.0%)
[Performance] EditorApplication.quitting: callback in UnityEditor.TextCore.Text.EditorEventCallbacks                         :        1 samples, Peak.  46.6 ms (1.0x), Avg.  46.6 ms, Total. 46.55 ms (0.0%)
[Performance] EditorApplication.quitting: UnityEditor.WebGL.WebsockifyEditorWrapper.Kill                                     :        1 samples, Peak.  2.88 ms (1.0x), Avg.  2.88 ms, Total. 2.884 ms (0.0%)
[Performance] Application.Shutdown.PauseProfilerSession                                                                      :        1 samples, Peak.  61.3 us (1.0x), Avg.  61.3 us, Total. 61.30 us (0.0%)
[Performance] Application.Shutdown.PauseAssetImportWorkers                                                                   :        1 samples, Peak.   603 us (1.0x), Avg.   603 us, Total. 603.1 us (0.0%)
[Performance] Application.Shutdown.SaveAssets                                                                                :        1 samples, Peak.  11.4 ms (1.0x), Avg.  11.4 ms, Total. 11.35 ms (0.0%)
[Performance] Application.Shutdown.CleanupRenderPipeline                                                                     :        1 samples, Peak.  15.8 us (1.0x), Avg.  15.8 us, Total. 15.80 us (0.0%)
[Performance] Application.Shutdown.StopPreloadManager                                                                        :        1 samples, Peak.  9.75 ms (1.0x), Avg.  9.75 ms, Total. 9.753 ms (0.0%)
[Performance] Application.Shutdown.DestroyWorld                                                                              :        1 samples, Peak.  1.49 ms (1.0x), Avg.  1.49 ms, Total. 1.492 ms (0.0%)
[Performance] Application.Shutdown.CleanupAfterLoad                                                                          :        1 samples, Peak.   308 ms (1.0x), Avg.   308 ms, Total. 308.2 ms (0.0%)
[Performance] Application.Shutdown.Progress                                                                                  :        1 samples, Peak.  11.8 us (1.0x), Avg.  11.8 us, Total. 11.80 us (0.0%)
[Performance] Application.Shutdown.GICleanupManagers                                                                         :        1 samples, Peak.   971 us (1.0x), Avg.   971 us, Total. 970.8 us (0.0%)
[Performance] Application.Shutdown.MenuCleanupClass                                                                          :        1 samples, Peak.   340 us (1.0x), Avg.   340 us, Total. 340.4 us (0.0%)
[Performance] Application.Shutdown.ADBSaveStateBeforeShutdown                                                                :        1 samples, Peak.  11.8 us (1.0x), Avg.  11.8 us, Total. 11.80 us (0.0%)
[Performance] Application.Shutdown.RemoteShutdown                                                                            :        1 samples, Peak.  2.20 us (1.0x), Avg.  2.20 us, Total. 2.200 us (0.0%)
[Performance] Application.Shutdown.CleanupVCProvider                                                                         :        1 samples, Peak.  12.2 us (1.0x), Avg.  12.2 us, Total. 12.20 us (0.0%)
[Performance] Application.Shutdown.InputShutdown                                                                             :        1 samples, Peak.   800 ns (1.0x), Avg.   800 ns, Total. 800.0 ns (0.0%)
[Performance] Application.Shutdown.GizmoManagerDestroy                                                                       :        1 samples, Peak.   876 us (1.0x), Avg.   876 us, Total. 876.0 us (0.0%)
[Performance] Application.Shutdown.ProfilerSession                                                                           :        1 samples, Peak.   197 us (1.0x), Avg.   197 us, Total. 197.4 us (0.0%)
[Performance] Application.Shutdown.ReleaseGfxWindowOnAllGUIViews                                                             :        1 samples, Peak.   600 ns (1.0x), Avg.   600 ns, Total. 600.0 ns (0.0%)
[Performance] Application.Shutdown.CleanupEngine                                                                             :        1 samples, Peak.   115 ms (1.0x), Avg.   115 ms, Total. 114.7 ms (0.0%)
[Performance] Application.Shutdown.CleanupAssetDatabase                                                                      :        1 samples, Peak.  29.4 ms (1.0x), Avg.  29.4 ms, Total. 29.41 ms (0.0%)
[Performance] Application.Shutdown.ScriptCompilationCleanUp                                                                  :        1 samples, Peak.  57.0 ms (1.0x), Avg.  57.0 ms, Total. 56.98 ms (0.0%)
[Performance] Application.Shutdown.DestroyJobSystem                                                                          :        1 samples, Peak.   187 us (1.0x), Avg.   187 us, Total. 187.4 us (0.0%)
[Performance] Application.Shutdown.CleanupPersistentManager                                                                  :        1 samples, Peak.  1.99 ms (1.0x), Avg.  1.99 ms, Total. 1.986 ms (0.0%)
[Performance] Application.Shutdown.CleanupAsyncReadManager                                                                   :        1 samples, Peak.   445 us (1.0x), Avg.   445 us, Total. 445.4 us (0.0%)
[Performance] Application.Shutdown.CleanupProgressBar                                                                        :        1 samples, Peak.   600 ns (1.0x), Avg.   600 ns, Total. 600.0 ns (0.0%)
[Performance] Application.Shutdown.CleanupMono                                                                               :        1 samples, Peak.   234 ms (1.0x), Avg.   234 ms, Total. 233.6 ms (0.0%)
[Performance] Application.Shutdown.CleanupStdConverters                                                                      :        1 samples, Peak.  17.0 us (1.0x), Avg.  17.0 us, Total. 17.00 us (0.0%)
[Performance] Application.Shutdown.UnloadAllPlatformSupportModuleNativeDlls                                                  :        1 samples, Peak.   900 ns (1.0x), Avg.   900 ns, Total. 900.0 ns (0.0%)
[Performance] Application.Shutdown.UnloadAllPlatformSupportNativeLibraries                                                   :        1 samples, Peak. 100.0 ns (1.0x), Avg. 100.0 ns, Total. 100.00 ns (0.0%)
[Performance] Application.Shutdown.CleanupAutoDocumentation                                                                  :        1 samples, Peak.   572 us (1.0x), Avg.   572 us, Total. 571.8 us (0.0%)
[Performance] Application.Shutdown.ShaderNameManagerDestroy                                                                  :        1 samples, Peak.  78.5 us (1.0x), Avg.  78.5 us, Total. 78.50 us (0.0%)
[Performance] Application.Shutdown.CleanupCacheServer                                                                        :        1 samples, Peak.   200 ns (1.0x), Avg.   200 ns, Total. 200.0 ns (0.0%)
[Performance] Application.Shutdown.Virtualization_Shutdown                                                                   :        1 samples, Peak.   500 ns (1.0x), Avg.   500 ns, Total. 500.0 ns (0.0%)
[Performance] Application.Shutdown.DevConnections                                                                            :        1 samples, Peak.   200 us (1.0x), Avg.   200 us, Total. 200.3 us (0.0%)
Exiting batchmode successfully now!
Exiting without the bug reporter. Application will terminate with return code 0